{"type":"Topology","objects":{"admin1_lines":{"type":"GeometryCollection","geometries":[{"type":"MultiLineString","arcs":[[0],[1],[2]]},{"type":"LineString","arcs":[3]},{"type":"LineString","arcs":[4]},{"type":"MultiLineString","arcs":[[5],[6],[7]]},{"type":"LineString","arcs":[8]},{"type":"LineString","arcs":[9]},{"type":"LineString","arcs":[10]},{"type":"LineString","arcs":[11]},{"type":"LineString","arcs":[12]},{"type":"LineString","arcs":[13]},{"type":"LineString","arcs":[14]},{"type":"LineString","arcs":[15]},{"type":"LineString","arcs":[16]},{"type":"LineString","arcs":[17]},{"type":"LineString","arcs":[18]},{"type":"LineString","arcs":[19]},{"type":"LineString","arcs":[20]},{"type":"LineString","arcs":[21]},{"type":"LineString","arcs":[22]},{"type":"LineString","arcs":[23]},{"type":"LineString","arcs":[24]},{"type":"LineString","arcs":[25]},{"type":"LineString","arcs":[26]},{"type":"LineString","arcs":[27]},{"type":"LineString","arcs":[28]},{"type":"LineString","arcs":[29]},{"type":"LineString","arcs":[30]},{"type":"LineString","arcs":[31]},{"type":"LineString","arcs":[32]},{"type":"LineString","arcs":[33]},{"type":"LineString","arcs":[34]},{"type":"LineString","arcs":[35]},{"type":"LineString","arcs":[36]},{"type":"LineString","arcs":[37]},{"type":"LineString","arcs":[38]},{"type":"LineString","arcs":[39]},{"type":"LineString","arcs":[40]},{"type":"LineString","arcs":[41]},{"type":"LineString","arcs":[42]},{"type":"LineString","arcs":[43]},{"type":"LineString","arcs":[44]},{"type":"LineString","arcs":[45]},{"type":"LineString","arcs":[46]},{"type":"LineString","arcs":[47]},{"type":"LineString","arcs":[48]},{"type":"LineString","arcs":[49]},{"type":"LineString","arcs":[50]},{"type":"LineString","arcs":[51]},{"type":"LineString","arcs":[52]},{"type":"LineString","arcs":[53]},{"type":"LineString","arcs":[54]},{"type":"LineString","arcs":[55]},{"type":"LineString","arcs":[56]},{"type":"LineString","arcs":[57]},{"type":"LineString","arcs":[58]},{"type":"LineString","arcs":[59]},{"type":"LineString","arcs":[60]},{"type":"LineString","arcs":[61]},{"type":"LineString","arcs":[62]},{"type":"LineString","arcs":[63]},{"type":"LineString","arcs":[64]},{"type":"LineString","arcs":[65]},{"type":"LineString","arcs":[66]},{"type":"MultiLineString","arcs":[[67],[68]]},{"type":"MultiLineString","arcs":[[3],[69]]},{"type":"LineString","arcs":[70]},{"type":"LineString","arcs":[71]},{"type":"LineString","arcs":[72]},{"type":"LineString","arcs":[73]},{"type":"LineString","arcs":[74]},{"type":"LineString","arcs":[75]},{"type":"LineString","arcs":[76]},{"type":"LineString","arcs":[77]},{"type":"LineString","arcs":[78]},{"type":"LineString","arcs":[79]},{"type":"LineString","arcs":[80]},{"type":"LineString","arcs":[81]},{"type":"LineString","arcs":[82]},{"type":"LineString","arcs":[83]},{"type":"LineString","arcs":[84]},{"type":"LineString","arcs":[85]},{"type":"LineString","arcs":[86]},{"type":"LineString","arcs":[87]},{"type":"LineString","arcs":[88]},{"type":"LineString","arcs":[89]},{"type":"LineString","arcs":[90]},{"type":"LineString","arcs":[91]},{"type":"LineString","arcs":[92]},{"type":"LineString","arcs":[93]},{"type":"LineString","arcs":[94]},{"type":"LineString","arcs":[95]},{"type":"LineString","arcs":[96]},{"type":"LineString","arcs":[97]},{"type":"MultiLineString","arcs":[[38],[98]]},{"type":"LineString","arcs":[99]},{"type":"LineString","arcs":[100]},{"type":"LineString","arcs":[101]},{"type":"LineString","arcs":[102]},{"type":"LineString","arcs":[103]},{"type":"LineString","arcs":[104]},{"type":"LineString","arcs":[105]},{"type":"LineString","arcs":[106]},{"type":"MultiLineString","arcs":[[8],[8]]},{"type":"LineString","arcs":[107]},{"type":"LineString","arcs":[108]},{"type":"LineString","arcs":[109]},{"type":"LineString","arcs":[110]},{"type":"LineString","arcs":[111]},{"type":"LineString","arcs":[112]},{"type":"LineString","arcs":[113]},{"type":"LineString","arcs":[114]},{"type":"LineString","arcs":[115]},{"type":"LineString","arcs":[116]},{"type":"MultiLineString","arcs":[[117],[118]]},{"type":"LineString","arcs":[119]},{"type":"LineString","arcs":[120]},{"type":"LineString","arcs":[121]},{"type":"LineString","arcs":[122]},{"type":"LineString","arcs":[123]},{"type":"MultiLineString","arcs":[[124],[125],[125]]},{"type":"LineString","arcs":[126]},{"type":"LineString","arcs":[127]},{"type":"LineString","arcs":[128]},{"type":"LineString","arcs":[129]},{"type":"LineString","arcs":[130]},{"type":"LineString","arcs":[131]},{"type":"LineString","arcs":[132]},{"type":"LineString","arcs":[133]},{"type":"LineString","arcs":[134]},{"type":"LineString","arcs":[135]},{"type":"LineString","arcs":[136]},{"type":"LineString","arcs":[137]},{"type":"LineString","arcs":[138]},{"type":"LineString","arcs":[139]},{"type":"LineString","arcs":[140]},{"type":"MultiLineString","arcs":[[141],[142],[143],[144],[145],[146],[147],[148],[149],[150],[151],[152]]},{"type":"MultiLineString","arcs":[[153],[154],[155,156],[-157],[156,157],[158],[159]]},{"type":"MultiLineString","arcs":[[160],[161,162],[163,-162],[164],[165],[166],[167],[168],[169]]},{"type":"MultiLineString","arcs":[[170],[171],[172,173,174]]},{"type":"MultiLineString","arcs":[[175],[176],[177],[178],[179]]},{"type":"MultiLineString","arcs":[[180],[181,182],[183],[184],[185],[186],[187],[188],[189],[190],[191],[192],[193],[194],[195],[196]]},{"type":"MultiLineString","arcs":[[197],[198],[199],[200],[201],[202],[203],[204],[205],[206],[207],[208],[209],[209],[210],[211],[212],[213],[214],[215],[216],[217],[218],[219,220],[221]]},{"type":"LineString","arcs":[-183,222,-220]},{"type":"MultiLineString","arcs":[[223],[224],[225],[226],[227],[228,229],[230],[230]]},{"type":"MultiLineString","arcs":[[231],[232],[233]]},{"type":"MultiLineString","arcs":[[234],[235],[236],[237],[238],[239],[240],[241],[242],[243,244],[-245],[242],[245,246],[-247],[246],[247],[-248],[248],[249],[250],[251],[252],[253],[254],[254],[254],[254],[255],[256],[257,258],[259],[254],[254],[260],[261],[261],[261],[262],[263],[264],[265],[257],[-258],[266],[267],[268],[269],[270],[270],[271],[272]]},{"type":"MultiLineString","arcs":[[273],[274],[275,276,277],[278],[-278,279]]},{"type":"MultiLineString","arcs":[[173,174],[280,-174],[281],[281],[282],[283],[283],[284],[285],[286],[287],[288],[289],[290],[291],[292]]},{"type":"LineString","arcs":[293]},{"type":"MultiLineString","arcs":[[228,294],[295],[296],[297],[298],[299],[300],[301],[302],[303],[304],[305],[-306],[305],[306],[306]]},{"type":"MultiLineString","arcs":[[307],[308],[309]]},{"type":"LineString","arcs":[310]},{"type":"MultiLineString","arcs":[[311],[312],[313]]},{"type":"MultiLineString","arcs":[[314],[315],[316],[317],[318],[319],[320],[321],[322],[323],[324],[325,326],[327],[-327]]},{"type":"LineString","arcs":[328]},{"type":"LineString","arcs":[329]},{"type":"LineString","arcs":[330]},{"type":"LineString","arcs":[331]},{"type":"MultiLineString","arcs":[[332],[333,334],[335],[336],[337]]},{"type":"LineString","arcs":[338]},{"type":"MultiLineString","arcs":[[339],[340]]},{"type":"MultiLineString","arcs":[[341],[342],[343],[344],[345],[346],[347]]},{"type":"MultiLineString","arcs":[[348],[349],[350],[350],[351],[352],[353]]},{"type":"MultiLineString","arcs":[[354],[355],[356],[357],[355],[358],[359],[360],[361]]},{"type":"LineString","arcs":[362]},{"type":"MultiLineString","arcs":[[363],[364],[365],[366],[367],[368],[369],[370],[371]]},{"type":"MultiLineString","arcs":[[372],[373],[374],[375],[376],[377],[378,379],[-379],[380],[381],[382],[383]]},{"type":"LineString","arcs":[384]},{"type":"MultiLineString","arcs":[[385],[386,387],[388],[389],[390],[391],[392],[393],[394],[395],[396]]},{"type":"LineString","arcs":[397]},{"type":"MultiLineString","arcs":[[398,399],[400],[-400,399,401]]},{"type":"MultiLineString","arcs":[[402],[403],[404],[405],[406],[407,-408,407],[408],[409],[409],[410],[409],[411],[412],[413],[414]]},{"type":"MultiLineString","arcs":[[415],[416],[417],[418],[419]]},{"type":"MultiLineString","arcs":[[420],[421],[422],[423],[424]]},{"type":"MultiLineString","arcs":[[425],[426],[427],[427],[428],[429],[430],[431],[432]]},{"type":"MultiLineString","arcs":[[433],[434],[434],[435,436],[434],[434],[434],[437],[438]]},{"type":"LineString","arcs":[439]},{"type":"MultiLineString","arcs":[[440],[441]]},{"type":"LineString","arcs":[3]},{"type":"LineString","arcs":[442]},{"type":"MultiLineString","arcs":[[443],[444],[445]]},{"type":"LineString","arcs":[446]},{"type":"MultiLineString","arcs":[[447],[448]]},{"type":"MultiLineString","arcs":[[449,450],[-451],[451],[452],[453],[454],[454],[455,-453],[-454,456],[457],[458],[459],[460]]},{"type":"MultiLineString","arcs":[[461],[462],[463],[464]]},{"type":"MultiLineString","arcs":[[465],[-466,466],[467],[-467],[467],[467]]},{"type":"MultiLineString","arcs":[[468],[469],[470],[471],[-471],[472],[473],[474]]},{"type":"MultiLineString","arcs":[[475],[475],[476],[477],[475],[-477],[478],[479],[477],[480]]},{"type":"MultiLineString","arcs":[[481],[482],[483],[483],[-483],[482,484],[485],[485],[486],[485],[487]]},{"type":"LineString","arcs":[488]},{"type":"MultiLineString","arcs":[[489,490],[491],[492,493,494],[495,-493],[496],[497],[498],[-499],[499],[500],[501],[502],[503],[504],[505],[506],[507],[508],[509],[-508],[510],[511],[512],[513],[511]]},{"type":"MultiLineString","arcs":[[514,515],[516,517],[-517],[518],[519],[520],[521],[522],[523,524],[-524],[523],[525],[526],[527],[528],[527],[527],[529],[530],[531],[532]]},{"type":"MultiLineString","arcs":[[533],[534,535],[-536],[536],[537]]},{"type":"LineString","arcs":[537]},{"type":"MultiLineString","arcs":[[538],[539],[540],[541],[542],[-542,543],[544],[545],[546],[547],[548],[549],[550],[551],[552],[553],[554],[555],[556]]},{"type":"MultiLineString","arcs":[[557],[558],[559],[560],[561,562],[563],[564,565],[-566],[566],[-563,567],[568],[569,570,-571],[570],[571],[572],[573],[574],[575],[576],[577],[578],[579],[580],[581],[582],[583],[584],[585],[586],[587],[588],[589,590],[591],[592],[-590],[593],[594]]},{"type":"MultiLineString","arcs":[[595],[596],[597]]},{"type":"LineString","arcs":[598]},{"type":"LineString","arcs":[599]},{"type":"MultiLineString","arcs":[[600],[601],[602],[603],[604,605],[600],[606],[607],[608,609],[610]]},{"type":"MultiLineString","arcs":[[611],[612],[613],[613]]},{"type":"MultiLineString","arcs":[[614],[615],[616],[617],[618],[619],[620],[621],[622],[620],[623],[623],[624],[625],[626],[627],[628],[629,630],[631],[-632,632],[633],[634,635],[636,637],[638],[639],[640],[641],[642,643],[-636,644],[645],[646,647],[-648,-647],[-644],[648,649],[650,651],[652],[653],[-654,654],[652],[655,-647],[656,657],[658],[659],[660],[661],[662,663],[664],[665],[666],[667,-665],[668],[669],[670],[666],[671,672],[673],[674],[675],[676],[677],[678],[-679,679],[680],[681],[682],[683],[684],[685],[686],[687],[688,689],[-690],[690],[691],[692],[693],[694],[695],[696],[697],[698],[699],[700],[701],[702],[703],[704],[705],[706],[707],[708],[709],[710],[711],[712],[713],[714],[715],[716],[717,718],[719],[720]]},{"type":"MultiLineString","arcs":[[721],[722],[723],[724],[725],[726],[727],[728],[729],[730],[731]]},{"type":"MultiLineString","arcs":[[619],[619],[619],[732],[733],[734],[735],[736],[737],[738],[738],[739],[740],[741],[742],[743],[744],[745],[746],[747,748],[749],[750,751],[752,-751],[753],[754],[755],[756],[757],[758],[759],[760],[761],[762],[763,764],[-765,765],[766],[767],[768],[769,-770],[770],[771],[772],[773],[774],[775],[776],[777],[778],[779],[780],[781],[782,783],[-784,784,785],[786],[787],[788],[789],[790],[791],[792],[793],[794],[795],[796],[-797,797],[798],[799],[800],[801],[802],[803],[804],[805],[806],[807],[808],[809],[810],[811],[812],[813],[814],[815],[816],[817]]},{"type":"MultiLineString","arcs":[[818],[819],[820],[820],[821]]},{"type":"MultiLineString","arcs":[[822],[823],[823],[824]]},{"type":"LineString","arcs":[825]},{"type":"LineString","arcs":[826]},{"type":"LineString","arcs":[827]},{"type":"LineString","arcs":[828]},{"type":"LineString","arcs":[829]},{"type":"LineString","arcs":[830]},{"type":"LineString","arcs":[831]},{"type":"LineString","arcs":[832]},{"type":"MultiLineString","arcs":[[833],[834]]},{"type":"LineString","arcs":[835]},{"type":"MultiLineString","arcs":[[836],[837],[838],[839],[840],[841],[842],[843]]},{"type":"LineString","arcs":[844]},{"type":"MultiLineString","arcs":[[845],[846],[847],[848],[849],[850],[851],[852]]},{"type":"MultiLineString","arcs":[[853],[854],[855],[856],[857],[858],[859],[860],[861],[862],[863],[864],[865],[866],[867],[868],[869],[870]]},{"type":"LineString","arcs":[871]},{"type":"LineString","arcs":[872]},{"type":"LineString","arcs":[873]},{"type":"LineString","arcs":[874]},{"type":"MultiLineString","arcs":[[875],[876],[877],[878],[879],[880],[881],[882],[883],[884],[885],[886],[887],[888],[889],[890],[891],[892],[893],[894],[895],[896],[897],[898],[899],[900],[901,902,903],[904],[905],[906],[907],[908],[909],[910],[911,912],[-913],[913],[914],[915],[916],[917],[917],[918],[919],[920],[921],[922],[922],[923],[924],[925],[926],[917],[927],[928],[928],[929],[930],[931],[932],[933],[934],[935],[936],[924],[924],[937],[938],[939],[939],[940],[941],[942],[943],[944],[945],[946],[947],[948],[949]]},{"type":"LineString","arcs":[950]},{"type":"MultiLineString","arcs":[[951],[952],[953],[954],[954],[955],[954]]},{"type":"MultiLineString","arcs":[[956],[957,958],[-959,959],[960],[961]]},{"type":"MultiLineString","arcs":[[962,963],[964],[965]]},{"type":"LineString","arcs":[966]},{"type":"MultiLineString","arcs":[[967],[968],[969],[970],[971],[972],[973]]},{"type":"MultiLineString","arcs":[[974],[975],[976],[977],[978],[979],[980],[981],[982],[983],[984],[985]]},{"type":"LineString","arcs":[986]},{"type":"MultiLineString","arcs":[[987],[988],[989]]},{"type":"LineString","arcs":[990]},{"type":"LineString","arcs":[991]},{"type":"MultiLineString","arcs":[[992],[993],[994],[995],[996]]},{"type":"LineString","arcs":[997]},{"type":"MultiLineString","arcs":[[998],[999],[1000],[1001],[1002],[1003]]},{"type":"MultiLineString","arcs":[[1004],[1005],[1006],[1007],[1008],[1009],[1010],[1011],[1012],[1013],[1014],[1015],[1016],[1017],[1018],[1019],[1020],[1021,1022],[1023],[1024],[1025,-1022],[1026],[1027]]},{"type":"LineString","arcs":[1028]},{"type":"LineString","arcs":[1029]},{"type":"LineString","arcs":[1030]},{"type":"LineString","arcs":[1031]},{"type":"MultiLineString","arcs":[[1032],[1033],[1034]]},{"type":"MultiLineString","arcs":[[1035],[1036],[1037,1038],[1039]]},{"type":"MultiLineString","arcs":[[1040],[1041],[1042]]},{"type":"MultiLineString","arcs":[[1043],[1044]]},{"type":"LineString","arcs":[1045]},{"type":"LineString","arcs":[1046]},{"type":"LineString","arcs":[1047]},{"type":"MultiLineString","arcs":[[1048],[1049],[1050],[1051],[1052],[1053],[1054],[1055]]},{"type":"MultiLineString","arcs":[[1056],[1057],[1058]]},{"type":"LineString","arcs":[1059,1060]},{"type":"LineString","arcs":[1061]},{"type":"LineString","arcs":[1062]},{"type":"MultiLineString","arcs":[[1063],[1064],[1065],[1066],[1067],[1068],[1069],[1070]]},{"type":"MultiLineString","arcs":[[1071],[1072],[1073]]},{"type":"MultiLineString","arcs":[[1074],[1075],[1076]]},{"type":"LineString","arcs":[1077]},{"type":"MultiLineString","arcs":[[1078],[1079],[1080]]},{"type":"MultiLineString","arcs":[[1081],[1082]]},{"type":"MultiLineString","arcs":[[1083],[1084]]},{"type":"LineString","arcs":[1085]},{"type":"LineString","arcs":[1086]},{"type":"MultiLineString","arcs":[[1087],[1088]]},{"type":"MultiLineString","arcs":[[1089],[1090],[1091],[1059],[1092]]},{"type":"LineString","arcs":[1093]},{"type":"MultiLineString","arcs":[[1094],[1095]]},{"type":"LineString","arcs":[1096]},{"type":"LineString","arcs":[1097]},{"type":"MultiLineString","arcs":[[1098],[1099],[1100]]},{"type":"LineString","arcs":[1101]},{"type":"MultiLineString","arcs":[[1102],[1103],[1104],[1105],[1106],[1107],[1108],[1109]]},{"type":"LineString","arcs":[1110]},{"type":"MultiLineString","arcs":[[1111],[1112],[1113],[1114],[1115],[1116],[1117]]},{"type":"LineString","arcs":[1118]},{"type":"MultiLineString","arcs":[[1119],[1120],[1121]]},{"type":"MultiLineString","arcs":[[1122],[1123],[1124]]},{"type":"LineString","arcs":[1125]},{"type":"MultiLineString","arcs":[[1126],[1127]]},{"type":"MultiLineString","arcs":[[1128],[1129],[1130],[1131]]},{"type":"MultiLineString","arcs":[[1132],[1133],[1134]]},{"type":"MultiLineString","arcs":[[1135],[1136],[1137],[1138,1139],[1140],[1141],[1142],[1143],[1144],[1145],[1146],[1147,1148,1149],[1145],[1149,1150],[-1150]]},{"type":"MultiLineString","arcs":[[1151],[1152],[1153],[1154],[1155]]},{"type":"MultiLineString","arcs":[[1156],[1157],[1158]]},{"type":"MultiLineString","arcs":[[1159],[1160]]},{"type":"LineString","arcs":[1161]},{"type":"MultiLineString","arcs":[[1162],[1163],[1164]]},{"type":"MultiLineString","arcs":[[1165],[1166],[1134]]},{"type":"LineString","arcs":[1167]},{"type":"MultiLineString","arcs":[[1168],[1169],[1170]]},{"type":"MultiLineString","arcs":[[1171],[1172]]},{"type":"LineString","arcs":[1173]},{"type":"MultiLineString","arcs":[[1174],[1175],[1176,1177],[1178],[1179]]},{"type":"MultiLineString","arcs":[[1180],[1181],[1182],[1183],[1184],[1185],[1185],[1185]]},{"type":"MultiLineString","arcs":[[1186],[1187],[1187]]},{"type":"MultiLineString","arcs":[[1188],[1189],[1188]]},{"type":"MultiLineString","arcs":[[1190],[1191],[1192],[1193,1194],[-1193],[1195],[1196],[1197],[1198,-1194],[1199],[1200],[1201],[1202]]},{"type":"LineString","arcs":[1203]},{"type":"MultiLineString","arcs":[[1204],[1205],[1206,1207],[-1207],[1208],[1209],[1210],[1211],[1209],[1212],[1213],[1214],[1215]]},{"type":"MultiLineString","arcs":[[1216],[1217],[1218],[1219],[1220],[1221],[1222],[1223],[1224],[1225],[1226],[1227],[1228]]},{"type":"MultiLineString","arcs":[[1229],[1229],[1229],[1230],[1231],[1229],[1229],[1232],[1233],[1234],[1234],[1233],[1235]]},{"type":"LineString","arcs":[1210,-1211]},{"type":"MultiLineString","arcs":[[1236],[1237],[1238],[1239],[1240],[1241],[1242],[1240],[1243],[1244]]},{"type":"LineString","arcs":[1245]},{"type":"MultiLineString","arcs":[[1246],[1247],[1248],[1249],[1250]]},{"type":"MultiLineString","arcs":[[1251],[1252],[1253],[1254],[1255],[1256],[1257],[1258],[1259],[1260],[1261],[1262],[1263],[1264],[1265],[1266],[1267],[1267],[1268],[1269],[1270],[1271],[1272],[1273],[1274]]},{"type":"MultiLineString","arcs":[[1275,1276],[1277],[1278],[1279],[1280],[1281],[1282],[1283],[1283]]},{"type":"MultiLineString","arcs":[[1284],[1285],[1286],[1287],[1288],[1289],[1290],[1290],[1290]]},{"type":"MultiLineString","arcs":[[1291],[1292],[1293],[1294],[1295],[1296],[1297,1298],[1299],[1300],[1301],[1302],[1303,-1276]]},{"type":"MultiLineString","arcs":[[1304],[1305],[1306],[1307],[1308],[1309],[1310],[1311]]},{"type":"MultiLineString","arcs":[[1312],[1313,1314,1315,1316,1317],[1318],[1318],[1319],[1318],[-1318],[-1317]]},{"type":"MultiLineString","arcs":[[-1246,1320,1321],[-1322,1322],[1323]]},{"type":"MultiLineString","arcs":[[1324,1325],[1326],[1327],[1328]]},{"type":"MultiLineString","arcs":[[1329],[1330],[1331,1332],[1333],[1334],[-1335],[1335],[-1333],[1336],[1337],[1338],[1339],[1340],[1341],[1342],[1343],[1344],[1345],[1346],[1347],[1348],[1349],[1350],[1351],[1352],[1353],[1354],[1355],[1356],[1357],[1358],[1359],[1359]]},{"type":"MultiLineString","arcs":[[1360],[1361],[1362],[1363],[1364],[1365],[1366],[1364,-1365],[1367],[1368,1369],[1370],[1367],[1371],[1372],[1373],[1374],[-1370,1375],[1376],[1377],[1378],[1379],[1380],[1381]]},{"type":"LineString","arcs":[1382]},{"type":"MultiLineString","arcs":[[1383],[1384,1385,1386]]},{"type":"MultiLineString","arcs":[[1387],[1388],[1389,1390],[1391,-1390],[1392],[1393],[1394],[1395],[1360],[1396]]},{"type":"MultiLineString","arcs":[[1397],[1398],[1399],[1400],[1401],[1402],[1403],[1404],[1405],[1406],[1407],[1408],[1409],[1410],[1411]]},{"type":"LineString","arcs":[1412]},{"type":"MultiLineString","arcs":[[1385,1413],[1414],[1415],[1416],[1417]]},{"type":"MultiLineString","arcs":[[1418,1419],[1420],[1420],[1421],[1421,-1422],[1422],[1423],[1424],[1425],[1426],[1427],[1428],[1429],[1427],[1430],[1429],[1431],[1432],[1433,-1433],[1434],[1435],[1436],[1437],[1438],[1439],[1440],[1440],[1441,1442],[1443,-1442],[1444],[1444],[1445],[1445],[1446],[1446],[1446],[1447]]},{"type":"LineString","arcs":[1448]},{"type":"MultiLineString","arcs":[[1449],[1450],[1451],[1452],[1453]]},{"type":"MultiLineString","arcs":[[1454],[1455],[1456],[1457],[1458,1459]]},{"type":"MultiLineString","arcs":[[1460],[1461],[1461],[1462],[1463],[1464],[1465],[1466],[1467],[1468],[1469],[1470],[1471],[1472],[1473],[1474],[1475],[1476]]},{"type":"MultiLineString","arcs":[[1477,1478,-1479],[1479],[1480]]},{"type":"LineString","arcs":[1481]},{"type":"MultiLineString","arcs":[[-1460,1459,1482],[1483],[1484],[1485],[1486],[1487],[1488],[1489],[1490],[1491],[1492],[1493],[1494]]},{"type":"MultiLineString","arcs":[[1495],[1496],[1497],[1498],[1499],[1500],[1501],[1502],[1503],[1504],[1505],[1506],[1507],[1508],[1509],[1510,1511],[-1512],[1512],[1513],[1514],[1515],[1516],[1517],[1518],[1519],[1520],[1521],[1522],[1523],[1524],[1525],[1526],[1527],[1528],[1529]]},{"type":"MultiLineString","arcs":[[1530],[1531],[1532],[1533],[1534],[1535],[1536],[1537],[1538]]},{"type":"MultiLineString","arcs":[[1539],[1540]]},{"type":"MultiLineString","arcs":[[1541],[1542],[1543],[1544],[1545],[1546],[1547]]},{"type":"MultiLineString","arcs":[[1548],[1549],[1550],[1551],[1552],[1553],[1554],[1555],[1556],[1557],[1558]]},{"type":"LineString","arcs":[1559]},{"type":"MultiLineString","arcs":[[1560],[1561]]},{"type":"MultiLineString","arcs":[[1562],[1563],[1564],[1565]]},{"type":"MultiLineString","arcs":[[1566],[1567]]},{"type":"MultiLineString","arcs":[[1568],[1569]]},{"type":"LineString","arcs":[1570]},{"type":"MultiLineString","arcs":[[1571],[1572],[1573]]},{"type":"LineString","arcs":[1574]},{"type":"LineString","arcs":[1575]},{"type":"LineString","arcs":[1576]},{"type":"MultiLineString","arcs":[[1577],[1578],[1579],[1580],[1581],[1582]]},{"type":"LineString","arcs":[1583]},{"type":"LineString","arcs":[1584]},{"type":"LineString","arcs":[1585]},{"type":"LineString","arcs":[1586]},{"type":"LineString","arcs":[1587]},{"type":"MultiLineString","arcs":[[1588],[1589],[1590],[1591],[1592],[1593],[1594]]},{"type":"MultiLineString","arcs":[[1595],[1596],[1597],[1598],[1599]]},{"type":"MultiLineString","arcs":[[1600],[1601],[1602],[1603],[1604],[1605],[1606]]},{"type":"LineString","arcs":[1607]},{"type":"MultiLineString","arcs":[[1608],[1609],[1610],[1611],[1612],[1613],[1614],[1615]]},{"type":"MultiLineString","arcs":[[1616],[1617],[1618],[1619]]},{"type":"MultiLineString","arcs":[[1620],[1621],[1622],[1623],[1624],[1625],[1626],[1627],[1628],[1629]]},{"type":"LineString","arcs":[1630]},{"type":"MultiLineString","arcs":[[1631],[1632],[1633],[1634],[1635],[1636],[1637],[1638],[1639],[1640],[1641]]},{"type":"MultiLineString","arcs":[[1642],[1643],[1644]]},{"type":"MultiLineString","arcs":[[1645],[1646],[1647],[1648],[1649],[1650],[1651],[1652],[1653],[1654],[1655],[1656],[1657],[1658],[1659],[1660],[1661],[1662]]},{"type":"LineString","arcs":[1663]},{"type":"LineString","arcs":[1664]},{"type":"LineString","arcs":[1665]},{"type":"MultiLineString","arcs":[[1666],[1667],[1668],[1669],[1670],[1671],[1672],[1673],[1674],[1675],[1676],[1677],[1678],[1678],[1679]]},{"type":"MultiLineString","arcs":[[1680],[1681]]},{"type":"MultiLineString","arcs":[[1682],[1683]]},{"type":"MultiLineString","arcs":[[1684],[1685],[1686]]},{"type":"MultiLineString","arcs":[[1687],[1688],[1689]]},{"type":"MultiLineString","arcs":[[1690],[1691],[1692],[1693],[1694],[1695],[1695],[1695],[1695]]},{"type":"MultiLineString","arcs":[[1696],[1697,1698]]},{"type":"LineString","arcs":[1699]},{"type":"MultiLineString","arcs":[[1700],[1701],[1702],[1703],[1704]]},{"type":"MultiLineString","arcs":[[1705,-1698],[1706],[1707],[1708],[1709],[1710],[1711],[1712,1713],[-1714],[1714,1715],[1716],[1717],[1718]]},{"type":"MultiLineString","arcs":[[1719],[1720],[1721],[1722],[1723],[1723],[1724]]},{"type":"MultiLineString","arcs":[[1725,1726],[1727],[1728]]},{"type":"MultiLineString","arcs":[[1729],[1730],[1731],[1732,1733],[1734],[-1733],[1735],[1736],[1737],[1738],[1739]]},{"type":"MultiLineString","arcs":[[1740],[1741],[1742],[1743],[1743],[1744,1745],[1746,-1745],[1747],[1748],[1749],[1750],[1751],[1752]]},{"type":"MultiLineString","arcs":[[1753],[1754],[1755],[1756],[1757],[1758],[1759],[1760],[1761]]},{"type":"MultiLineString","arcs":[[1762,1763],[1764,-1763],[1765],[1766],[1767],[1768],[1769],[1770],[1771],[1772],[1773],[1774],[1774],[1775],[1772]]},{"type":"MultiLineString","arcs":[[1776],[1777],[1778]]},{"type":"MultiLineString","arcs":[[1779],[1780],[1781],[1782],[1783],[1784],[1785],[1786]]},{"type":"MultiLineString","arcs":[[1787],[1788],[1789],[1790],[1791,1792],[-1793,1793],[1794],[1795],[1796],[1797],[1797],[1798],[1799],[1800],[1801]]},{"type":"MultiLineString","arcs":[[1802],[1803],[1804],[1805],[1806],[1807],[1808]]},{"type":"MultiLineString","arcs":[[1809],[1810],[1811]]},{"type":"LineString","arcs":[1812]},{"type":"MultiLineString","arcs":[[1813],[1814],[1815],[1816],[1817]]},{"type":"LineString","arcs":[1818]},{"type":"MultiLineString","arcs":[[1819],[1820],[1821],[1822],[1823],[1824],[1825]]},{"type":"LineString","arcs":[1826]},{"type":"MultiLineString","arcs":[[1827],[1828],[1829,1830],[1831],[1832]]},{"type":"MultiLineString","arcs":[[1833],[1834,1726],[1835]]},{"type":"MultiLineString","arcs":[[1836],[1837],[1838],[1839]]},{"type":"MultiLineString","arcs":[[1840],[1841],[1842],[1843],[1844],[1845],[1846]]},{"type":"MultiLineString","arcs":[[1847],[1848,1849],[1850],[1851],[1852],[1853],[1854],[1855]]},{"type":"MultiLineString","arcs":[[1856],[1857],[1858],[1859],[1860],[1861],[1862],[1863]]},{"type":"MultiLineString","arcs":[[1864],[1865],[1866],[1867],[1868]]},{"type":"MultiLineString","arcs":[[1869],[1870],[1871]]},{"type":"MultiLineString","arcs":[[1872],[1873],[1874]]},{"type":"MultiLineString","arcs":[[1875],[1876],[1877]]},{"type":"LineString","arcs":[1878]},{"type":"MultiLineString","arcs":[[1879],[1880],[1879]]},{"type":"LineString","arcs":[1881]},{"type":"MultiLineString","arcs":[[1882],[1883],[1884],[1885,-1849],[1886]]},{"type":"MultiLineString","arcs":[[1887],[1888],[1889]]},{"type":"MultiLineString","arcs":[[1890],[1891],[1892],[1893],[1894],[1895],[1896],[1897],[1898],[1899],[1900],[1901],[1902]]},{"type":"MultiLineString","arcs":[[1903],[1904],[1905],[1906],[1907],[1908],[1909],[1910],[1911],[1912],[1913,1914],[-1915,1915]]},{"type":"MultiLineString","arcs":[[1916],[1917],[1918],[1919],[1920]]},{"type":"LineString","arcs":[1921]},{"type":"LineString","arcs":[1922]},{"type":"MultiLineString","arcs":[[1923],[1924],[1925,1926],[1927],[1928],[1929,-1926]]},{"type":"MultiLineString","arcs":[[1930],[1931],[1932]]},{"type":"MultiLineString","arcs":[[1933],[1934],[1935],[1936],[1937],[1938]]},{"type":"MultiLineString","arcs":[[1939],[1940],[1941]]},{"type":"MultiLineString","arcs":[[1942,1943,1944],[1945,-1944],[1946],[1946],[1947],[1948],[1949],[1950],[1951],[1952,1953],[-1953],[1954],[1955],[1955],[1956],[1957]]},{"type":"MultiLineString","arcs":[[1958],[1959],[1960]]},{"type":"MultiLineString","arcs":[[1961],[1962],[1963],[1964]]},{"type":"MultiLineString","arcs":[[1965],[1966],[1967,1968]]},{"type":"MultiLineString","arcs":[[1969],[1970],[1971],[1971],[-1968],[1972],[1973],[1974],[1975]]},{"type":"MultiLineString","arcs":[[1976],[1977],[1978],[1979]]},{"type":"MultiLineString","arcs":[[1980],[1981],[1982]]},{"type":"MultiLineString","arcs":[[1983],[1984],[1985],[1986],[1987],[1988],[1989]]},{"type":"MultiLineString","arcs":[[1990],[1991],[-1831]]},{"type":"MultiLineString","arcs":[[1992],[1993],[1994],[1995],[1996],[1997],[1998],[1999],[2000],[2001],[2002],[2003],[2004],[2005],[2006],[2007]]},{"type":"MultiLineString","arcs":[[2008],[2009]]},{"type":"LineString","arcs":[2010]},{"type":"MultiLineString","arcs":[[2011],[2012,-2013,2013],[2014,2015],[2016],[2017]]},{"type":"MultiLineString","arcs":[[2018,-2019,2019],[2020,-2019],[2021],[2022],[2023],[2024]]},{"type":"MultiLineString","arcs":[[2025,2026,2027],[2028],[2029],[2030],[2031],[2032,2025],[-2026],[2033,2034],[-2035,2035],[2036],[2037],[2038],[2039],[2038],[2038]]},{"type":"MultiLineString","arcs":[[2040],[2041],[2042],[2043],[2044],[2045],[-2046,2046],[2047],[2048],[2049],[2049],[2049],[2050],[2049],[2049],[2051],[2052],[2053],[2054],[2055],[2056],[2057],[2058],[2059],[2060],[2061],[2062],[2063],[2064],[2065],[2066,2067],[2068],[2069],[2070],[2068],[2071],[2072],[2073],[2073],[2073],[2073],[2074],[2075],[2076],[2077],[2078],[2079]]},{"type":"LineString","arcs":[2080]},{"type":"MultiLineString","arcs":[[2081],[2082],[2083]]},{"type":"MultiLineString","arcs":[[2084],[2085]]},{"type":"MultiLineString","arcs":[[2086,2087],[2087,2088],[-2088],[2089],[2090]]},{"type":"MultiLineString","arcs":[[2091,2092],[2093],[2094],[2095]]},{"type":"MultiLineString","arcs":[[2096,2097],[2098],[2099],[2100],[2101],[2099],[2102],[-2103],[2103],[2104],[2105],[2105],[2106],[-2103],[2107],[2107],[2108],[2109],[2110],[2111],[2112],[2113],[2114],[2115],[2116],[2117],[2118],[2119],[2120],[2121],[2122],[2123],[2124],[2125],[2126],[2127],[2128],[2129],[2130]]},{"type":"MultiLineString","arcs":[[439],[2131],[2132],[2133],[-2093],[2134]]},{"type":"MultiLineString","arcs":[[2135],[2136]]},{"type":"LineString","arcs":[94]},{"type":"LineString","arcs":[2137]},{"type":"MultiLineString","arcs":[[23],[2138],[2139],[2140],[2141],[2142],[2143],[2144],[2145],[2146],[2147],[2148],[2149,2150],[2151,2152,2153],[2154,2155,-2153],[2156,-2155],[2157],[2158],[2159],[2160],[2161],[2162],[2163],[2164],[2165],[2166],[2167],[2168],[2169],[2170],[2171],[2172],[2173],[2174,2175],[2176,-2175],[2177],[2178],[2179],[2180],[2181],[2182],[2183],[2184],[2185,2186],[2187],[2188],[2189],[2190,2191,2192],[2193,-2191],[2194],[2195],[2196],[2197,2198],[2199],[2200],[2201,2202],[2203],[2204],[2205],[2206],[2207],[2208],[-2208,-2205,2209],[2210],[2211],[2212],[2213],[2214],[2215],[2216,2217],[-2217],[2218],[2219,2220],[2221],[2222],[2223],[2224],[2225,2226,2227],[-2227,2228],[2229],[2230,2231],[2232],[2233],[2234],[2235],[2236],[2237],[2238],[-2239,2239],[2240],[2241],[2242],[2243],[2244],[2245],[2246],[2247],[2248],[2249],[2250],[2251],[2252],[2253],[2254],[2255],[2256],[2257],[2258],[2259],[2260],[2258],[2261],[2262],[2263,2264],[2265],[2266],[2267],[-2265,2268],[2269],[2270],[2271,2272,2273],[2274],[2275],[2276],[2277],[2278],[2279,2280],[2281],[2282],[2283],[2284,-2273,2285],[-2281],[2286],[2287],[2287],[2288,2289,2290],[2291],[2292],[2293],[2294],[2295,2296],[2297],[2298],[2299],[2300],[2301],[2302],[2303],[2304],[2305],[2306],[2307],[2308],[2309],[2310],[2311,2312],[-2312],[2313],[2314],[2315],[2316]]},{"type":"MultiLineString","arcs":[[2317],[-2291,2318]]},{"type":"MultiLineString","arcs":[[2319],[2320],[2321],[2322],[2323]]},{"type":"LineString","arcs":[2324]},{"type":"MultiLineString","arcs":[[2325],[2326],[2327],[2328],[2329]]},{"type":"MultiLineString","arcs":[[2330],[2331],[2332],[2333],[2334]]},{"type":"MultiLineString","arcs":[[2335],[2336],[2337],[2338],[2339],[2340]]},{"type":"MultiLineString","arcs":[[2341,2342],[2343,-2342],[2344],[2345],[25],[2346],[2347,2348],[2349,-2348],[2350],[2351],[2352]]},{"type":"MultiLineString","arcs":[[2353],[2354],[2355],[2356],[2357],[2358],[2359]]},{"type":"MultiLineString","arcs":[[2360],[2361],[2362],[2363]]},{"type":"MultiLineString","arcs":[[2364],[2365],[2366],[2367],[2368],[2369],[2370],[2371],[2372]]},{"type":"LineString","arcs":[2373]},{"type":"MultiLineString","arcs":[[2374],[2375],[2376],[2377],[2378]]},{"type":"MultiLineString","arcs":[[2379],[2380],[2381],[2382],[2383],[2384],[2385],[2386],[2387]]},{"type":"LineString","arcs":[2388]},{"type":"MultiLineString","arcs":[[2389],[2390],[2391],[2392],[2393],[2394],[2395],[2396],[2396],[2397],[2398],[2399],[2400],[2401],[2402]]},{"type":"MultiLineString","arcs":[[2403],[2404],[2405],[2406],[2407]]},{"type":"MultiLineString","arcs":[[2408],[2409],[2410],[2411],[2412],[2413]]},{"type":"MultiLineString","arcs":[[2414],[2415],[2416],[2417,2418],[2419],[2420],[2421],[2422],[2423],[2424],[2425]]},{"type":"MultiLineString","arcs":[[2426],[2427],[2428],[2429],[2430],[2431],[2432]]},{"type":"MultiLineString","arcs":[[2433],[2434],[2434],[2435],[2436],[2437],[2438],[2439],[2440],[2441],[2442]]},{"type":"MultiLineString","arcs":[[2443],[2444],[2445,2446],[2447],[-2447,2448],[2449],[2449]]},{"type":"MultiLineString","arcs":[[2450],[2451,2452],[2453],[2454],[-2453]]},{"type":"MultiLineString","arcs":[[2455],[2456],[2457]]},{"type":"LineString","arcs":[2458]},{"type":"MultiLineString","arcs":[[2459],[2460,2461],[2462],[2463],[2464],[2465],[2466],[2467],[2468],[2469],[2470],[2471],[2472],[2473],[2474],[2474],[2475],[2474]]},{"type":"MultiLineString","arcs":[[2476],[2477],[2478],[2479,2480],[2481],[2482],[2483],[2484],[-2481],[2485],[2486],[2487],[-2488],[2488],[2489],[2490],[2491],[2492],[2493],[2494],[2495],[2496],[2497]]},{"type":"MultiLineString","arcs":[[2498,2499],[2500],[2501],[2502],[2503],[2504],[2505],[2506],[2507],[2508]]},{"type":"MultiLineString","arcs":[[2509],[2510]]},{"type":"LineString","arcs":[2511]},{"type":"LineString","arcs":[2512]},{"type":"LineString","arcs":[2513,2482]},{"type":"MultiLineString","arcs":[[2514],[2515],[2516],[2517],[2518]]},{"type":"MultiLineString","arcs":[[2519],[2520],[2521],[2522],[2523],[2524],[2524],[2525],[2526],[2526],[2527,2528],[2529],[2530],[2530],[2531],[2531],[2532],[-2529,2533]]},{"type":"MultiLineString","arcs":[[2534],[2535,2536],[2537],[2538,2539],[-2539],[2538],[2540],[2541],[2542],[2543],[2544],[2545],[2546],[2547],[2548],[2549]]},{"type":"LineString","arcs":[2550,2551]},{"type":"MultiLineString","arcs":[[2552],[2553],[2554],[2555],[2556],[2557],[2558],[2559],[2560],[-2552,2561],[2562]]},{"type":"MultiLineString","arcs":[[-2537,2563],[2564],[2565],[2566],[2567]]},{"type":"MultiLineString","arcs":[[2568],[2569],[2570],[2571]]},{"type":"MultiLineString","arcs":[[2572],[2573],[2574],[2575],[2576],[2577],[2578],[2579],[2580]]},{"type":"MultiLineString","arcs":[[2581],[2582],[2583],[2584],[2585],[2586]]},{"type":"LineString","arcs":[2587]},{"type":"MultiLineString","arcs":[[2588],[2589],[-2589],[2590],[2591]]},{"type":"MultiLineString","arcs":[[2592],[2593],[2594],[2595],[2596],[2597],[2595],[2598],[2599],[2600],[2600],[2601],[2602],[2603],[2604],[2604],[2605],[2606],[2607],[2608],[2609],[2610],[2611],[2612],[2613],[2614],[2615],[2616],[2617],[2618],[2619],[2620],[2621],[2622],[2623],[2624],[2625]]},{"type":"MultiLineString","arcs":[[2626],[2627],[2628]]},{"type":"MultiLineString","arcs":[[2629],[2630],[2631],[2632],[2633],[2634],[2635],[2636],[2637],[2638],[2639],[2640],[2640],[2641],[2642],[2643],[2644],[2645],[2646]]},{"type":"MultiLineString","arcs":[[2647],[2648],[2649],[2650],[2651],[2652],[2653],[2653],[2654],[2655],[2656]]},{"type":"MultiLineString","arcs":[[2657],[2658],[2659],[2660],[2661],[2659],[2662],[2663],[2663],[2664],[2665],[2666],[2667],[2668],[2669],[2670],[2671],[2671],[2672],[2673],[2673],[2674],[2675],[2676],[2677],[2677],[2678]]},{"type":"MultiLineString","arcs":[[2679],[2680],[2681],[2682],[2683],[2684],[2685],[2686],[2687],[2688]]},{"type":"MultiLineString","arcs":[[2689],[2690],[2691]]},{"type":"MultiLineString","arcs":[[2692],[2693],[2694],[2695],[2695],[2696],[2697],[2698],[2699],[2700],[2700]]},{"type":"MultiLineString","arcs":[[2701],[2701],[2702],[2703],[2704],[2705],[2706],[2707],[2708],[2709],[2710,2711],[-2712,2712],[2713],[2714],[2715],[2716]]},{"type":"MultiLineString","arcs":[[2717],[2718,2719]]},{"type":"LineString","arcs":[2720]},{"type":"MultiLineString","arcs":[[2721],[2722],[2723],[2724],[2724],[2725],[2726],[2727],[2728],[2729],[2730],[2731],[2732],[2733],[2734],[2735],[2736]]},{"type":"MultiLineString","arcs":[[-2720,2737,2738],[2739],[-2739,2740]]},{"type":"MultiLineString","arcs":[[2741,2742],[2743],[2744],[2745],[2746],[2747,2748],[2749],[2750],[2751],[2752,-2742],[2753],[2754],[2717]]},{"type":"MultiLineString","arcs":[[2755],[-2749,2756],[2757]]},{"type":"LineString","arcs":[2758]},{"type":"LineString","arcs":[2759,2760]},{"type":"MultiLineString","arcs":[[2761],[2762],[2763],[2764],[2764],[2765],[2766],[2767],[2768],[2769],[2770],[2771],[2772],[2773],[2774],[2775],[2775],[2776],[2777],[2778,-2760],[2779]]},{"type":"MultiLineString","arcs":[[2780],[2781],[2782],[2783],[2784],[2785],[2786],[2787],[2788],[2788],[2789],[2790],[2791],[2792],[2793]]},{"type":"MultiLineString","arcs":[[2794,2795],[2796,2794],[-2795],[2797],[2798],[2799],[2800],[2801],[2801]]},{"type":"MultiLineString","arcs":[[2802],[2803],[2804],[2805]]},{"type":"MultiLineString","arcs":[[2806],[2807],[2808],[2809],[2810],[2811],[2812],[2813],[2814,2815],[2816],[2817],[2818],[2819],[2820],[2821]]},{"type":"MultiLineString","arcs":[[2822],[2823],[2824],[2825],[2826]]},{"type":"MultiLineString","arcs":[[2827],[2828],[2829],[2830],[2831],[2832],[2833]]},{"type":"MultiLineString","arcs":[[2834],[2835],[2836],[2837],[2838],[2839],[2840]]},{"type":"LineString","arcs":[2841]},{"type":"MultiLineString","arcs":[[2842],[2843],[2844],[2845],[2846],[2847]]},{"type":"MultiLineString","arcs":[[2848],[2849],[2850],[2851],[2852],[2853],[2854]]},{"type":"MultiLineString","arcs":[[2855],[2856],[2857],[2858],[2859]]},{"type":"MultiLineString","arcs":[[2860],[2861],[2862],[-2862,2863]]},{"type":"MultiLineString","arcs":[[2864],[2865],[2866],[2867],[2868],[2866],[2869],[2870],[2871],[2872],[2873],[2874]]},{"type":"MultiLineString","arcs":[[2861,2875],[2876],[2877],[2878],[2879]]},{"type":"LineString","arcs":[2880]},{"type":"LineString","arcs":[2881]},{"type":"MultiLineString","arcs":[[2882],[2883],[2884],[2885],[2886],[2887],[2888]]},{"type":"LineString","arcs":[2889]},{"type":"MultiLineString","arcs":[[2890],[2891],[2892]]},{"type":"MultiLineString","arcs":[[2893],[2894],[2895],[2896],[2897],[2898],[2899]]},{"type":"MultiLineString","arcs":[[2900,2901],[-2902,2902],[2903],[2904]]},{"type":"MultiLineString","arcs":[[2905],[2906],[2907]]},{"type":"LineString","arcs":[2908]},{"type":"MultiLineString","arcs":[[2909],[2910],[2911],[2911],[2912],[2913],[-2914],[2914],[2915],[2916],[2917],[2918]]},{"type":"MultiLineString","arcs":[[2919],[2920],[2921],[2922,2923],[2920],[2924],[2925],[2926],[2927,2927,2928],[2929],[2929],[2929],[2930],[2931],[2932],[2933],[2933],[2933],[2933],[2934,2935],[2933],[2936],[2937,2938],[2939],[2940,2941,2942],[2943],[2943],[2944],[2945,-2946,2946,2947,-2948]]},{"type":"MultiLineString","arcs":[[2948],[2949],[2950],[2951],[2952],[2952],[2953],[2954],[2955],[2956],[2957],[2958],[2959],[2960],[2960],[2961,2962,2963,2964],[2965,2966],[2967],[2968],[2969,-2966],[-2965,2970],[-2969]]},{"type":"MultiLineString","arcs":[[2971,2972],[2973],[2974],[2975],[2976],[2977,2978,2978,2979],[2980],[-2978],[2981],[2982],[2983],[2984],[2985]]},{"type":"MultiLineString","arcs":[[2986],[-2987]]},{"type":"MultiLineString","arcs":[[2987],[2988],[2989],[2990],[2991],[2992],[2992],[2993],[2994],[2995],[2996],[2997,2998,-2999],[-2997],[2999],[3000],[3001],[3002],[3002],[3002],[3003],[3004],[3005],[3006],[3007,3008],[-3008],[3009],[3010]]},{"type":"MultiLineString","arcs":[[3011],[3012],[3013],[3014],[3015],[3016],[3017],[3018],[3018],[3018],[3019],[3020],[3021],[3022],[3023]]},{"type":"MultiLineString","arcs":[[3024],[3025],[3026],[3027],[3028],[3028],[3029],[3030],[3030],[3031],[3032],[3031],[3031],[3033],[3034],[3035],[3036,3037],[3033],[-3035,3038],[3039],[3040]]},{"type":"LineString","arcs":[3041]},{"type":"MultiLineString","arcs":[[-2947],[2946],[3042],[3043],[3044],[3045,3046],[3047],[3047],[3048],[3049],[3050],[3051],[3052],[3053],[3054],[3055],[3055],[3056],[3057],[3058,3059],[3055],[3057],[3057],[3060],[3061],[3058],[-3059],[3062],[3063],[3064],[3065],[3066,3067],[3060],[3068],[3069],[3070],[3070],[3071],[3071],[3072],[3073],[3073],[3074]]},{"type":"MultiLineString","arcs":[[2947,3075],[3076],[3077],[3078],[3079],[3079],[3080],[3081],[3081],[3082],[3083],[3084],[3085],[-3084,3083],[3086],[3087],[3088],[3089],[3090],[3090],[3091],[3092],[3092],[3093],[3092]]},{"type":"MultiLineString","arcs":[[3094],[3095],[3096],[3097],[3098,3099,3100],[3101],[3101],[3101],[3102,3103],[3104],[3105],[3105],[3106],[3107],[-3107],[3108],[3109],[3110],[3111],[-3112],[3112],[3113],[3028],[3114],[3115],[3116,3117],[3114],[3118],[-3118,3119,3120,-3121,3120],[-3121],[3121,3122],[3123,3124],[3125],[3126],[-3125,3127],[3128],[3128],[3129,3130],[3131],[-3131],[3132],[3133],[3133],[3134],[3135],[3136],[3134],[3137],[3138],[3139],[3140],[3141],[3142],[3143],[3144],[3145,3146],[3147],[3148],[-3146],[3149],[3150],[3151],[3152]]},{"type":"MultiLineString","arcs":[[3153],[3154],[3155],[3156],[3156],[3157],[3158],[3156]]},{"type":"MultiLineString","arcs":[[3159,-3160,3159],[3160],[3161],[3162],[3163],[3164],[3165],[3166],[3166],[3167],[3168]]},{"type":"MultiLineString","arcs":[[3169],[3170]]},{"type":"MultiLineString","arcs":[[3171],[3172],[3173],[3174],[3175],[3176],[3177],[-3177],[3178],[-3179],[3179,3178],[3180],[3180],[3181],[3182,3183],[3184],[3184],[3185],[3186],[-3184],[3187],[3188],[3188]]},{"type":"MultiLineString","arcs":[[3189],[3190],[3191],[3192],[3193],[3194],[3195],[3196],[3196],[3197],[3198],[3199],[3200],[3201,3202],[-3203],[3203],[3204],[3205],[3206],[3207,3205],[-3206],[3208,3209,-3208],[3210],[3211],[3212],[3213],[3213],[3214],[3213]]},{"type":"LineString","arcs":[3215]},{"type":"MultiLineString","arcs":[[3216,3217],[3218],[3219],[-3218,3220],[3219,3221],[-3220]]},{"type":"MultiLineString","arcs":[[3222],[3223],[3224],[3225],[3226],[3224],[3227],[3227],[3228],[3229],[3230],[3231],[3230],[-3232],[3232],[3230],[3233],[3234],[3235],[3236],[3237],[3238]]},{"type":"MultiLineString","arcs":[[3239],[3240],[3241],[3242],[3243],[3244],[3245],[3246],[3247],[3248],[3249],[2961,3250]]},{"type":"MultiLineString","arcs":[[3251],[3252],[3251],[3253],[3254],[3255],[3256],[3257],[3258],[3259],[3260],[3260],[3260],[3261],[3262],[3263],[3264]]},{"type":"MultiLineString","arcs":[[3265],[3266],[3267],[3267]]},{"type":"MultiLineString","arcs":[[3268],[3269],[3270],[3271],[3272],[3273],[3274],[3275],[3276],[3277],[3278],[3279],[3280],[3281]]},{"type":"MultiLineString","arcs":[[3282,3283],[3284],[3285],[3286],[3287],[3288],[3289],[3290],[3291],[3292],[3293,3294],[3295],[-3295],[3296],[3297],[3298],[3299],[3300],[3301]]},{"type":"MultiLineString","arcs":[[3302,3303],[3304],[3305],[3306],[3307],[3308],[3306],[3309],[3310],[3311],[3312],[3313],[3314],[3314],[3315],[3316],[3317],[3317],[3317],[3318],[3319],[3320],[3321,3322],[3323],[3324],[-3323,3325],[3326],[3327]]},{"type":"MultiLineString","arcs":[[3328],[3329],[3330],[3331],[3332],[3333],[3334],[3335],[3336],[-3337,3337,3338],[-3338],[3339],[3340],[3340],[3341],[3342],[3343],[3344],[3345],[3346,3347],[3348],[3349],[3350],[3351,3352],[3353],[3354],[3355],[3356],[3356],[3357],[3358],[3359],[3360,3361],[3362],[3363],[3364],[3364],[3365],[3366],[3367],[3368],[3173]]},{"type":"MultiLineString","arcs":[[3369],[3370],[3371,3372],[-3373,3373],[3374],[3374],[3375],[3376],[3377],[3378],[3379],[3380],[3381],[3382],[3383],[3383],[3384],[3383],[3385],[3381],[3386],[3387]]},{"type":"MultiLineString","arcs":[[3388],[-3389],[3389],[3390],[3391,-3392,3391],[3392],[3393],[3390],[3394],[3395],[3396],[3397],[3398],[3399],[3400],[3401]]},{"type":"MultiLineString","arcs":[[3402],[3403],[3404],[3405],[3405],[3405]]},{"type":"LineString","arcs":[3406]},{"type":"LineString","arcs":[38]},{"type":"MultiLineString","arcs":[[3407],[3408],[3408],[3409],[3410],[3411],[3412],[3413],[3414],[3415],[3416],[3417],[3418,-3419,3418],[3419],[3420],[3421],[3422],[3423],[3424],[3425],[3426],[3427],[3428],[3429],[3430],[3431],[3432],[3433],[3434],[3435,-3435],[3436],[3430],[3437],[3438],[3439],[3440],[3441],[3442],[3443],[3444],[3445],[3446],[3447],[3448],[3449],[3450],[3451],[3452],[3453],[3454],[3455],[3456,3457],[3458,3459],[3460,-3459],[3461],[3462],[3463],[3464],[3465],[3466],[3467]]},{"type":"MultiLineString","arcs":[[3468],[3469],[3470],[3471],[3472],[3473],[3474],[3475],[3476],[3476],[3477],[3478],[3479],[3480],[3481],[3482,3483],[3484],[3485],[3486],[3487],[-3483],[3488],[3489],[3490],[3491],[3492],[3493],[3494],[3495]]},{"type":"MultiLineString","arcs":[[3496],[3497],[3498],[3499,3500],[3501,-3500],[3502],[3503],[3504],[3505]]},{"type":"MultiLineString","arcs":[[3506],[3507],[3508],[3509],[3510],[3511],[3512],[3513],[3514],[3515],[3516],[3517],[3518],[3519],[3520],[3521],[3522],[3523],[-3524,3524],[3525],[3526],[3527],[3527]]},{"type":"LineString","arcs":[3528]},{"type":"MultiLineString","arcs":[[3529],[3530],[3531],[3532],[3533],[3534],[3535],[3536],[3537],[3538],[3539],[3540],[3541],[3542],[3543],[3544],[3545],[-3546,3546],[3547]]},{"type":"MultiLineString","arcs":[[3548],[3549],[3550],[3551,3552],[-3553,3553]]},{"type":"MultiLineString","arcs":[[3554],[3555],[3556],[3557],[3558],[3559],[3560,3561],[3562],[3563],[3564],[3565],[3566],[3567],[3568],[3569],[3570],[3571],[3572]]},{"type":"LineString","arcs":[3573]},{"type":"LineString","arcs":[3574]},{"type":"MultiLineString","arcs":[[3575],[3576],[3577,3578],[-3579],[3579],[3580],[3581],[3582],[3583],[3584],[3585],[3586],[3587]]},{"type":"MultiLineString","arcs":[[3588],[3589],[3590],[3591]]},{"type":"MultiLineString","arcs":[[3592,3593],[3594],[3595,3596],[-3594],[3597],[3598],[-3597,3599],[3600],[3601]]},{"type":"MultiLineString","arcs":[[3602],[3603],[3604],[3605,3606],[3607],[3608,3609],[-3610,3610],[3611],[3612],[3613],[3614],[3615],[3616],[3617,3618],[3619],[3620],[3621],[3622],[3623],[3624],[3625],[3626],[3627],[3628],[3629],[3630],[3631],[3632],[3633],[3633]]},{"type":"MultiLineString","arcs":[[3634],[3635],[3636],[3637],[3638],[3639]]},{"type":"MultiLineString","arcs":[[3640],[3641],[3642],[3643],[3644],[3645],[3646],[3647],[3648],[3649],[3650],[3651],[3652],[3653],[3654,3655],[3656],[3657],[3658],[3659]]},{"type":"MultiLineString","arcs":[[3660],[3661],[3662],[3663],[3664],[3665],[3635],[3666],[3667],[3668],[3669],[3670],[3668],[3671],[3672]]},{"type":"MultiLineString","arcs":[[3673],[3673],[3673],[3674],[3675],[3676],[3677],[3678]]},{"type":"MultiLineString","arcs":[[3679],[3680],[3681],[3682],[3683,3684],[3685],[3686],[3687],[3688],[3689],[3690],[3691],[3692],[3693],[3694],[-3685,3695],[3696],[3697],[3698],[3699]]},{"type":"MultiLineString","arcs":[[3700],[3701],[3702],[3703],[3704],[3705],[3706],[3707],[3708],[3709],[3710],[3711],[3712]]},{"type":"MultiLineString","arcs":[[3713],[3714],[3715],[3716],[3717],[3718],[3719],[3720],[3721],[3722],[3723],[3724],[3725],[3726],[3727],[3728],[3729],[3730],[3731],[3732],[3733],[3734],[3735],[3736],[3737],[3738],[3739],[3740],[3740],[3741],[3740],[-3742],[3742,3743,3744],[-3743],[3745],[3746],[3747],[3748],[3749],[3750],[3751],[3752],[3753,3754],[3755,-3754],[3756],[3757],[3758],[3759,3760],[-3761,3761],[3762],[3763]]},{"type":"MultiLineString","arcs":[[3764],[3765],[3766],[3767],[3768],[3769],[3770],[3771],[3772],[3773],[3774],[3775],[3776,3777],[3778],[3779],[3780],[3781],[3782],[3782],[3782],[3783],[3784,-3777],[3785]]},{"type":"MultiLineString","arcs":[[3786],[3787],[3788],[3789],[3790],[3791],[3792],[3793],[3794,3795,3796],[-3795],[3797],[3798],[3799],[3800],[3801],[3802],[3803],[3804],[3805],[3806],[3807],[3808],[3809],[3810],[3811],[3812],[3813],[3814],[3815],[3816],[3817],[3817],[3818],[3819],[3820],[3821,-3821]]},{"type":"MultiLineString","arcs":[[3822],[3823],[3824],[3825],[3826],[3827],[3828],[3829],[3830],[3831],[3832],[3833],[3834],[3835],[3836],[3837],[3838],[3839],[3840],[3841],[3842],[3843],[3844],[3845],[3846],[3847],[3848],[3849,3850],[3851]]},{"type":"MultiLineString","arcs":[[3852],[3853],[3854],[3855],[3856],[3857],[3858]]},{"type":"MultiLineString","arcs":[[3859,3860],[3861],[-3861,3862],[3863],[3864],[3865],[3866],[3867],[3868],[3869],[3870],[3871],[3872],[-3869],[3873,3874],[3875],[3876],[3877],[3878],[3879],[3879],[3880],[3881],[3882,3883],[-3884],[3884],[3885],[3886],[-3875,3887],[3888],[3889],[3890],[3891],[3892],[3893],[3894,3895],[3896],[3897],[-3896,3898],[3899],[3900],[3901],[3902],[3903],[3904],[3905],[3906]]},{"type":"MultiLineString","arcs":[[3907,3908],[3909],[3910],[-3909,3911],[3912],[3913],[3914],[3915],[3916],[3917],[3918],[3919],[3920],[3921],[3922,3923,3924],[3925],[3926],[3927],[3928],[3929],[3930],[3931,3932],[3933],[3934,-3924,3935],[3936],[3937],[3938],[3939],[3940],[3941],[3941],[3941]]},{"type":"MultiLineString","arcs":[[3942],[3943],[3944,3945],[-3946],[3946],[3947],[3948],[3949],[3950],[3951],[3952],[3953,3954],[-3955,3955],[3956],[3957],[3958],[3959,3960],[3961],[3962],[3963],[3964],[-3961,3965],[3966],[3967],[3968],[3969],[3970],[3971],[3972],[3973],[3974],[3975],[3976],[3977],[3978],[3979],[3980],[3981],[3982]]},{"type":"MultiLineString","arcs":[[3983],[3984],[3985],[3986],[3987],[3988],[3989,3990],[3991],[3992],[3993],[3994],[3995],[3996],[3997,3998],[3999,-3998],[4000],[4001],[4002],[4003],[4004],[4005],[4006,4007],[4008],[4009],[4010],[-4008,4011],[4012],[4013],[4014]]},{"type":"MultiLineString","arcs":[[4015,4016],[4017],[4018],[4019],[4020],[4021],[4022],[4023],[4024],[4025],[4026,4027],[4028,-4027],[4029],[4030],[4031],[4032],[4033],[4034],[-4035,4035],[4036],[4037],[4038]]},{"type":"LineString","arcs":[4039]},{"type":"MultiLineString","arcs":[[4040],[4041],[4042,4043],[-4044,4044],[4045],[4046],[4047,4048],[4049],[4050],[4051],[4052,4053],[-4054],[4054],[4055],[4056],[4057],[4058,4059],[-4060,4060],[4061],[4061],[4062],[4063],[4064,4065,4066],[4067],[4068],[4069],[4070,4071],[4072],[4072],[4073],[4074],[4075,-4065]]},{"type":"MultiLineString","arcs":[[4076],[4077],[4078],[4079],[4080],[4081],[4082],[4083],[4084],[4085],[4086],[4087],[4088],[4089],[4090],[4091],[4092],[4093],[4094],[4095],[4096],[4097],[4070,4098]]},{"type":"MultiLineString","arcs":[[-3933,4099,4100],[4101,4102],[-4101],[4103],[4104],[4105,4106],[4107],[4108],[4109],[4110],[4111],[4112],[4113]]},{"type":"MultiLineString","arcs":[[4114],[4115],[4116],[4117],[4118]]},{"type":"MultiLineString","arcs":[[4119],[4120],[4121],[4122,4123],[4124],[4125],[4126],[4127],[4128],[4129],[4130],[4131],[4132],[4133],[4134]]},{"type":"MultiLineString","arcs":[[4135],[4136],[4137],[4137],[4137],[4138],[4139],[4137],[4140],[4141],[4142],[4143],[4144],[4145],[4146],[4147],[4148],[4149],[4150],[4150],[4150],[4151],[4152],[4153],[4154],[4155],[4156],[4157],[4158,4159],[-4160,4160],[4161],[4162],[4163],[4164]]},{"type":"MultiLineString","arcs":[[4165],[4166],[4167],[4168],[4169],[4170],[4171],[4172],[4173],[4174],[4175],[4176]]},{"type":"MultiLineString","arcs":[[4177],[4178],[4179],[4180],[4181,4182],[-4183,4183],[4184],[4185],[4186],[4187],[4188],[4189],[4190],[4191],[4192],[4193],[4194],[4195],[4196],[4197,4198],[4199],[4200],[-4199],[4201],[4202,4203],[4204],[4205],[4206],[4207],[4208]]},{"type":"MultiLineString","arcs":[[4209],[4210]]},{"type":"MultiLineString","arcs":[[4211],[4212],[4213],[4214],[4215],[4216],[4217],[4218],[4219],[4220],[4221],[4222],[4223],[4224,4225],[4226],[4227],[4228],[4229]]},{"type":"MultiLineString","arcs":[[4230],[4231],[4232],[4233],[4234],[4235],[4236],[4237],[4238],[4239],[4240],[4241],[4242],[4243,4244],[4245],[4246],[4247],[4248],[4249],[4250],[4251],[4252],[4253,-4244]]},{"type":"MultiLineString","arcs":[[4254],[4255],[4256],[4257],[4258],[4259],[4260],[4261],[4262],[4263],[4264],[4265],[4266],[4267],[4268],[4269],[4270],[4271],[4272],[4273],[4274],[4275],[4276],[4277],[4278],[4279],[4280],[4281],[4282],[4283],[4284],[4285],[4286,4287],[4288,-4287],[4289],[4290],[4291],[4292],[4293],[4294],[4295],[4296]]},{"type":"MultiLineString","arcs":[[4297,4225],[4298],[4299]]},{"type":"MultiLineString","arcs":[[4300],[4301],[4302],[4303],[4304],[4305],[4306],[4307],[4308],[4309],[4310],[4311],[4312]]},{"type":"MultiLineString","arcs":[[4313],[4314],[4315],[4316],[4317],[4318],[4319],[4320],[4321],[4322],[4323],[4324,4325],[4326],[4327],[4328,-4325],[4329],[4330],[4331],[4332],[4333],[4334],[4335],[4336],[4337],[4338],[4339],[4340],[4341],[4342],[4343],[4344],[4345],[4346],[4347],[4348],[4349],[4350],[4351],[4352],[4353],[4354],[4355],[4356],[4357,4358],[4359],[4360],[4361],[4362],[4363],[4364],[4365],[4366],[4367],[4368,4369],[4370],[4371],[-4370,4372],[4373],[4374],[4375]]},{"type":"MultiLineString","arcs":[[4376],[4377],[4378],[4379],[4380],[4381],[4382,4383],[4384],[4385],[4386],[4387],[4388],[4389],[4390],[4391,4392],[4393],[4394],[-4393,4395],[4396],[4397,4398,4399,4400],[-4401,4401],[4402],[4403],[4404],[4405,-4399,4406],[4407],[4408],[4409],[4410]]},{"type":"MultiLineString","arcs":[[4411],[4412],[4413],[4414],[4415],[4416],[4417],[4418],[4419],[4420],[4421],[4422],[4423],[4424],[4425],[4426],[4427],[4428],[4429],[4430],[4431],[4432,4433],[4434],[4435],[4436],[4437],[4438],[4439],[4440],[4441],[4442],[4443],[4444,4445],[4446],[4447],[4448],[4449],[4450],[4451],[4452],[4453],[4454],[4455],[4456],[4457],[4458],[4459],[4460],[4461],[4462],[4463],[4464],[4465],[4466],[4467],[4468,4469],[-4470,4470],[4471],[4472],[4473],[4474],[4475],[4475],[4476],[4477],[4478],[4479],[4480],[4481],[4482],[4483],[4484],[4485],[4486],[4487],[4488],[4489],[4490],[4491],[4492],[4493],[4494],[4495],[4382]]},{"type":"MultiLineString","arcs":[[4496,4497,-4498],[4498],[4499],[4500],[4501],[4502],[4503],[4504],[4505],[4506],[4507],[4508],[4509],[4510],[4511]]},{"type":"MultiLineString","arcs":[[4497,4512],[4513],[4514],[4515],[4516],[4517],[4518],[4519],[4520,4521,-4522],[4521],[4522],[4523],[4524]]},{"type":"MultiLineString","arcs":[[4524],[4525],[4526],[4527],[4528],[4529],[4530],[4531],[4531],[4531],[4532],[4533],[4534],[4535]]},{"type":"MultiLineString","arcs":[[4536],[4537],[4538],[4539],[4540],[4541],[4542],[4543],[4544],[4545],[4546],[4547],[4548],[4549],[4550],[4551,4552],[-4553],[4553],[4554],[4555],[4556],[4557],[4558],[4559],[4560],[4561],[4562],[4563]]},{"type":"MultiLineString","arcs":[[4564],[4565],[4566],[4567],[4568],[4569],[4570],[4568],[4571],[4572],[4573],[4574],[4575],[4576],[4577],[4578],[4579],[4580],[4581]]},{"type":"LineString","arcs":[4582,3510]},{"type":"MultiLineString","arcs":[[4583],[4584],[4585],[4586],[4587],[4588],[4589],[4590],[4590]]},{"type":"MultiLineString","arcs":[[4591],[4592],[4593,4594],[-4594],[4595],[4596],[4597],[4598],[4599],[4600],[4601],[4602],[4603],[4604],[4605],[4606],[4607],[4608],[4609,4610],[-4610],[4611],[4612]]},{"type":"MultiLineString","arcs":[[4613],[4614],[4615,4616],[4617],[4618],[4619],[4619],[-4616],[4620],[4621],[4622],[4623],[4624],[4625],[4626],[4627],[4628],[4629],[4630],[4631],[4632],[4633],[4634],[4635],[4636]]},{"type":"MultiLineString","arcs":[[4637],[4638],[4639]]},{"type":"MultiLineString","arcs":[[4640],[4641],[4642],[4643],[4644],[4645],[4646],[4647],[4648],[4649],[4650],[4651],[4652],[4653],[4654],[4655],[4656],[4657],[4658],[4658],[4659],[4660],[4661],[4662],[4663],[4664],[4665],[4666],[4667]]},{"type":"MultiLineString","arcs":[[4668],[4669],[4670],[4671],[4672],[4673],[4674],[4675],[4676],[4677],[4678],[4679,4680],[4681,-4680]]},{"type":"MultiLineString","arcs":[[4682],[4683],[4684],[4685],[4686],[4687],[4688,4689],[4690],[4691,4692],[4693,-4692],[4694],[4695],[4696],[4697],[4698,4699],[-4699],[4700],[4701],[4702],[4703],[4689,4704,4705],[-4690],[4706],[-4706,4707],[4708],[4709],[4710],[4710],[4710],[4711],[4712],[4713],[4714],[4715],[4716],[4717],[4718],[4719]]},{"type":"MultiLineString","arcs":[[4720],[4721],[4722],[4723],[4724],[4725],[4726],[4727],[4728],[4729],[4730,4731],[4732],[4733],[4734],[4735],[4736],[4737],[4738],[4739,4740],[4741],[4742],[4743],[4744],[-4741,4745],[4746]]},{"type":"MultiLineString","arcs":[[4747],[4748],[4749],[4750],[4751],[4752],[4753,4754],[4755],[4756],[-4754],[4757],[4758],[4759],[4760],[4761],[4762,4763],[4764,-4763],[4765],[4766]]},{"type":"MultiLineString","arcs":[[4767],[4768,4769],[4770],[4771],[-4770,4772],[4773],[4774],[4775,4776],[4777],[4778],[4779],[4777],[4780],[4781,4782],[4783],[4784],[4785],[4786],[-4783,4787],[4788],[4789],[4790,4791],[-4777],[4792],[-4792,4793],[4794,4795,4796],[4797,-4795],[4798],[4798],[4799],[4800],[4801],[4802],[4803],[4804],[4805],[4806],[4807]]},{"type":"MultiLineString","arcs":[[4808],[4809],[4810],[4811],[4812],[4813],[4814],[4815],[4816],[4817],[4818],[4819],[4819],[4820],[4821]]},{"type":"MultiLineString","arcs":[[4822],[4823],[4823]]},{"type":"MultiLineString","arcs":[[4824],[4825],[4826],[4827],[4828],[4829],[4830],[4831],[4832],[4833],[4834],[4835],[4836],[4837],[4838],[4839],[4840],[4840],[4841],[4842],[4843],[4844],[4845],[4846],[4847,4848],[4849],[4850],[4851],[4852],[4853],[4854],[4855],[4854],[4854],[4856],[4856],[4857],[4858],[4859],[4860],[4860],[4861],[4862],[4857],[4863,-4848],[4864],[4865],[4866],[4867],[4868],[4869],[4870],[4871],[4872],[4873],[4874],[4874],[4874],[4875],[4876],[4877]]},{"type":"MultiLineString","arcs":[[4878,4879],[4880],[4881],[4882],[4883],[4884],[4885],[4886],[4887],[4888],[4889],[-4879],[4890],[4891],[4892],[4893],[4894],[4895],[4896,4897],[4898],[-4899,4899],[-4898,4900],[4901]]},{"type":"MultiLineString","arcs":[[4902],[4903],[4904],[4905],[4906],[4907],[4908],[4908],[4909],[4910],[4911],[4912],[4910],[4913],[4914],[4915],[4916],[4917],[4918],[4919],[4920],[4921],[4922],[4923],[4924],[4925],[4926],[4927],[4928],[4929],[4929],[4930],[4931],[4932],[4933],[4934],[4935]]},{"type":"MultiLineString","arcs":[[4936],[4937],[4938],[4939],[4940],[4941],[4942],[4943],[4944]]},{"type":"MultiLineString","arcs":[[4945],[4946],[4947],[4948],[4949]]},{"type":"MultiLineString","arcs":[[4950],[4951],[4952],[4953],[4954]]},{"type":"MultiLineString","arcs":[[4955],[4956]]},{"type":"MultiLineString","arcs":[[4957],[4958],[4959],[4960],[4961]]},{"type":"MultiLineString","arcs":[[4962],[4963],[4964],[4965,4966],[4967,-4966],[4968],[4969]]},{"type":"MultiLineString","arcs":[[4970],[4971]]},{"type":"MultiLineString","arcs":[[4972],[4973,4974],[4975,4976],[-4977,4977],[4978],[-4979],[4979],[4980]]},{"type":"MultiLineString","arcs":[[4981],[4982],[4983],[4984],[4985],[4986],[4987]]},{"type":"LineString","arcs":[4988]},{"type":"LineString","arcs":[4989]},{"type":"LineString","arcs":[4990]},{"type":"MultiLineString","arcs":[[4991],[4992],[4993],[4994],[4995]]},{"type":"MultiLineString","arcs":[[4996],[4997],[4998],[4999,-4995,4994]]},{"type":"LineString","arcs":[5000]},{"type":"LineString","arcs":[5001]},{"type":"MultiLineString","arcs":[[5002],[5003],[5004],[5005],[5006]]},{"type":"LineString","arcs":[5007]},{"type":"MultiLineString","arcs":[[5008],[5009],[5010],[5011],[5012],[5012],[5013],[5014],[5015],[5016],[5017]]},{"type":"LineString","arcs":[5018]},{"type":"LineString","arcs":[5019]},{"type":"MultiLineString","arcs":[[5020],[5021],[5022],[5023],[5024]]},{"type":"MultiLineString","arcs":[[5025],[5026]]},{"type":"MultiLineString","arcs":[[5027],[5028],[5029],[5030],[5031],[5032],[5033],[5034],[5035],[5036],[5037],[5038],[5039],[5040],[5041],[5042],[5043]]},{"type":"LineString","arcs":[5044]},{"type":"MultiLineString","arcs":[[5045],[5046],[5047],[5048],[5049],[5050],[5051],[5052]]},{"type":"MultiLineString","arcs":[[5053],[5054],[5055,5056]]},{"type":"LineString","arcs":[-5057,5057]},{"type":"MultiLineString","arcs":[[5058],[5059],[5060],[5061],[5062],[5063],[5064],[5065],[5066]]},{"type":"LineString","arcs":[5067]},{"type":"MultiLineString","arcs":[[5068],[5069],[5070,5071],[5072],[5072],[5073],[5074]]},{"type":"MultiLineString","arcs":[[5075,5076],[5077],[5078],[5079],[5080],[5081],[5082],[5083],[5084],[5085]]},{"type":"MultiLineString","arcs":[[5086],[-5076],[5087]]},{"type":"LineString","arcs":[5088]},{"type":"LineString","arcs":[5089]},{"type":"MultiLineString","arcs":[[5090,5091],[-5092],[5091,5092],[5093],[5094],[5095],[5095],[5096],[5097],[5098],[5099],[5100],[5101],[5102],[5103],[5104],[5105],[5106],[5107],[5108],[5109]]},{"type":"LineString","arcs":[5110]},{"type":"MultiLineString","arcs":[[5111],[5112],[5113]]},{"type":"MultiLineString","arcs":[[5114],[5115],[5116],[5117],[5118],[5119],[5120],[5121],[5122],[5123],[5124]]},{"type":"LineString","arcs":[5125]},{"type":"MultiLineString","arcs":[[5126],[5127],[5128],[5129],[5130],[5131],[5132],[5133],[5134],[5135],[5136],[5137],[5138],[5139],[5140],[5141]]},{"type":"MultiLineString","arcs":[[5142],[5143],[5144],[5145],[5146],[5147],[5148],[5149,5150],[5151],[5152],[-5153],[-5150],[5153,5154,-5151],[5155],[5156],[5157,5158],[5159],[5160],[-5158],[5161],[5162],[5163],[5164],[5165],[5166],[5167],[5168],[5169],[5170],[5171],[5172],[5173],[5174],[5175],[5176],[5177],[-5178,5177,-5178],[5178,5179],[5180],[5181],[5182],[5183],[5184],[5185],[5186],[5187],[5188],[5189],[5190],[5191],[5192],[5193],[5194],[5195],[5196],[5197,5198],[-5199,5199],[5200],[5201],[5202],[-5203],[5203],[5204,5205],[5206],[5207,-5205],[5208,5209,5210],[5211],[5212,-5210],[5213],[5214],[5215],[5216],[5217],[5218],[5219],[5220,5221],[5222],[5223,5224],[-5221],[5225,-5224],[5226],[5227],[5228],[5229],[5230],[5231,5232],[5229],[5233],[5234],[5235],[5236,-5232],[5237,5238],[5239],[5240],[5241],[5242],[5243],[5244],[5245],[5246],[5246],[5247],[5248],[5249],[5250],[5251],[5252],[5253],[5254],[5255],[5256],[5257],[5258],[5259],[5260],[5261],[5262],[5263],[5263],[5264],[5265]]},{"type":"LineString","arcs":[5266]},{"type":"MultiLineString","arcs":[[5267],[5268],[5269]]},{"type":"MultiLineString","arcs":[[5270],[5271],[5272],[5273],[5274],[5275],[-5276,5276],[5277,5278],[-5279],[5279],[5280,-5280],[5281],[5282],[5283],[5284],[5285],[5286],[5287]]},{"type":"LineString","arcs":[5288]},{"type":"MultiLineString","arcs":[[5289],[5290],[5291],[5292],[5293],[5294],[5295],[5296],[5297],[5298],[5299],[5300],[5301],[5302],[5303],[5304],[5305],[5306],[5307],[5308],[5309],[5310],[5311],[5312],[5313],[5314,5315],[5316,-5315],[5317],[5318],[5319],[5320],[5321],[5322],[5323],[5324],[5325],[5326],[5327,5328],[5329],[5330,5331],[-5329,5332],[5333],[5334,5335],[5336,5337],[-5337],[5338],[-5336],[5339],[5339],[5340],[5341]]},{"type":"LineString","arcs":[5342]},{"type":"LineString","arcs":[5343]},{"type":"LineString","arcs":[5344]},{"type":"LineString","arcs":[5345]},{"type":"LineString","arcs":[5346]},{"type":"MultiLineString","arcs":[[5347],[5348],[5349],[5350],[5351],[5352],[5353],[5354],[5355],[5356],[5357],[5358],[5359],[5360]]},{"type":"MultiLineString","arcs":[[5361,5362],[5363],[5364],[5365],[5366],[5367,5368],[5369],[5369],[5370],[5371,5372],[-5373],[5373,-5362]]},{"type":"MultiLineString","arcs":[[5374],[5375,5376],[-5377],[5377],[5378],[5379],[5380],[5381],[5382],[5383],[5384],[5385],[5386],[5387,-5368],[5386],[5388],[5389],[5390],[5391],[5392],[5393],[5394],[-5395],[-5392],[5395],[5396],[5397],[5398],[5399],[5400],[5401],[5402],[5403],[5404],[5404],[5405],[5406],[5407],[5408],[5409],[5410],[5411],[5412],[5413],[5414,5415],[5416,5417],[5418],[5419],[5419]]},{"type":"MultiLineString","arcs":[[5420],[5421],[5422],[5423],[5424,5425]]},{"type":"LineString","arcs":[5426]},{"type":"MultiLineString","arcs":[[5427],[5428],[5429]]},{"type":"MultiLineString","arcs":[[5430],[5431,5432],[-5433,5433],[5434],[5435],[5436],[5437],[5438],[5439],[5440],[5441],[5442],[5443]]},{"type":"MultiLineString","arcs":[[5444,5445],[5446],[5447]]},{"type":"MultiLineString","arcs":[[5448],[5449],[5450],[5451],[5452],[5453],[5454],[5455],[5456],[5457],[5458],[5459],[5460],[5461],[5462],[5463],[5464],[5465],[5466],[5467],[5468],[5469],[5470],[5471],[5472],[5473],[5474],[5475],[5476],[5474],[5477],[5478,5479],[5480],[5481],[5482],[5483],[5484],[5485],[-5480,5486],[5487],[5488],[5489],[5490],[5491],[5492],[5493],[5494],[5495]]},{"type":"LineString","arcs":[-5496,5496]},{"type":"MultiLineString","arcs":[[5497],[5498],[5499],[5500],[5501],[5502],[5502],[5499],[5503],[5504],[5505],[5506,5507],[-5507],[5508],[5508],[5509],[5510],[5511],[5512]]},{"type":"MultiLineString","arcs":[[5513],[5514],[5515]]},{"type":"MultiLineString","arcs":[[5516],[5517]]},{"type":"MultiLineString","arcs":[[5518,5519],[5520,5521],[5522],[5523,5524],[5525],[5526,-5524],[5527],[5528,5529],[5530],[5531],[5532],[5533],[5534],[5535],[5536],[5537,5538],[5539],[5540],[5541],[5542],[-5539,5543]]},{"type":"MultiLineString","arcs":[[5544],[5545],[5546],[5547,5548],[5549],[5550],[5551],[5552,-5548]]},{"type":"MultiLineString","arcs":[[5553],[5554],[72],[5555],[5556],[5557],[5557],[5557],[5557],[5558],[5559],[5560],[5555],[5561],[5562],[5563],[5561],[5564],[5565],[5566,5567],[5568],[5569],[5570,-5567],[5571],[5572],[5573],[5574],[5575],[5576],[5577],[5578],[5579],[-5580,5580],[5581],[5581],[5582],[5583],[5584],[5585],[5586],[5587],[5588],[5589],[5590],[5591],[5592],[5593],[5594],[5595],[5596],[5597],[5598],[5599],[5600],[5601],[5602]]},{"type":"MultiLineString","arcs":[[5603],[5604],[5605],[5606],[5607],[5608],[5606],[5609],[5610],[5611],[5612],[5613],[5614],[5615],[5616],[5617],[5618],[5618],[5619],[5620],[5621]]},{"type":"LineString","arcs":[5622]},{"type":"LineString","arcs":[5623]},{"type":"MultiLineString","arcs":[[5624,5625],[5626],[5627],[5628],[5629],[-5626],[5630],[5631],[5632],[5633],[5634],[5635],[5636],[5637],[5638],[5639],[5640],[5641],[5642],[5643],[5644],[5645],[5646],[5647],[5648],[5649],[5650],[5651],[5652],[5653],[5654],[5655],[5656],[5657],[5658],[5659],[5660],[5661]]},{"type":"MultiLineString","arcs":[[5662],[5663],[5664],[5665],[5666],[5667],[5668],[5669],[5667],[5670],[5671]]},{"type":"MultiLineString","arcs":[[5672],[5673],[5674],[5675]]},{"type":"MultiLineString","arcs":[[5676],[5677],[5678],[5679],[5680],[5681],[5682],[5683],[5684],[5685,5686],[5687,5688],[-5688],[5689],[5690],[5691,5692],[-5692],[5693],[5694],[5695],[5696],[5697],[5698],[5699],[5700],[5701],[5702],[5703],[5704],[5704],[5705],[5706],[5707],[5708],[5709],[5710],[5711],[5712]]},{"type":"MultiLineString","arcs":[[5713],[5714],[5715],[5716],[5717],[5718],[5719],[5720],[5721]]},{"type":"LineString","arcs":[5722]},{"type":"MultiLineString","arcs":[[5723],[5724],[5725],[5726],[5727],[5728],[5729],[5728],[5728],[5730],[5731],[5732],[5733],[5734],[5735],[5736,5737],[5738,-5737],[5739],[5740],[5741],[5742],[5743],[5744],[5745],[5746],[5747],[5748],[5749],[5750],[5751],[5752],[5753],[5754],[5755],[5756],[5757],[5758],[5759],[5760]]},{"type":"LineString","arcs":[5761]},{"type":"LineString","arcs":[5762]},{"type":"MultiLineString","arcs":[[5763],[5764,5765],[5766],[5767],[5767],[5768],[5768],[5769],[5768],[5770],[-5766],[5771],[5772],[5773],[5774],[5775],[5776],[5777],[5778],[5779],[5780],[5779],[5779],[5781],[5782],[5783],[5784],[5785,5786,5787],[5783],[5788,5789],[-5788],[5790],[5791],[5792],[5793],[5794],[-5795],[5795],[5796,-5796],[5797],[5798]]},{"type":"MultiLineString","arcs":[[5799],[5800],[5801],[5802],[5803],[5804],[5805],[5806],[5807],[5808],[5809],[5810],[5811],[5812],[5813],[5814,5815],[5816]]},{"type":"MultiLineString","arcs":[[5817],[5818],[5819],[5820],[5821],[5822],[5823]]},{"type":"MultiLineString","arcs":[[5824],[5825],[5826],[5827],[5828],[5829],[5830],[5828],[5831],[5832,-5832],[5833],[5834,5835,-5834],[5836],[5837],[5838,-5835],[5839],[5840],[5840],[5841],[5842],[5843],[5844],[5845],[5845],[5846],[5847],[5848],[5849],[5850],[5851],[5852],[5853],[5854],[5855],[5856],[5857,5858],[5859],[5860]]},{"type":"LineString","arcs":[5861]},{"type":"LineString","arcs":[5862]},{"type":"LineString","arcs":[5863]},{"type":"LineString","arcs":[5864]},{"type":"MultiLineString","arcs":[[5865],[5866],[5867],[5868],[5869],[5870,5871],[5872],[5873],[5874],[5875],[5876,5877],[5878],[5879],[5880],[5881,5882],[5883],[5882,5884],[-5883],[5885],[5886],[5887],[5888],[5889],[5890],[5891],[5892],[5893],[5894],[5895],[5896],[5897],[5898]]},{"type":"MultiLineString","arcs":[[5899],[5900],[5901],[5902],[5903],[5904],[5905],[5906],[5907]]},{"type":"MultiLineString","arcs":[[5908,5909],[5910],[5911],[5912],[5913],[5914],[5914]]},{"type":"MultiLineString","arcs":[[5915],[5916],[5917],[5918,5919],[5920],[5921,5918],[-5919],[-5922],[5922,5923,5921],[5924],[-5923],[5925],[5926],[5927],[5928],[5929],[5930],[-5930],[5929],[5931],[5932],[5933],[5933],[5934],[5933],[5935],[5936],[5937],[5938],[5939],[5940],[5941],[-5942],[5942],[5943],[5944],[5945],[5946],[5870,5947]]},{"type":"MultiLineString","arcs":[[5948],[5949],[5950],[5951],[5952],[5953],[5953],[5954],[5955],[5953],[5956],[5957],[5958],[5959,-5960,5959,5960],[5961],[5962],[5963],[5964,5965],[5966,-5965],[5960,5967],[-5961],[5968],[5969],[5970],[5971],[5972],[5973],[-5974],[5974,5973],[5975],[5976],[5977],[5978],[5979],[5980],[5981],[5979],[5982],[5983],[5984],[5985]]},{"type":"MultiLineString","arcs":[[5986],[5987],[5988],[5989],[5990],[5991],[-5426],[5992],[5993],[5994],[5995],[5996],[5997],[5998,5999],[6000],[6001],[6002],[6003],[6004],[6005],[6006],[6007],[6008],[6009],[6010]]},{"type":"LineString","arcs":[6011]},{"type":"MultiLineString","arcs":[[6012],[6013],[6014],[6015],[6016],[6017],[6018],[6019],[6020],[6021],[6022],[6023],[6024]]},{"type":"MultiLineString","arcs":[[6025],[-6026],[6026],[-6027,6027],[6028,6026],[-6027],[6029],[6030],[6031],[6029],[6032],[6033],[6034],[6034],[6035],[6036],[6037],[6038],[6039],[6040],[6041],[6039],[6042],[6043],[6044],[6045],[6046],[6047],[6048],[6049],[6050],[6051],[6052],[6053],[6054],[6055],[6056],[6057],[6057],[6057],[6058],[6059],[6060],[6061],[6062],[6063],[6064],[6065],[6066],[6067],[6068],[6069],[6070],[6071],[6072],[6073],[6074],[6075],[6076],[6077],[6078],[6079],[6080],[6081],[6079],[6082],[6083]]},{"type":"MultiLineString","arcs":[[6084],[6085],[6086,6087],[6088],[6089],[-6087],[6090],[6091],[6092],[6093],[6094],[6095],[6096],[6097],[6095],[6098],[6099],[6100],[-6101],[6101],[6102],[6103],[6104],[6105],[6106],[6107],[6107],[6108],[6108],[6109],[6110],[6110],[6111],[6112],[6113],[6114],[6115]]},{"type":"MultiLineString","arcs":[[6116],[6117],[6118],[6119],[6120],[6121],[6122,6123],[6124],[6125],[6126],[6127,6128,6129],[-6130],[6130],[6131,-6128],[6132],[6133],[6134],[6135],[6136],[6137],[6138],[6139],[6140],[6141],[6142],[6140],[6143],[6144],[6145],[6146],[6147],[6148],[6149],[6150],[6151,6152],[-6153,6153],[6154],[6155],[6156],[6157],[6158],[6159],[6160,6161,6162],[6163,6164,-6165],[-6164,6165],[-6163],[6166],[6167],[6168],[6169],[-6166],[6170],[6171],[6172],[6173],[-6172],[6171,6174],[6175],[6176],[6177],[6178],[6179],[6180],[6181],[6181]]},{"type":"MultiLineString","arcs":[[6182],[6183],[6184],[6185],[6186,6187]]},{"type":"LineString","arcs":[6188]},{"type":"MultiLineString","arcs":[[6189],[6190],[6191],[6192],[6193],[6194,6187],[6195],[6196],[6197],[6198],[6199],[6200],[6201],[6202],[6203],[6204],[6205],[6206],[6204],[6207],[6208]]},{"type":"MultiLineString","arcs":[[6209],[6210],[6211],[6211],[6212],[6213,6214],[6215],[6216],[6217],[6218],[-6214],[6215],[6219],[6220],[6221],[6222],[6223],[6224],[-6225,6225],[6226],[6227,-6228],[6227],[6228],[6229],[6229],[6230],[6231],[6232],[6233],[6234],[6226],[6235],[6236],[6237],[6237],[6238],[6239],[6240],[6241]]},{"type":"MultiLineString","arcs":[[6242],[6243],[6244],[6245,6246],[6247],[6248],[-6247],[6249],[6250],[6244],[6251,6252],[-6253],[6253],[6253],[6254],[6255],[6256],[6257],[6255],[6258],[6259],[6260],[6261],[6262,6263],[6264],[-6265],[6265],[6266],[-6267],[6262],[-6263],[6267,-6268,6268],[6269],[6270],[6271],[6272],[6273],[6274],[6275],[6276],[6276],[6277],[6278],[6279],[6280,6281],[6282],[-6283],[6283],[6284],[6285,-6286,6285],[6286],[6287],[6288],[6289],[6289],[6290],[6289],[6291,6292],[6293],[6294],[6295,-6292],[6296],[6297],[6298],[6299],[6300],[6301],[6302],[6303],[6304],[6302],[6305],[6306],[6307],[6308],[6309,6310],[-6311,6311],[6312,6313],[-6314],[6314],[6315],[6316],[6317],[6318],[6319],[6320],[6321],[6322],[6323,6324,6325],[6326],[6326],[6327],[6328],[6328],[6329,6330,6331]]},{"type":"MultiLineString","arcs":[[6332],[6333],[6334],[6335],[6336],[6337],[6338],[6339],[6340],[6341],[6342],[6343],[6344],[6345],[6346],[6347],[6348],[6349],[6350],[6351],[6352],[6353],[6354],[6354],[6355],[6356],[6357],[6358],[6359],[6360],[6361],[6362],[6363],[6364],[5863]]},{"type":"MultiLineString","arcs":[[6365],[6366],[6367],[6368],[6369],[6370],[6371]]},{"type":"MultiLineString","arcs":[[6372],[6373]]},{"type":"LineString","arcs":[6374]},{"type":"MultiLineString","arcs":[[6375],[6376]]},{"type":"MultiLineString","arcs":[[6377],[6378],[6379],[6380],[6381]]},{"type":"LineString","arcs":[6382]},{"type":"LineString","arcs":[6383]},{"type":"MultiLineString","arcs":[[6384],[6385],[6386]]},{"type":"MultiLineString","arcs":[[6387],[6388]]},{"type":"LineString","arcs":[6389]},{"type":"MultiLineString","arcs":[[6390],[6391],[6392]]},{"type":"LineString","arcs":[6393]},{"type":"MultiLineString","arcs":[[6394],[6395],[6396],[6397],[6398],[6399],[6400],[6401],[6402]]},{"type":"LineString","arcs":[6403]},{"type":"LineString","arcs":[6404]},{"type":"LineString","arcs":[6405]},{"type":"LineString","arcs":[6406]},{"type":"MultiLineString","arcs":[[6407],[6408],[6409],[6410],[6411],[6412]]},{"type":"MultiLineString","arcs":[[6413],[6414],[6415],[6416]]},{"type":"MultiLineString","arcs":[[6417],[6418],[6419],[6420],[6421]]},{"type":"LineString","arcs":[6422]},{"type":"LineString","arcs":[6423]},{"type":"MultiLineString","arcs":[[6424],[6425],[6426]]},{"type":"MultiLineString","arcs":[[6427],[6428],[6429],[6430],[6431],[6432],[6433]]},{"type":"MultiLineString","arcs":[[6434],[6435],[6436],[6437],[6438],[6439],[6440,6441],[6442,6443,6440],[-6441],[6444],[6445],[6446],[6447],[6448],[6449],[6450],[6451],[6452],[6453],[6454],[6455],[6456],[6457]]},{"type":"MultiLineString","arcs":[[6458],[6459]]},{"type":"MultiLineString","arcs":[[6460],[6460],[6461],[6462],[6462],[6462],[6463,6464]]},{"type":"MultiLineString","arcs":[[6465],[6465,6466],[-6466],[6467],[6468,6469],[6470],[6471],[6472,6464],[6473],[6474,-6469],[6475]]},{"type":"MultiLineString","arcs":[[6476],[6477],[6478],[6479],[6480],[6481],[6482],[6480],[6483],[6484],[6485],[6486],[6487],[6488],[6489],[6489],[6490],[6489],[6491],[6492],[6493],[6494],[6495],[6496]]},{"type":"MultiLineString","arcs":[[6497],[6498],[6499],[6500],[6501],[6502],[6503],[6504]]},{"type":"MultiLineString","arcs":[[6505],[6506],[6507],[6508],[6509],[6510]]},{"type":"MultiLineString","arcs":[[6511],[6512],[6513],[6514],[6515,6516],[6517],[6518],[6519],[6520],[6521]]},{"type":"MultiLineString","arcs":[[6522,6523],[-6524,6524],[6525],[6526],[6527],[6528],[6515],[6529],[6530],[6531],[6532],[6533],[6533],[6534],[6535]]},{"type":"LineString","arcs":[6536]},{"type":"LineString","arcs":[6537]},{"type":"MultiLineString","arcs":[[6538],[6539],[6539]]},{"type":"MultiLineString","arcs":[[6540],[6541],[6542,6543],[6544],[6545],[6546],[6547],[6548],[6549],[6550],[6551],[6552],[6553],[6554],[6555],[6556,6557],[6558,6559,-6560],[-6556],[6560,6561,-6557],[6562,-6561],[6563],[6564,-6564],[6565],[6566],[6567],[6568],[6569],[6570],[6571],[6572],[6573],[6574],[6575],[6576],[6577],[6578],[6579]]},{"type":"MultiLineString","arcs":[[6580],[6581],[6582],[6581],[-6583,6583],[6584],[6585],[6586],[6587],[6588],[6589],[6590],[6591],[6592,6593],[6594,-6593],[6595],[6596],[6597],[6598]]},{"type":"MultiLineString","arcs":[[6599],[6600],[6601],[6602],[6603],[6604],[6605],[6606],[6607],[6608,6609],[-6610,6610],[6611,6612],[6613,6614],[6615],[6616],[6617,6618,-6619],[6618],[-6617],[6619],[6620],[-6618],[6621],[6622],[6623],[6624],[6625],[6626],[6627],[6628]]},{"type":"MultiLineString","arcs":[[6629],[6630,6631,6632],[6633],[-6633],[-6632,6634],[6635],[6636],[6637],[6638],[6639],[6640],[6641,6642],[-6642],[6643],[6644]]},{"type":"MultiLineString","arcs":[[6645,6646,-6647,6646],[6647],[6648],[6649],[6650],[6651],[6652],[6653],[6654],[6655],[6656]]},{"type":"LineString","arcs":[6657]},{"type":"MultiLineString","arcs":[[6658],[6659,6660],[6661],[6662],[6663],[6664],[6665],[6666],[6667],[6668,6669],[6670,-6669],[6671],[6672],[6673],[6674],[6675],[6676],[6677],[6678,6679],[6680],[6680]]},{"type":"MultiLineString","arcs":[[6678,-6679,6681,6682],[6682],[-6683],[6683,6684],[6685],[6686],[6687],[6688],[6689,6690,6691],[6692],[6693,6694],[6695],[6695],[-6691],[6696],[6697],[6698,6699],[6700],[6701],[6702],[6700],[6703],[6704],[6705,6706],[6707,-6706],[6708],[6709,6646]]},{"type":"MultiLineString","arcs":[[6710,6711],[-6712,6712],[6713],[6714],[6715],[6715],[6716],[6717],[6718],[6719],[6720],[6721],[6722],[6723],[6724],[6725],[6726],[6727,6728,6729],[6730],[6731],[6732],[6733,6734,6735,6736],[6737],[6730],[6738],[-6737,6739],[6740],[6741,6742],[-6743,6743],[6744],[6745],[6746],[6747],[6748],[6749],[6750],[6751]]},{"type":"MultiLineString","arcs":[[6752],[6753],[6754],[6755],[6756]]},{"type":"MultiLineString","arcs":[[6757],[6758],[6759],[6760],[6761]]},{"type":"LineString","arcs":[6762]},{"type":"LineString","arcs":[6763]},{"type":"LineString","arcs":[6764]},{"type":"MultiLineString","arcs":[[6765],[6766]]},{"type":"LineString","arcs":[6767]},{"type":"MultiLineString","arcs":[[6768],[6769,6770]]},{"type":"MultiLineString","arcs":[[6771],[6772],[6773],[6774],[6775,6776],[6777],[6778],[6779],[6780],[6781],[6782],[-6776],[6783],[6784],[6785],[6786],[6787],[6788],[6789],[6790],[6791],[6792],[6793],[6794],[6795],[6796],[6797],[6798],[6799],[6800,6801],[6802],[6803],[-6802,6804]]},{"type":"MultiLineString","arcs":[[6805,6806],[6807],[6808],[6809,-6809],[6810],[6811],[6812],[6813]]},{"type":"LineString","arcs":[6814]},{"type":"MultiLineString","arcs":[[6815,-6770],[6816],[6817],[6818],[6819],[6820],[6821],[6822],[6823],[6824],[6825],[6826],[6827],[6828],[6829],[6830],[6831],[6832],[6833],[6834],[6835],[6836],[6837],[6838],[6838],[6838],[6839],[6840],[6841],[6842],[6843],[6844],[6845],[6846],[6847],[6848,6849],[-6850,6850],[6851],[6852],[6853],[6854],[6855],[6855],[6856],[6857],[6858],[6859],[6860,6861],[6862],[6863],[6864,-6861],[6865],[6866],[6867],[6868],[6869],[-6870,6870],[6871],[6872],[6873],[6874],[6875],[6876],[6877],[6878],[6879],[-6880]]},{"type":"LineString","arcs":[6880]},{"type":"LineString","arcs":[6881]},{"type":"MultiLineString","arcs":[[6882],[6883],[6884],[6885],[6886],[6887],[6888],[6889],[6890],[6891],[6892],[6893],[6894],[6895],[6896],[6897],[6898],[6899],[6900],[6901],[6902],[6903],[6904],[6905],[6906],[6907],[6908],[6909]]},{"type":"LineString","arcs":[6536]},{"type":"MultiLineString","arcs":[[6910],[6911],[6912],[6913]]},{"type":"MultiLineString","arcs":[[6914],[6915],[6916],[6917],[6918],[6919],[6920]]},{"type":"MultiLineString","arcs":[[6921],[6922],[6923],[6924],[6925],[6926],[6927],[6928],[6929],[6930],[6931],[6932]]},{"type":"MultiLineString","arcs":[[6933],[6934],[6935],[6936],[6937],[6938]]},{"type":"LineString","arcs":[6939]},{"type":"MultiLineString","arcs":[[6940],[6941]]},{"type":"LineString","arcs":[6942]},{"type":"LineString","arcs":[6943]},{"type":"MultiLineString","arcs":[[6944],[6945],[6946],[6947],[6948],[6949],[6950],[6951],[6952],[6953],[6954]]},{"type":"MultiLineString","arcs":[[6955],[6956],[6957],[6958]]},{"type":"MultiLineString","arcs":[[6959],[6960],[6961]]},{"type":"LineString","arcs":[6962]},{"type":"MultiLineString","arcs":[[6963],[6964],[6965],[6966],[6967],[6968],[6969],[6970]]},{"type":"MultiLineString","arcs":[[6971],[6972]]},{"type":"MultiLineString","arcs":[[6973],[6974],[6975]]},{"type":"MultiLineString","arcs":[[6976],[6977],[6978],[6979],[6979],[6980],[6979],[6981],[6982],[6983],[6984],[6985],[6986],[6987],[6988],[6989],[6990],[6991],[6992],[6993],[6994],[6995],[6993],[6996],[6997],[6998],[6998],[6999],[7000],[7001],[7002]]},{"type":"LineString","arcs":[7003]},{"type":"LineString","arcs":[7004]},{"type":"MultiLineString","arcs":[[7005],[7006],[7007],[7008],[7009],[7010],[7011],[7012,7013],[7014],[7015],[7016,-7013],[7017],[7018],[7019],[7020]]},{"type":"MultiLineString","arcs":[[7021],[7022],[7023],[7024],[7025],[7026],[7027],[7028],[7029],[7030]]},{"type":"LineString","arcs":[7031]},{"type":"MultiLineString","arcs":[[7032],[7033],[7034]]},{"type":"LineString","arcs":[7035]},{"type":"MultiLineString","arcs":[[7036],[7037]]},{"type":"MultiLineString","arcs":[[7038],[7039],[7040],[7041],[7042],[7043],[7044],[7045],[7046],[7047],[7048],[7049],[7050],[7051],[7052],[7053],[7054],[7055],[7056],[7057],[7058]]},{"type":"LineString","arcs":[7059]},{"type":"LineString","arcs":[7060]},{"type":"MultiLineString","arcs":[[7061],[7062],[7063]]},{"type":"LineString","arcs":[7064]},{"type":"MultiLineString","arcs":[[7065],[7066],[7067,7068]]},{"type":"MultiLineString","arcs":[[7069],[7070],[7071],[7072],[7073],[7074],[7074],[7075],[7076],[7077]]},{"type":"MultiLineString","arcs":[[7078],[7079],[7080],[7081],[7082],[7083],[7084],[7085],[7086],[7087]]},{"type":"MultiLineString","arcs":[[7088],[7089]]},{"type":"MultiLineString","arcs":[[7090],[7091],[7092]]},{"type":"MultiLineString","arcs":[[7093],[7094],[7095],[7096],[7097]]},{"type":"MultiLineString","arcs":[[7098],[7099],[7100],[7101],[7102],[7103],[7104],[7105],[7106],[7107],[7108],[7109],[7110]]},{"type":"MultiLineString","arcs":[[7111],[7112],[7113],[7114],[7115],[7116],[7117],[7118],[7119],[7120],[7121],[7122],[7123],[7123],[7123],[7124],[7125],[7126]]},{"type":"MultiLineString","arcs":[[7127],[7128],[7129],[7130]]},{"type":"MultiLineString","arcs":[[7131],[7132],[7133],[7134]]},{"type":"MultiLineString","arcs":[[7135],[7136],[7137],[7138],[7139],[7140],[7141],[7142],[7143],[7144],[7144],[7145],[7146],[7147],[7148],[7149],[7150],[7151],[7152],[7153]]},{"type":"MultiLineString","arcs":[[7154],[7155],[7156],[7157],[7158],[7159],[7160],[7161],[7162]]},{"type":"MultiLineString","arcs":[[7163],[7164]]},{"type":"MultiLineString","arcs":[[7165],[7166],[7167],[7168]]},{"type":"MultiLineString","arcs":[[7169],[7170],[7171],[7172],[7172],[7173],[7174],[7175],[7175],[7173],[-7174],[7176,7177],[7178],[7179],[7180],[7180],[7181,-7177],[7180],[7182],[7183],[7184],[7185],[7186],[7187],[7188],[7189],[7190],[7191],[7192,7193],[-7194,7194]]},{"type":"MultiLineString","arcs":[[7195],[7196],[7197],[7198],[7199],[7200]]},{"type":"LineString","arcs":[7201,7202]},{"type":"MultiLineString","arcs":[[7200],[7203],[7200],[7204],[7205],[7206],[7207],[7208,7209],[7210],[7211],[7212]]},{"type":"MultiLineString","arcs":[[7213],[7214],[7215],[7216],[7217],[7218],[7219],[7220],[7221],[7222],[7223],[7224],[7225],[7226],[7227],[7228]]},{"type":"MultiLineString","arcs":[[7229],[7230],[7231],[7232],[7233],[7234],[7235,-7235]]},{"type":"LineString","arcs":[7236]},{"type":"MultiLineString","arcs":[[7237],[7238],[7239]]},{"type":"MultiLineString","arcs":[[7240],[7241],[7242],[7243],[7244],[7245],[7246],[7247]]},{"type":"MultiLineString","arcs":[[7248],[7249],[7250],[7251],[7252],[7253],[7254],[7255],[7256],[7257],[7258]]},{"type":"LineString","arcs":[7259]},{"type":"MultiLineString","arcs":[[7260],[7261],[7262],[7263],[7264],[7265],[7266],[7267],[7268],[7269],[7270]]},{"type":"LineString","arcs":[7271]},{"type":"MultiLineString","arcs":[[7272],[7273],[7274],[7275],[7276],[7277],[7278],[7279],[7280],[7281],[7282,7283],[-7284,7284],[7285]]},{"type":"MultiLineString","arcs":[[7286],[7287],[7288],[7289],[7290]]},{"type":"MultiLineString","arcs":[[7291],[7292],[7293]]},{"type":"MultiLineString","arcs":[[7294],[7295],[7296],[7297],[7298],[7299],[7300]]},{"type":"MultiLineString","arcs":[[7301],[7302],[7303]]},{"type":"LineString","arcs":[7304]},{"type":"MultiLineString","arcs":[[7305],[7306],[7307],[7305],[7308],[7309],[7310],[7311],[7312],[7312],[7313],[7314],[7315],[7316],[7317],[7318],[7319],[7320],[7321],[7321],[7322],[7323],[7324],[7325],[7326],[7327],[7328],[7329],[7330,7202],[7331],[7331],[7332],[7333],[7334],[7335]]},{"type":"MultiLineString","arcs":[[7336],[7337],[7338],[7339],[7340],[7341],[7342],[7343],[7344],[7345],[7346],[7347],[7348],[7349],[7350],[7351],[7352],[7353],[7354],[7355],[7356],[7357],[7358],[7359,7360],[7361],[7360,7362],[-7361],[7363],[7364],[7365],[7366]]},{"type":"MultiLineString","arcs":[[7367],[7368],[7369],[7370],[7371]]},{"type":"MultiLineString","arcs":[[7372],[7373],[7374],[7375],[7376],[7372],[7377],[7378],[7379],[7380],[7381],[7382],[7383],[7384],[7384],[7383],[7385],[7386],[7384],[7387],[7388]]},{"type":"MultiLineString","arcs":[[7389],[7390],[7391],[7392],[7393],[7394],[7395]]},{"type":"MultiLineString","arcs":[[7396],[7397],[7398]]},{"type":"MultiLineString","arcs":[[7399],[79],[7400],[7401],[7402],[7403],[7404],[7405]]},{"type":"MultiLineString","arcs":[[7406],[7407],[7408],[7407],[7407],[7409],[7410,7411],[7412],[7413]]},{"type":"MultiLineString","arcs":[[7414],[7415],[7416]]},{"type":"MultiLineString","arcs":[[7417],[7418],[7419],[7419],[7420],[7419],[7421],[7422],[7423],[7424],[7425],[7426],[7427],[7395],[7428]]},{"type":"MultiLineString","arcs":[[7429],[7430,7431],[80],[7432],[7433],[7434],[-7431],[7435],[7435],[7436],[7437]]},{"type":"MultiLineString","arcs":[[7438],[7439],[7440],[7441],[7442],[7443],[7444]]},{"type":"MultiLineString","arcs":[[7445],[7446],[7447],[7448],[7449]]},{"type":"MultiLineString","arcs":[[7450],[7451]]},{"type":"MultiLineString","arcs":[[7452],[7453],[7454,7455],[7456,-7455],[7457]]},{"type":"MultiLineString","arcs":[[7458],[7459],[7460]]},{"type":"LineString","arcs":[7461]},{"type":"MultiLineString","arcs":[[7462],[7463],[7464],[7465],[7466],[7467],[7468],[7469],[7470],[7471],[7472],[7473]]},{"type":"MultiLineString","arcs":[[7474],[7475],[7476],[7477],[7478],[7479],[-7480],[7480],[7481],[7482],[7483],[7483]]},{"type":"LineString","arcs":[7484]},{"type":"MultiLineString","arcs":[[7485],[7486],[7487]]},{"type":"MultiLineString","arcs":[[7488],[7489]]},{"type":"MultiLineString","arcs":[[7490],[7491],[7492]]},{"type":"LineString","arcs":[7493]},{"type":"MultiLineString","arcs":[[7494],[7495]]},{"type":"LineString","arcs":[7496]},{"type":"MultiLineString","arcs":[[7497],[7498],[7498],[7499],[7500]]},{"type":"MultiLineString","arcs":[[7501],[7502],[7503]]},{"type":"MultiLineString","arcs":[[7504],[7505,7506],[-7507],[7507]]},{"type":"MultiLineString","arcs":[[7508],[7509],[7510],[7511],[7512]]},{"type":"MultiLineString","arcs":[[7513],[7514],[7515],[7516],[7517],[7518]]},{"type":"MultiLineString","arcs":[[7519],[7520],[7521]]},{"type":"MultiLineString","arcs":[[7522],[7523],[7524]]},{"type":"MultiLineString","arcs":[[7525],[7526],[7527],[7528],[7529],[7530]]},{"type":"LineString","arcs":[7531]},{"type":"MultiLineString","arcs":[[7532],[7533],[7534],[7535],[7536],[7537],[7538],[7539]]},{"type":"MultiLineString","arcs":[[7540],[7541],[7542],[7543],[7544],[7545],[7546]]},{"type":"MultiLineString","arcs":[[7547],[7548],[7549]]},{"type":"LineString","arcs":[7550]},{"type":"MultiLineString","arcs":[[7551,7552],[7553],[7554],[7555],[7556],[7557]]},{"type":"MultiLineString","arcs":[[7558],[7559],[7560]]},{"type":"LineString","arcs":[7561]},{"type":"MultiLineString","arcs":[[7562],[7563],[7564],[7565],[7566],[7567],[7568],[7569],[7570],[7570]]},{"type":"MultiLineString","arcs":[[7571],[7572],[7573],[7574],[7575],[7576],[7577],[7578],[7579]]},{"type":"MultiLineString","arcs":[[7580],[7581],[7582],[7583],[7584],[7585],[7586]]},{"type":"MultiLineString","arcs":[[7587],[7588],[7589],[7590],[7591],[7592],[7593],[7594],[7595],[7596],[7597],[7598],[7599],[7600],[7601],[7602],[7603],[7604],[7605],[7606],[7607],[7608],[7609],[7610],[7611],[7612],[7613],[7614],[7615]]},{"type":"LineString","arcs":[7616]},{"type":"MultiLineString","arcs":[[7617,7618],[7619],[7620],[7621],[7621],[7622],[7623],[7624],[7624],[7625],[7626],[7627],[7628],[7629],[7629],[7630],[7631],[7632],[7633]]},{"type":"MultiLineString","arcs":[[7634],[-7635]]},{"type":"MultiLineString","arcs":[[7635],[7636,7637],[7638],[7639],[7640],[7641],[7642]]},{"type":"MultiLineString","arcs":[[7643],[7644,7645],[-7645],[7646,7644],[7647],[7648],[7649,7650],[7651,-7650],[7652],[7653],[7654],[7655],[7656],[7657],[7658],[7654],[7659,7660],[7661],[7662],[7663],[7664],[7665,7666],[7667,-7666],[7668],[7669],[7670],[7671]]},{"type":"MultiLineString","arcs":[[7672],[7673],[7674],[7675],[7676],[7677],[7678],[7679,7680],[7681]]},{"type":"MultiLineString","arcs":[[7682],[7683],[7684],[7685],[7686],[7687],[7688],[7689],[7690],[7691],[7692],[7693],[7694],[7695],[7696],[7697],[7698],[7699],[7700],[7701],[7702],[7703],[7704],[7705],[7706],[7707],[7708],[7709],[7710],[7711],[7712],[7713],[7714],[7715],[7716],[7717],[7718],[7719],[7720],[7721],[7722],[7723],[7724],[7725],[7726],[7727],[7728],[7729],[7730],[7731],[7732],[7733],[7734],[7735],[7736],[7737],[7738],[7739,7740],[7741],[7742],[7743],[7744],[7745],[7746],[-7741,7747],[7748],[7749],[7750],[7751],[7752],[7753],[7754],[7755],[7756],[7757],[7758],[7759],[7760],[7761]]},{"type":"MultiLineString","arcs":[[7762],[7763],[7764],[7765],[7766],[7767],[7768],[7769],[7770],[7771],[7772],[7773],[7774],[7775],[7776],[7777],[7778],[7779],[7780],[7781],[7782]]},{"type":"MultiLineString","arcs":[[7783],[7784],[7785],[7786],[7784],[7787],[7788],[7789],[7790],[7791],[7792],[7793],[7794],[7795],[7796,7797]]},{"type":"MultiLineString","arcs":[[7798],[7799],[7800],[7801],[7802],[7803],[7804],[7805],[7806],[7807],[7808]]},{"type":"MultiLineString","arcs":[[7809],[7810],[7811,7812],[7813],[7814],[7815],[7816],[7817],[7818],[7819],[7820],[7821],[7822],[7823],[7824]]},{"type":"MultiLineString","arcs":[[7825],[7826],[7827],[7828],[7829],[7830],[7831]]},{"type":"MultiLineString","arcs":[[7832],[7833],[7834],[7835],[7836],[7837],[7838],[7839],[7840],[7841],[7842]]},{"type":"MultiLineString","arcs":[[7843],[7844],[7845],[7846],[7847],[7848,7849],[7850,7851,7852,-7849],[7853,7854],[-7851],[7855],[7856],[7857],[7857],[7858],[7859,7860],[7861],[7861,-7862],[7862],[7863],[7864],[7865],[7866],[7867],[7868],[7869],[7870],[7871],[7872],[7873],[7874],[7875],[7876,-7876],[7877],[7878],[7879],[7880,7881],[7882],[7883],[7884,-7881]]},{"type":"MultiLineString","arcs":[[7885],[7886],[7887],[7888],[7889]]},{"type":"MultiLineString","arcs":[[7890],[7891],[7892],[7893],[7894],[7895],[7896],[7897],[7898],[7899],[7900,7901],[7902],[7903],[7904],[7905],[7906],[7907],[7908],[7909],[7910],[7911],[7912],[7913],[7914],[7915],[7916],[7917],[7918],[7919],[7920],[7921],[7922,7923],[7924],[7925,7922],[-7923],[7926]]},{"type":"MultiLineString","arcs":[[7927,7928],[7929],[7930],[7931],[7932],[7933],[7934],[7935],[7936],[7937,7938],[-7939,7939],[7940],[7941],[7942],[7943],[7944],[7945],[7946],[7947,7948,7949],[7950],[7951,-7948],[7952],[7953],[7954],[7955],[7956],[7957]]},{"type":"LineString","arcs":[7958]},{"type":"MultiLineString","arcs":[[7959],[7960],[7961],[7962,7963],[7964],[7965,7966],[7967],[7968],[7969],[7964],[7970],[7971],[7972],[7973],[7974,7975],[7976],[7977],[7978],[7979],[-7976],[7980],[7981],[7982],[7983],[7984],[7985],[7986],[7987,7988],[-7988],[7989],[7990],[7991],[7992],[7993,7994],[7995],[7996],[7997],[7998],[7999],[8000],[8001],[8002],[8003],[-8004],[-8003],[8004],[8005],[8006],[8006],[8007],[8008],[8009],[8010],[8011],[8012],[8013],[8014],[8015],[8016],[8017],[8018],[8019],[8020],[8021],[8022],[8023],[8024],[8025],[8026],[8027],[8028],[8029],[8030],[8031],[8032],[8033],[8034,8035],[8036,-8035],[8037],[8038],[8039],[8040],[8041],[8042,-8042],[8043],[8044],[8045],[8046],[8047],[8048,8049],[8050],[-8050]]},{"type":"LineString","arcs":[8051]},{"type":"MultiLineString","arcs":[[8052,8053],[8054],[8055],[8056],[8057],[8058],[8059],[8060],[8061],[8062],[8063],[8064],[8065],[8066,8067],[8068],[8069],[8070],[8071],[8071],[-8070],[8072,-8067],[8073],[8074,8075,8076,8077],[8078],[8079],[8080],[8081],[8082],[8082],[8083],[8084],[8085],[8086],[8082],[-8075,8074,-8075],[8087],[8088],[8089],[8090],[8091,8092],[8093,8094,8095],[8096],[8097],[8098],[8099,8098,-8099],[8100],[8101],[8102,8103],[8104],[8105],[8106],[8107],[8107],[8108],[8109],[8110],[8111],[8112,8102],[-8103],[8113],[8114],[8115],[8116],[8117],[8118],[8119],[8120],[8121],[8122]]},{"type":"MultiLineString","arcs":[[8123],[8124],[8125],[8126],[8127],[8128],[8129],[8130],[8131],[8132,8133],[8134],[8135],[8136],[8137],[8138],[8139],[8140],[8141],[8142],[8143],[8144],[8145],[8146],[8147],[8148],[8149],[8150],[8151],[8152],[8153],[8154],[8155],[8156],[8157],[8158]]},{"type":"MultiLineString","arcs":[[8159],[8160],[8161],[8162],[8163],[8164],[8165],[8166],[8167],[8168],[8169],[8170],[8171],[8172],[8173],[8174],[8175],[8176],[8177],[8178,8179],[-8180,8180],[8181,8182],[8183,-8184],[8183,-8182],[8184],[8185],[8186],[8187],[8188],[8189],[8188],[8188],[8190],[8184],[8191],[8192],[8193],[8194],[8195],[8196]]},{"type":"MultiLineString","arcs":[[8197,8198,8199],[8200],[8201],[8202,8203],[-8203],[8204],[8205],[8206],[8207],[8208],[8209],[8210],[8211,-7675]]},{"type":"MultiLineString","arcs":[[8212],[8213],[8214],[8215],[8216],[8214],[8217],[8218,8219],[8220],[8220],[8221],[8222],[8223]]},{"type":"MultiLineString","arcs":[[8224,8225,8226,8227],[8228],[8229,8230],[-8225],[8231],[-8230],[8232]]},{"type":"MultiLineString","arcs":[[8233],[8234,8235],[8236],[8237,8238],[8239],[8240]]},{"type":"MultiLineString","arcs":[[8241],[8242],[8243],[8244],[8245],[8246],[8246]]},{"type":"MultiLineString","arcs":[[8247],[8248],[8249],[8250],[8251],[8252],[8253],[8254],[8255],[8256],[8257],[8258],[8259],[8260],[8261],[8262,8263],[8264,-8263],[8265],[8265],[8265]]},{"type":"LineString","arcs":[8266]},{"type":"MultiLineString","arcs":[[8267,8268],[8269],[8270],[8271,8272],[8273],[8274],[8275],[8276],[8277],[-8278],[8278,8279,8280],[8281],[-8282],[-8280,8282,8283],[8284],[8285],[8286],[8287],[8288]]},{"type":"MultiLineString","arcs":[[8289,-8290,8289],[8290],[8291],[8292],[8293],[8294],[8295,8296],[8297],[8298],[8299,-8296],[8300],[8301],[8302],[8303],[8304],[8305]]},{"type":"MultiLineString","arcs":[[8306],[8307,-8308]]},{"type":"MultiLineString","arcs":[[8308],[8309],[8310],[8311],[8312]]},{"type":"LineString","arcs":[8313]},{"type":"MultiLineString","arcs":[[8314],[8315],[8316]]},{"type":"MultiLineString","arcs":[[8317],[8318],[8319],[8320],[8321,8322],[8323,8324],[8325],[8326],[8327],[8328,-8328],[8329],[8330],[8331],[8332],[8333],[8334],[8335],[8336],[8337],[8338],[8339],[8340],[8341],[8342],[8343],[8344]]},{"type":"MultiLineString","arcs":[[8345],[8346],[8347],[8348],[8349],[8348],[8350],[8351],[8352],[8353,8354],[-8354],[8355],[8356],[8357]]},{"type":"MultiLineString","arcs":[[8358],[8359],[8360],[8361],[8362],[8363],[8364],[8365],[8366],[8367],[8368],[8369],[8367],[8370],[8371],[8372],[8370],[8373],[8374],[8375],[8376],[8377],[8378],[8379],[8380],[8381],[8382],[8383]]},{"type":"MultiLineString","arcs":[[8384,8385],[8386],[8387],[8388],[8389],[8390],[-8386,8391],[8392,8393],[8394,-8393],[8395],[8396],[8397,8398],[8399],[8400],[8401,8402],[8403],[8404],[8405],[8406],[8407],[8408],[8409],[8410,8411],[8412,8413],[8414],[-8412,8415],[8416],[8417]]},{"type":"MultiLineString","arcs":[[8418],[8419],[8420],[8421],[8422],[8423],[8424],[8425],[8426],[8427]]},{"type":"MultiLineString","arcs":[[8428],[8429],[8430],[8431],[8432],[8433],[8434,8435],[8436],[8437,8438]]},{"type":"MultiLineString","arcs":[[8439],[8440],[8441],[8442,8443],[8444]]},{"type":"MultiLineString","arcs":[[8445,8446],[8447],[8448],[8449],[8450],[8451],[8452],[8453],[8454],[8455],[8456],[8457],[8458],[8459],[8460],[8461],[8462],[8463,8464,8465],[8466],[8467],[8468]]},{"type":"MultiLineString","arcs":[[8469,8470],[-7963],[8471],[8472],[8473],[8474],[8475],[8476],[8477],[8478],[8479],[8480],[8481],[8477],[8482],[8483],[8484],[8485],[8486],[8487],[8488],[8489],[8490],[8491],[8492],[8493],[8494],[8495],[8496],[8497],[8498],[8499],[8500],[8501],[8502],[8503],[8504],[8505],[8506],[8507],[8508,8509],[-8509],[8510],[8511],[8512],[8513],[8514],[8515],[8516],[8517],[8518],[8519],[8520],[8521,8522],[8523],[8524],[8525],[8526],[8527,8528,8529],[8530],[8531],[8532],[8533],[8534],[8535],[8536]]},{"type":"MultiLineString","arcs":[[8537],[8538],[8539],[8540,8541],[8542],[8543,8544],[-8541],[8545],[8546],[8547],[8548,8549],[8550],[8551],[-8549],[8552,8553],[8554,8555],[8556,8557],[8558],[8559,8560],[8561,8562],[8563,8564],[8565],[8566],[8567],[8568],[8569],[8570],[8571],[8572],[8573],[8574],[8575]]},{"type":"MultiLineString","arcs":[[8576],[8577],[8578],[8579],[8580],[8581],[8582],[8583],[8584],[8585]]},{"type":"MultiLineString","arcs":[[8586],[8587],[8588],[8589],[8590],[8591],[8592],[8593],[8594],[8595],[8596],[8597],[8598]]},{"type":"MultiLineString","arcs":[[8599],[8600],[8601],[8602],[8603],[8604],[8605],[8606],[8607],[8608],[8609],[8610],[8611],[8612],[8613],[8614],[8615],[8616],[8616],[8617],[8618],[8619,8620],[8621]]},{"type":"MultiLineString","arcs":[[8622],[8623],[8622],[8624],[8625],[8626],[8627]]},{"type":"MultiLineString","arcs":[[8628,8629],[8630],[8631],[8632,8633],[8634],[8635],[8636],[8637,-8637],[8638],[8639],[8640,8641],[8642],[8642],[-8642,8643],[8642],[8644],[8645,8646],[-8646],[8647,8648,8649,-8650],[8650],[8651,-7660],[-8649],[8648,8652]]},{"type":"MultiLineString","arcs":[[8653,8654],[8655],[8656],[8657]]},{"type":"MultiLineString","arcs":[[8658],[8659],[8660]]},{"type":"MultiLineString","arcs":[[8661,8662],[8663],[8664],[8665],[8666],[8667],[8668],[8669],[8670],[8671],[8672]]},{"type":"MultiLineString","arcs":[[8673],[8674],[8675],[8676],[8677],[8678],[8679],[8680,8681],[-8682,8682],[8683],[8684],[8685,8686],[-8687,8687],[8688,8689],[8690],[8691],[8691],[8690],[8692],[8693],[8694,8695],[8696],[8697],[8698],[8699],[8700],[8701],[8702],[8703],[8704],[8705],[8706],[8707],[8708],[8709],[8710],[8711],[8712],[8713],[8714],[8715],[8716],[8717],[8718],[8719],[8720],[8721],[8722],[8723],[8724],[8725]]},{"type":"MultiLineString","arcs":[[8726],[8727],[8728],[8729],[8730],[8731],[8732],[8733],[8734],[8735],[8736],[8737],[8738],[8739],[8740],[8741],[8742],[8743],[8744],[8745],[8746],[8747],[8748],[8749],[8750],[8750],[8751],[8752],[8753],[8754],[8755],[8756],[8757],[8758],[8759],[8760],[8761],[8762],[8763],[8764],[8765,8227],[8766]]},{"type":"MultiLineString","arcs":[[8767],[8768],[8769],[8770,-8770],[8771],[8772],[8773],[8774],[8775,8776],[8777],[8778],[8779],[8780],[-8777],[8781],[8782],[8783],[8784,8785],[8786],[8787],[8788],[8789],[8790],[8791],[8792],[8793],[8794],[8795]]},{"type":"MultiLineString","arcs":[[8796],[8797],[8798],[8799],[8800]]},{"type":"MultiLineString","arcs":[[8801],[-8802]]},{"type":"MultiLineString","arcs":[[8802,8803],[8804,8805],[8806,-8803],[8807],[8808],[8809,8810],[8811],[8812],[8813],[8814],[8815],[8816],[8817],[8818],[8819],[8820],[8821],[8822],[8823],[8824],[8825]]},{"type":"MultiLineString","arcs":[[8826,-8785],[8827],[8828],[8829,8830],[8831],[-8830],[8832],[8833],[8834,8835],[-8835],[8836],[8837],[8838],[8839],[8840],[8841],[8842],[8843,8844,8845],[8846,8847],[8848],[8849]]},{"type":"MultiLineString","arcs":[[8850],[8851],[8852],[8853],[8854],[8855],[8856],[8857],[8858],[8859],[8860]]},{"type":"MultiLineString","arcs":[[8861],[8862],[8863],[8864],[8865],[8866],[8867],[8868],[8869],[8870],[8871],[8872],[8873],[8874],[8874],[8875],[8876],[8877],[8878],[8879],[8880,8881],[8882],[8883],[8884],[8885],[8886],[8887,8888],[8889,8890],[8891],[8892],[8893],[8894],[8895],[8896],[8897],[8898,8899],[-8900,8900],[8901],[8902],[8903],[8904],[8905],[8906],[8907],[8908],[8909],[8910],[8911]]},{"type":"MultiLineString","arcs":[[8912],[8913],[8914],[8915,8916],[8917],[8918],[8919],[8920],[8921],[8912],[8922],[8923],[8924],[8925],[8926],[8927],[8928]]},{"type":"LineString","arcs":[8929]},{"type":"LineString","arcs":[8930,8931]},{"type":"MultiLineString","arcs":[[8930,8932],[8933],[8934],[8935],[8936],[8937],[8938],[8939],[8940],[8941],[8942],[8943],[8943],[8944],[8945],[8946],[8947],[8948],[8949],[8950],[8950],[8951],[8952]]},{"type":"MultiLineString","arcs":[[8953,8954],[8955],[8956],[8957],[8958,8959],[8960],[8961],[8962],[8963],[8964],[8965,8966],[8967],[8968]]},{"type":"MultiLineString","arcs":[[8969],[8970],[8971],[8972],[8973],[8970],[8974,8975],[8976],[8977],[8978],[8979],[8980],[8981]]},{"type":"MultiLineString","arcs":[[8982],[8983],[8984],[8985,8986],[8987,8988],[8989],[8990],[8991],[8992],[8993],[-8994],[8994,8995,8996],[8997],[8998],[8999],[9000],[9001],[9002],[9003],[9004,9005],[9006],[9007],[9008],[9009],[9010],[9011],[-9006,9012],[9013],[9011],[9014],[9015],[9016],[9017],[9018]]},{"type":"MultiLineString","arcs":[[9019],[-9020]]},{"type":"MultiLineString","arcs":[[9020,9021,9022],[9023,-9024,9024],[-9024],[9025],[9026],[9027,9028],[9029,-9028],[9030,9031],[-9031],[9032],[9033],[9034],[9035],[9036],[9037],[9038],[9039],[9039],[9040],[9041],[9042],[9043],[9044]]},{"type":"MultiLineString","arcs":[[9045],[9046,9047],[9048],[9049],[9050],[9051],[9052],[9053],[9054],[9055,9056],[9057],[9058],[9059],[9060],[9061,9062],[9059],[9063],[9064],[9065],[9066],[9067,8662],[9068],[9069]]},{"type":"MultiLineString","arcs":[[9070,-8629],[9071],[9072],[9073],[9074],[9075],[9076],[9077],[9078]]},{"type":"MultiLineString","arcs":[[9079],[9080],[9081,-9081],[-9023,9082],[9083],[9084],[9085],[9086,9087],[9088,9089],[9090],[9091],[9092],[9093],[9094]]},{"type":"MultiLineString","arcs":[[9095],[9096],[9097],[9098],[9099],[9100]]},{"type":"MultiLineString","arcs":[[9101,9102],[9103,9101],[-9102],[9104],[9105],[9106],[9107],[9108],[9109],[9110],[9111],[9112],[9113,9114],[9115,9116],[9117]]},{"type":"MultiLineString","arcs":[[9118],[9119],[9120],[9121],[9122],[9123],[9124],[9125],[9126],[9127],[9128],[9129],[9130,9131,9132],[9133],[9134],[-9133,9132,9135],[9136],[9137],[-9138,9138,9139]]},{"type":"MultiLineString","arcs":[[9140],[9141,9142],[9143],[9144],[9145],[9146],[9147],[9148],[9149],[9150],[9151],[9152],[9153],[9154],[9155],[9156],[9157]]},{"type":"MultiLineString","arcs":[[9158],[9159],[9160,9161],[9162],[9163],[9164],[9165],[9166],[9167],[9167],[9168],[9169],[9170,9171],[9172,-9173,9173],[9174],[9175],[9176],[9177],[9178],[9179],[9180],[9180],[9046,9181],[9182],[9183],[9184,9185],[9186],[9187],[9188],[9189],[9190],[9191],[9192]]},{"type":"MultiLineString","arcs":[[9193,9194,9195],[9196],[9197,-7618]]},{"type":"MultiLineString","arcs":[[9198],[9199],[9200,9201],[9202],[9203],[9204,9205,-9199,-9204],[9206],[9207],[9208],[9209],[9210],[9211],[9212],[9213],[9214,9215],[9216],[9217,-9218,9218],[9219],[9220],[9221],[9222,9223,9224],[-9223],[9225],[-9224],[9226],[9227],[9228],[9229],[9230],[9231],[9232],[9233],[9234,9235],[9236],[9230],[9237],[9238],[9239],[9237],[9240,9241],[-9241],[9242],[9243],[9244],[9245],[9246],[-9247],[7616],[9247],[9248],[9248]]},{"type":"MultiLineString","arcs":[[9249],[9250],[9251],[9252],[9253],[9254],[9255],[9256],[9257],[9258],[9259],[9260],[9261],[9262],[9263],[9264],[9265],[9266],[9267],[9268],[9269],[9270],[9271],[9272,9273],[9274]]},{"type":"LineString","arcs":[9275]},{"type":"MultiLineString","arcs":[[9276],[9277],[9278],[9279],[9280],[9281,9282],[9283]]},{"type":"MultiLineString","arcs":[[9284],[9285],[9286],[9287],[9288],[9289],[9290],[9291],[9292],[9293],[9294],[9295],[9296],[9297,9298],[-9299],[9299],[9300],[9301],[9302],[9303],[9304],[9305],[9305],[9306],[9307],[9308],[9309],[9310],[9311]]},{"type":"MultiLineString","arcs":[[9312,9313],[9314],[9315],[9316],[9317],[9318],[9319],[9320],[9321,9322],[9323],[9324],[9325],[9326],[9327],[9328],[9329],[9330],[9331],[9332],[9333],[9334],[9335],[9336],[9337],[9338],[9339],[9340,9341],[9342],[9343],[9344],[9345]]},{"type":"MultiLineString","arcs":[[9313],[9346],[9347],[9348],[9349],[9350],[9351],[9352],[9353],[9354],[9355],[9356],[9357],[9358],[9359],[9360],[9361],[9362],[9363],[9364]]},{"type":"MultiLineString","arcs":[[9365],[9366],[9367,9368],[9369],[9370],[9371],[9372],[9373],[9374],[9375],[9376],[9377],[9378],[9379],[9380],[9381],[9382]]},{"type":"MultiLineString","arcs":[[9383],[9384,9385],[9386,9387],[-9388,9388],[9389],[9390],[9391],[9392],[9393],[9394],[9395,9396],[-9397],[-9386],[9397],[9398],[9399],[9400],[9401],[9402],[9403],[9404],[9405],[9406],[9407],[9408]]},{"type":"MultiLineString","arcs":[[9409],[9410],[9411],[9412],[9413],[9414],[9415],[9416],[9417],[9418],[9419],[9420],[9421],[9422],[9423],[9424],[9425],[9426,9427],[9428],[9429],[9430],[9431,9432],[9433],[-9432],[9434,9431],[9435],[9436],[9437],[9438],[9437],[9437],[-9432,-9435],[9439],[-9440],[9435],[9440],[9441],[9442],[9443],[9444],[9445],[9445],[9446],[9447],[9448]]},{"type":"MultiLineString","arcs":[[9449],[9450],[9451],[9452],[9453],[9454],[9455],[9456,9457],[9454]]},{"type":"LineString","arcs":[9458]},{"type":"MultiLineString","arcs":[[9459,9460],[9461],[9462],[9463],[9464],[9465],[9466],[9467],[9468],[9469,9470],[9471,9472],[9473,9474],[9475,9476],[9477],[9477],[9478],[9479],[9480,-9194],[9481,-9481]]},{"type":"MultiLineString","arcs":[[9482],[9483],[9484],[9485],[9486],[9487],[9488],[9489]]},{"type":"MultiLineString","arcs":[[9490,9491],[-9492,9492],[9493],[9494],[9495],[9496],[9497],[9498],[9499],[9500],[9501],[9502],[9503],[9504],[9505],[9506],[9507]]},{"type":"MultiLineString","arcs":[[9508],[9509],[9510],[9511],[9512],[9513],[9514],[9515],[9516],[9517],[9518],[9519],[9520],[9521],[9522],[9523],[9524,9525],[-9526,9526],[9527],[9528],[9529],[9530],[9531],[9532],[9533],[9534],[9535],[9536],[9537],[9538],[9539],[9540],[9541],[9542],[9543],[9544]]},{"type":"MultiLineString","arcs":[[9545],[9546],[9547],[9548],[9549],[9550],[9551],[9552],[9553],[9554],[9555],[9556],[9557],[9558],[9559],[9560],[9561],[9562],[9563,9564],[-9564],[9565],[9566]]},{"type":"MultiLineString","arcs":[[9567],[9568],[9569],[9570],[9571],[9572],[9573],[9574,9575],[-9576,9576],[9577],[9578]]},{"type":"MultiLineString","arcs":[[9579],[9579]]},{"type":"MultiLineString","arcs":[[9580],[9581],[9582,9583],[9584],[9585],[9586,9587],[9588],[9589],[9590],[9591],[9592]]},{"type":"MultiLineString","arcs":[[9593],[9594],[9595],[9596],[9597],[9598],[9599],[9600],[9601],[9602],[9603],[9604],[9605],[9606],[9607],[9608],[9609],[9610],[9611],[9612],[9613],[9614],[9615],[9616],[9617],[9618],[9619],[9620],[9621]]},{"type":"LineString","arcs":[9622]},{"type":"MultiLineString","arcs":[[9623],[9624,-9625]]},{"type":"MultiLineString","arcs":[[9625,9626,9624],[9627]]},{"type":"MultiLineString","arcs":[[9628],[9629],[9630],[9631],[9632],[9633],[9634],[9635],[9636],[9637],[9638],[9639],[9640],[9641],[9642],[9643],[9644],[9643],[-9645,9645],[9646,9647],[-9647],[9648],[9649],[9650],[9651],[9652],[9653],[9654],[9655],[9656]]},{"type":"MultiLineString","arcs":[[9657],[9658],[9659],[9660,9661],[9662],[9663],[9664],[9665],[9663]]},{"type":"MultiLineString","arcs":[[9666],[9667],[9668]]},{"type":"MultiLineString","arcs":[[9669],[9670],[9671],[9672],[9673],[9674],[9675],[9676],[9677],[9678],[9679],[9680],[9681],[9682],[9683],[9684,9685],[9686],[9687],[9688],[9689],[9690],[9691],[9692,9693],[9694],[9695],[9696],[9697],[9698],[9699],[9700,-9627,-9626,9701],[9702],[9625,9703],[9704],[9705],[9706],[9707],[9708]]},{"type":"MultiLineString","arcs":[[9709,9710,9711],[9712],[9713],[-9711],[9714],[9715],[9716],[9717],[9718],[9719],[9720],[9721],[9722,9723],[9724],[9725],[9726],[9727],[9728],[9729]]},{"type":"MultiLineString","arcs":[[9730],[9731],[9732,9733],[9734,-9733],[9735],[9736],[9737],[9738,9739],[9740],[9741],[9742,9743],[9744],[-9744,9745],[9746],[9747],[-9748],[9748,9749],[9750,-9749],[9751],[9752],[9753],[-9739],[9754]]},{"type":"MultiLineString","arcs":[[9755],[9756,9757],[-9758,9758],[9759],[9760],[9761],[9762],[9763,9764],[9765,9766],[9767],[9768,9769],[-9767],[9770,-9768],[9771],[9772],[9773],[9774,-9772],[9775,9776],[9777,9778],[9779],[9780]]},{"type":"MultiLineString","arcs":[[9781],[9782],[9783],[9784],[9785],[9786],[9787,9788,9789],[-9790,9790],[-9788],[9791,9787],[9792],[9793],[9794],[9795]]},{"type":"MultiLineString","arcs":[[9796],[9797],[9798],[9799],[9800],[9801],[9802],[9803],[9804],[9805],[9806],[9807],[9808],[9809],[9809],[9810],[9811],[9812],[9813],[9814],[9815],[9816,9817],[9818],[9819],[9820],[9821],[9822],[9823],[9824,9825],[9826],[9827,9828],[9829],[9830],[9831],[9832],[9833],[9834],[9835],[9836],[9837],[9838],[9839],[9840],[9841],[9842],[9843],[9844],[9845],[9846],[9847],[9848],[9849],[9850],[9851],[-9826],[9852,9853,9854],[9855],[9856],[9857]]},{"type":"MultiLineString","arcs":[[9858,9859],[9860,9861],[9862],[9863],[9864],[9865],[9866],[9867],[9868],[9869],[9870],[9871],[9872,-9873,9872],[9873],[9874],[9875],[9876,9877,9878],[9879],[9880],[9881],[9882],[-9879],[9883,9884],[9885],[9886],[9887],[9888],[9889],[9890],[9891],[9892],[9893,9894],[9895],[9896],[9897],[9898],[9899],[9900],[9901],[-9895,9902],[9903],[9904],[9905],[9906],[9907,9908],[9909],[9910],[9911],[-9909],[9912],[9913]]},{"type":"MultiLineString","arcs":[[9914,9915],[9916,9917],[9918],[9919],[9920],[9921],[9922],[9923],[9924],[9925],[9926,9927],[9928],[9929],[9930],[9931],[9932],[9933],[9934],[9935],[9936],[9858],[9937],[9938],[9939],[9939],[9940]]},{"type":"MultiLineString","arcs":[[9941],[9942],[9943],[9944],[9945],[9946],[9947],[9948],[9949],[9950],[9951],[9952],[9953],[9954],[9955],[9956],[9957],[9958],[9959],[9960],[9961],[9962],[9963],[9964],[9965],[9966],[9967],[9968]]},{"type":"MultiLineString","arcs":[[9969,9970],[9971],[9972],[9973],[9974],[9975],[9976],[9977],[9978],[9979],[9980],[9981],[9982],[9983],[9984],[9985],[9986],[9987],[9988]]},{"type":"MultiLineString","arcs":[[9989],[9990],[-9991],[9991],[9992],[9993],[9994],[9995],[9996],[9997],[9998],[9999],[10000],[10001],[10002],[10003],[10004],[10005,10006],[-10006],[10007],[10008],[10009],[10010],[10011,-10012,10011,10012],[10013],[10014],[10015],[10016],[10017],[10018],[10019],[10020],[10021],[10022],[-10013],[10023],[10024],[10025],[10026],[10027],[-10028]]},{"type":"MultiLineString","arcs":[[10028],[10029],[10030],[10031,10032],[10033],[10034],[10035],[10036],[10037],[10038],[10039],[10040,10041],[-10042,10042],[10043],[10044],[10045,10046],[10047],[10048,10049],[10050],[10051],[10052],[10053],[10054],[10055],[10056],[10057],[10058],[10059],[10060],[10061],[10062],[-10063,10063,10064],[10065],[-10063],[10066],[10067],[10068,10069,10070,10071],[10072],[10073,10074],[10075,10076],[10077],[10078],[10079],[10080],[10081],[10082],[10083],[10084],[10085],[-10071,10086,10087],[10088],[10089],[10090],[10091]]},{"type":"MultiLineString","arcs":[[10092],[10093],[10094],[10095],[10096],[10097],[10097],[10098],[10099],[10100],[10101,10102],[10103],[10104],[10105]]},{"type":"MultiLineString","arcs":[[10106],[10107],[10108],[10109],[10110,10111],[10112],[10113],[10114],[10115,10116,10117,10118],[10119],[10120],[10121],[10122],[10123],[10124]]},{"type":"MultiLineString","arcs":[[10125],[10126,10116,10127]]},{"type":"MultiLineString","arcs":[[10128],[10129],[10130,10131],[10132],[10133],[10134],[10135],[-10132,10136],[10137],[10138],[10139],[10140]]},{"type":"MultiLineString","arcs":[[10141],[10142],[10143],[10144],[10145],[10143],[10146],[10147],[10148],[10149],[10150],[10151],[10152],[10153],[10154],[10155],[10156],[10157],[10158],[10159],[10160],[10161],[10162],[10163],[10164],[10165],[10166],[10164],[10167],[10168],[10169],[10170],[10171],[10172],[10173],[10174],[10175],[10176],[10177],[10178],[10179],[10180],[10181],[10182],[10183],[10184],[10185],[10186],[10187],[10188],[10189],[10190],[10191],[10192],[10193],[10194],[10195],[10196],[10197],[10198],[10199],[10200],[10201],[10202],[10203],[10204],[10205],[10206],[10207],[10208],[10209],[10210],[10211],[10212],[10213],[10214],[10215],[10216],[10217],[10218]]},{"type":"LineString","arcs":[10219]},{"type":"MultiLineString","arcs":[[10220],[10221,10222],[10223],[10224],[10225],[-10223,10226],[10227],[10228],[10229],[10230],[10231],[10232],[10233],[10234]]},{"type":"MultiLineString","arcs":[[10235],[10236],[10237],[10238],[10239],[10240],[10241],[10242,10243],[10244,-10245,10245,-10243],[10246],[10247,10248,10249],[-10248],[10250],[10251],[10252],[10253],[10254],[10255],[-8804]]},{"type":"MultiLineString","arcs":[[10256],[10257],[10258],[10259],[10260],[10261],[10262],[10263],[10264],[10265],[10266],[10267],[10268],[10269],[10270],[10271],[10272],[10273],[10274],[10275],[10276],[10277],[10278],[10279],[10280],[10281],[10282],[10283],[10284],[10285],[10286],[10284],[10287],[10288],[10289],[10290],[10291],[10292],[10293],[10293]]},{"type":"MultiLineString","arcs":[[10294],[10295],[10296],[10297],[10298],[10299],[10300],[10301],[10302],[10303],[10304],[10305],[10306],[10307],[10308],[10309],[10310],[10311],[10312],[10313],[10314],[10315],[10316],[10317],[10318],[10319],[10320],[10321],[10322],[10323],[10324],[10325],[10326],[10327],[10328],[10329],[10330],[10331],[10332],[10333],[10334],[10335],[10336],[10337],[10338],[10339],[10340],[10341],[10342],[10343],[10344],[10345],[10346],[10347],[-10348,10348],[10349],[10350],[10351],[10352,10353],[10354],[10355]]},{"type":"MultiLineString","arcs":[[10356,10357],[10358],[10359],[10360],[10361],[10362],[10363],[10364],[10365],[10366],[10367],[10368],[10369],[10370],[10371],[10372],[10373],[10374],[10375],[10376],[10377],[10378],[10379],[10380],[10381],[10382],[10383]]},{"type":"MultiLineString","arcs":[[10384],[10385],[10386],[10387],[10388],[10389],[10390]]},{"type":"MultiLineString","arcs":[[10391,10392],[10393],[10394,10395],[10396],[10397],[10398],[10399],[10400],[10401],[10402]]},{"type":"MultiLineString","arcs":[[10403],[10404],[10405],[10406],[10407,10408],[10409],[10410]]},{"type":"MultiLineString","arcs":[[10411],[10412],[10413],[10414],[10415],[10416],[10417],[10418],[10419],[10420,10421],[-10422],[10421,10422],[10423],[10424],[10425],[10426],[10427],[10428],[10429],[10430],[10431],[10432],[10433],[10434],[10435],[10436]]},{"type":"MultiLineString","arcs":[[10437],[10438],[10439,10440],[10441],[10442],[10443],[10444],[10445],[10446],[10447],[10448],[10449],[10450],[10451],[10452]]},{"type":"MultiLineString","arcs":[[10453,10454],[10455],[10456],[10457],[10458],[10459],[10460],[10461],[10462],[10463],[10464],[10465],[10466],[10356],[10467],[10468],[10469],[10470],[10471,10472],[10473],[10474],[10475],[10476],[10477],[10478],[10479],[10480],[10481],[10482],[10483],[10484,10485],[10486,-10485],[10487],[10488],[10489],[10490],[10491],[10492],[10493],[10494],[10495],[10496],[10497],[10498],[10499],[10500],[10501],[10502],[10503],[10504],[10505],[10506],[10507],[10508],[10509],[10510],[10511],[10512],[10513],[10514],[10515],[10516],[10517],[10518],[10519],[10520],[10521],[10522],[10523],[10524],[10525],[10526],[10527],[10528],[10529,10530,10531],[10532,10533],[10534],[10535,10536],[10537],[10538,10539],[10540],[10541],[10542],[10543],[10544],[10545]]},{"type":"MultiLineString","arcs":[[10546],[10547],[10548],[10549],[10550],[10551],[10552],[10553],[10554],[10555]]},{"type":"MultiLineString","arcs":[[10556],[10557],[10558],[10559],[10560],[10561],[10562],[10563],[10564],[10565],[10566],[10567],[10568],[10569,10570],[-10571],[10571],[10572],[-10573,10573],[10574],[10575],[10576],[10577],[10578],[10579],[10580],[10581,10582],[10583],[10584],[10585],[10586],[10587],[10588],[10589],[10590],[10591],[10592],[10593],[10594],[10595]]},{"type":"MultiLineString","arcs":[[10596],[10597],[10598],[10599],[10600]]},{"type":"MultiLineString","arcs":[[10601],[10602],[10603],[10604],[10602],[10605],[10606],[10607],[10608],[10609],[10610],[10611],[10612],[10613],[10614],[10615],[10616],[10617],[10618],[10619],[10620],[10621],[10622],[10623],[10624],[10625,10626],[10627],[10628],[10629],[10630],[-10627,10631],[10632],[10633],[10634],[10635]]},{"type":"MultiLineString","arcs":[[10636],[10637],[10638]]},{"type":"MultiLineString","arcs":[[10639],[10640],[10641],[10642],[10643],[10644,10645],[-10646],[10645,10646],[10647],[10648],[10649],[10650],[10651],[10652],[10653],[10654],[10655],[10656],[10657],[10658],[10659],[10660],[10661],[10662],[10663],[10664]]},{"type":"MultiLineString","arcs":[[10665],[10666],[10667],[10668],[10669],[10670],[10671],[10672],[10673],[10674],[10675],[10676]]},{"type":"MultiLineString","arcs":[[10677],[10678],[10679],[10680,10681],[10682],[10683,10684],[10685],[10686],[10687],[10688],[-10682,10689],[10690],[-10685],[10691,10692],[10693],[10694],[10695],[10696],[10697],[10698,10699],[-10699],[10700],[10701]]},{"type":"MultiLineString","arcs":[[10702],[10703],[10704],[10705],[10706],[10707],[10708],[10709],[10710],[10711],[10712],[10713],[10714],[10715],[10716,10717],[10718],[10719],[10720],[10721],[10722],[10723],[10724],[10725],[10726],[10727],[10728],[10729],[10730],[10731],[10732],[10733],[10734],[10732],[10735],[10736],[10737],[10738],[10739],[10740],[10740],[10741],[10742],[10743],[10744],[10745,10746],[10747,-10748,10747],[10748],[10749],[10750],[10751],[10752],[10753],[10754,10755],[10756],[10757,10758],[10759,-10758],[10760,10761],[10762],[10763],[10764],[10765],[10766],[10767],[10768],[10769],[10770],[10771],[10772],[10773],[10774],[10775],[10776],[10777],[10778],[10779],[10780],[10781],[10782],[10783],[10784],[10785],[10786],[10787],[10788],[10789,10790],[10791],[10792],[10793,-10790],[10794],[10795],[10796],[10797],[10798,10799],[10800],[10801],[10802],[10803],[10804],[10805,-10805],[10806,10807],[10808,10809,-10807],[10810],[10811],[10812],[10813],[10814],[10815],[10816,10817],[10818],[10819],[10820],[10821],[10822],[10823],[10824],[10825],[10826],[10827],[10828],[10829],[10830],[10831],[10832],[10833],[10834,-10834],[10835],[10836,-10835],[10837],[10838],[10839,10840],[-10841],[10841],[10842,-10843,10843],[10844],[10845,10846],[10847],[10847],[10848,-10846],[10849],[10850],[-10843]]},{"type":"MultiLineString","arcs":[[10851],[10852],[10853],[10854],[10855,10856],[10857],[10858],[10859],[10860],[10861],[10862],[10863],[10864],[10865],[10866],[10867],[10868],[10869,10870],[-10871,10871],[-10868],[10872],[10873],[10874],[10875],[10876],[10877],[10878],[10879],[10880],[10881],[10882],[10883],[10884],[10885],[10886],[10887],[10888],[10889],[10890],[10891],[10892],[10893],[10894],[10895],[10896],[10897,10898],[10899],[10900,10901],[10902,10903],[10904],[10905],[10906],[10907],[10908],[10908],[10909],[10910],[10911],[10912],[10913],[10914],[10915],[10916],[10910],[10917],[10918],[10919],[10920],[10921,10922],[10923],[10924],[10925],[10926],[10927],[10928],[10929],[10930],[10931],[10932],[10933,10934],[10935],[10936],[10937],[10938],[10939],[10940],[10941],[10942],[10943],[10944],[10945],[10946],[10947],[10948],[10949],[10950],[10951],[10952],[10953],[10954],[10955],[10956],[10957],[10958],[10959],[10960],[10961],[10962],[10963],[10963],[10964],[10965],[10966],[10967],[10968],[10969],[10970],[10971],[10972],[10973],[10974],[10975,10976],[-10977,10977],[10978],[10979],[10980],[10981],[10982],[10983],[10984],[10985,10986],[10987],[10988],[10989],[10990,10991],[10992],[10989],[10993,10994],[10995],[10995],[10996],[10997],[10998],[10999],[-10995],[11000],[11001],[11002],[11003],[11004],[11002],[11005],[11005],[11006],[11005]]},{"type":"MultiLineString","arcs":[[11007],[10353,11008],[11009],[11010],[11011],[11012],[11013],[11014],[11015],[11016],[11017],[11018],[11019,11020],[-11021],[11021],[11022],[11023],[11024],[11025],[11023],[11026],[11027],[11028],[11029],[11030],[11031],[11032],[11032],[11033],[11034],[11035],[11036],[11037],[11038]]},{"type":"MultiLineString","arcs":[[11039],[11040],[11041],[11041],[11042],[11043],[11044],[11045],[11046],[11047],[11048],[11049,11050],[11051],[11052],[11053],[11054],[11055],[11056],[-11050],[11057,11058],[11059],[11060],[11061],[11062],[11063],[11064],[11065],[11066],[11067],[11068],[11069,11070],[11071],[11072],[11073],[11074],[11074],[11075,11076],[11077],[11078],[11079],[11080],[11081],[-11076],[11082],[90],[90],[11083],[11084],[11085,11086],[11087],[11088],[-11087,11089],[11090],[11091],[11092],[11093],[11094],[11095],[11096],[11097],[11098],[11099],[11100],[11101],[11102],[11103],[11104],[11105],[11106],[11107],[11108],[11109],[11110,11111],[11112,-11111],[11113],[11114],[11115],[11113],[11116],[11117],[11118],[11119],[11120]]},{"type":"MultiLineString","arcs":[[11121],[11122],[11123],[11124],[11125],[11126]]},{"type":"MultiLineString","arcs":[[11127],[11128],[11129],[11130],[11131],[11132],[11133],[11134],[11135],[11136],[11137],[11138],[11139],[11140],[11141],[11142],[11142],[11143],[11140],[11144],[11145],[11146],[11147],[11148],[11149],[11150],[11148],[11151],[11151],[11152],[11153],[11154],[11152],[11155],[11156],[11157],[11158],[11159],[11160]]},{"type":"MultiLineString","arcs":[[11161],[11162],[11163],[11164],[11165],[11166],[11167],[11168],[11169],[11170],[11171],[11171],[11172],[11171],[11173],[11174],[11175],[11176],[11177],[11177],[11178],[11179],[11180],[11181],[11182],[11183],[11184],[11185],[11186],[11187],[11188],[11189],[11190],[11191],[11192],[11193],[11194],[11195],[11196],[11197],[11198],[11199],[11200],[11201],[11202],[11203],[11204],[11205],[11206],[11207],[11208],[11209],[11210],[11211],[11212],[11213],[11214],[11214],[11215],[11216],[11217],[11218],[11219],[11220],[11221],[11222],[11223],[11224],[11225,11226],[-11227,11227],[11228,11229],[11230],[11231],[11232],[11233],[11234],[11235],[11236],[11237],[11238],[11239],[11240],[11241],[11242],[11243],[11244],[11245],[11246],[11247],[11248],[11249],[11250],[11251],[11252],[11253],[11254],[11255],[11256],[11257],[11258],[11259],[11260],[11261],[11262]]},{"type":"MultiLineString","arcs":[[11263],[11264],[11265],[11266,11267],[11268],[-11268],[11267,11269],[11270],[11271,11272],[11273],[11274],[11275],[11276]]},{"type":"MultiLineString","arcs":[[11277],[11278],[11279],[11280],[11281],[11282],[11283],[11284],[11285],[11286],[11287],[11288],[11286],[11289],[11290],[11291],[11292],[11293],[11294],[11295],[11296],[11297],[11298],[11299],[11300],[11301],[11302],[11303],[11304],[11305],[11306],[11306],[11307,11308,11309],[11310,11311,-11312],[-11310],[11312,11313],[11314],[11315],[11316],[11316],[-11314],[11317],[11318],[11319],[11320],[11321],[11322],[11323],[11324],[11325],[11326],[11327],[11328],[11329],[11330],[11331],[11332],[11333],[11334],[11335],[11336],[11337],[11338],[11339],[11340],[11341],[11342],[11343],[11344],[11345],[11346],[11346],[11347],[11348],[11349],[11350],[11351],[11352],[11353],[11354],[11355],[11356],[11357],[11358,11359],[-11360,11360],[11361],[11362],[11363,11364],[11365],[11366],[11367],[11367],[11367],[11367],[11368],[11369,11370],[11371],[11372],[11373],[11374],[11375],[11376],[11377]]},{"type":"MultiLineString","arcs":[[11378],[11379],[11380],[11381],[11382],[11383],[11384],[11385],[11386],[11387],[11388],[11389],[11390],[11391],[11392],[11393],[11394],[11395],[11396],[11397]]},{"type":"MultiLineString","arcs":[[11398],[11399],[11400],[11401],[11402],[11403],[11404],[11405],[11406],[11407],[11408],[11409,11410],[11411],[11412],[11413],[-11414,11414],[11415],[11416],[11417]]},{"type":"LineString","arcs":[11418]},{"type":"MultiLineString","arcs":[[11419],[11420],[11421],[11422],[11423],[11424],[11425],[11426],[11427],[11428],[11429],[11430],[11431],[11432],[11433],[11434],[11435],[11436],[11437]]},{"type":"MultiLineString","arcs":[[11438],[11439],[11440],[11441]]},{"type":"MultiLineString","arcs":[[11442],[11443],[11444],[11445],[11446],[11447],[11448]]},{"type":"MultiLineString","arcs":[[11449,11450],[11451],[11452],[11453],[11454],[11455],[11456]]},{"type":"MultiLineString","arcs":[[11457],[11458],[11459],[11458],[11460],[11461],[11462],[11463],[11464],[11464],[11465],[11466],[11467],[11468],[11469],[11470],[11471],[11472],[11473],[11474],[11475]]},{"type":"MultiLineString","arcs":[[11476],[11477],[11478],[11479],[11480],[11481],[11482],[11483],[11484],[11485],[11486],[11487],[11485]]},{"type":"MultiLineString","arcs":[[11488],[11489],[11490,11491,11492],[11493],[11494],[11495],[11496],[11497],[11497],[11498],[11499],[11500],[11501],[11502],[11503]]},{"type":"MultiLineString","arcs":[[11504],[11505],[11506],[11507],[11508,11509],[11510],[11511],[11512],[11513],[11514],[11515],[11516,11517],[-11518],[11518],[11519,11520],[11521],[11522],[11523],[11524]]},{"type":"MultiLineString","arcs":[[11525],[11526],[11527],[11528],[11529],[11530],[11531],[11532],[11533],[11534],[11535],[11536],[11536],[11537],[11538,11539],[11540],[11541],[11542],[11543],[11544],[11545],[11546],[11547],[11548],[11549],[11550],[11551],[11552],[11553],[11553],[11554],[11551],[11555],[11556],[11557],[11558],[11559],[-11560,11560]]},{"type":"MultiLineString","arcs":[[11561],[11562],[11561],[11563],[11564]]},{"type":"MultiLineString","arcs":[[11565,7797],[11566],[11567],[11568],[11569],[11570]]},{"type":"MultiLineString","arcs":[[11571],[11572],[11573],[11574],[11575],[11576],[11577],[11578],[11576],[11579],[11580],[11581],[11582],[11583],[11584],[11585],[11586],[11587],[11588],[11589],[11590],[11591],[11592],[11593],[11594],[11595]]},{"type":"MultiLineString","arcs":[[11596],[11597],[11598],[11599],[-11600],[11600],[11601],[11602],[-11603,11603],[11604,11605],[11606]]},{"type":"MultiLineString","arcs":[[11607,-11608],[11608],[11609],[11610],[11611],[11612],[11613],[11614],[11615],[11616],[11617],[-11608],[11618],[11619],[-11620],[11619,11620],[11621],[11622],[11623],[11624],[11625],[11626],[11627],[11628],[11629],[11630,11631],[-11632,11632],[11633],[11634],[11635],[11636],[11637],[11638]]},{"type":"MultiLineString","arcs":[[11639,11640],[11641],[11642],[11643,11644],[-11644],[11645,11646]]},{"type":"MultiLineString","arcs":[[11647],[11648],[11649],[11650],[11651],[11652],[11653],[11654],[11655],[11656],[11657],[11658],[11659]]},{"type":"MultiLineString","arcs":[[11660],[11661],[11662],[11663],[11664],[11665],[11666],[11667],[11668],[11669],[11670,11671],[11672],[11673],[11674],[11639],[11675]]},{"type":"MultiLineString","arcs":[[11676],[11677],[11678],[11679],[11680],[11681],[11682]]},{"type":"MultiLineString","arcs":[[11683],[11684],[11685],[11686],[-11687,11686],[11687],[11688],[11689],[11689],[11690],[11687],[11691],[11692],[11693],[11694],[11695,11696],[11697],[11698],[11699],[11700],[11700]]},{"type":"MultiLineString","arcs":[[11701],[11702],[11702],[11703],[11704],[11705],[11706],[11707],[11708],[11709],[11710],[11711],[11712],[11713],[11714],[11715],[11716],[11717],[11718],[11719],[11720],[11721]]},{"type":"MultiLineString","arcs":[[-11525,11524,-11525],[11722],[11722],[11723],[11724],[11724],[11725],[11726],[11727],[11728],[11728],[11729],[11730]]},{"type":"MultiLineString","arcs":[[11731],[11732],[11733],[11734],[11735],[11736],[11737]]},{"type":"MultiLineString","arcs":[[11738],[11739,11740],[11741],[11742],[11743]]},{"type":"MultiLineString","arcs":[[11744],[11745],[11746],[11747],[11748],[11749],[11750],[11751],[11752],[11753],[11754],[11755],[11756]]},{"type":"MultiLineString","arcs":[[11757,-11758,11758],[11759],[11760]]},{"type":"MultiLineString","arcs":[[11761,11762],[11763],[11764],[11765],[11766],[11767],[11768],[11769],[11770],[11771]]},{"type":"LineString","arcs":[11772]},{"type":"MultiLineString","arcs":[[11773],[11774],[11775],[11776],[11777],[11778],[11779,11780],[11781],[11782],[11783],[11784],[11785],[11786]]},{"type":"MultiLineString","arcs":[[11787],[11788],[11789],[-11758]]},{"type":"LineString","arcs":[11790]},{"type":"MultiLineString","arcs":[[11791],[11792],[11793],[11794],[11795]]},{"type":"MultiLineString","arcs":[[11796],[11797],[11798],[11799],[11800],[11801]]},{"type":"MultiLineString","arcs":[[11802],[11803],[11804],[11805,11806],[11807],[11808],[11809],[11810],[11811],[11812,11813],[-11814],[11814],[11815],[11816],[11817],[11818],[11819],[11820],[11821]]},{"type":"MultiLineString","arcs":[[11822],[11823],[11824],[11825],[11822],[11826,11827],[11828],[11829,11830],[-11828,11831],[11832],[11833],[11834],[11835]]},{"type":"LineString","arcs":[11836]},{"type":"MultiLineString","arcs":[[11837],[11838],[11839],[11840],[11841],[11842],[11843],[11844],[11845],[11846],[11847],[11848],[11849],[11850],[11851]]},{"type":"MultiLineString","arcs":[[11852],[11853],[11854],[11855],[11856],[11857],[11858],[11859],[11860],[11861],[11862],[11863],[11864],[11865],[11866],[11867],[11868],[11869],[11870],[11870],[11871],[11872],[11873],[11874],[11875],[11876],[11877],[11878],[11879],[11880],[11881],[11882],[11883],[11884],[11885],[11886],[11887],[11888]]},{"type":"MultiLineString","arcs":[[11889],[11890],[11891],[11892]]},{"type":"MultiLineString","arcs":[[11893],[11894],[11895],[11896],[11897],[11898],[11899],[11900],[11901],[11902],[11903],[11904],[11905],[11906],[11907],[11908]]},{"type":"MultiLineString","arcs":[[11909],[11910],[11911],[11912],[11913],[11914],[11915],[11916],[11917],[11918],[11919],[11920,11921]]},{"type":"MultiLineString","arcs":[[11922],[11923],[11924],[11925],[11926],[11927,11928],[11929],[11930],[-11928,11931],[11932]]},{"type":"MultiLineString","arcs":[[11933],[11934],[11935],[11935],[11936],[11935],[11937,11938,11939,11940],[11941],[11942,11943],[-11944,11944],[11945],[11946],[11946],[11947],[11948],[11949],[11950,-11951,11951],[11952],[11953],[11948],[11954],[11955],[11956],[11957],[11958],[11959],[11960],[-11952,11950],[11961,11962],[11963],[11964],[11965],[11966,11967],[11968],[11969],[11970],[11971,11972,-11938],[11973],[11974],[11975],[11976],[11977],[11978],[11979],[11980,11981],[11982,11983],[11984],[11985]]},{"type":"MultiLineString","arcs":[[11986],[11987],[11988],[11989],[11990],[11991],[11992],[11993],[11994],[11995],[11996],[11997]]},{"type":"MultiLineString","arcs":[[11998],[11999],[12000],[12001],[12002],[12003],[12004]]},{"type":"MultiLineString","arcs":[[12005],[12006],[12007],[12008,12009],[12010],[12011],[12012],[12013,12014],[-12015,12015],[12016],[12017],[12018],[12019],[12020],[12021],[12022],[12023],[12024],[12025]]},{"type":"LineString","arcs":[12026,12027]},{"type":"LineString","arcs":[12028]},{"type":"MultiLineString","arcs":[[12029],[12030],[12031],[12032],[12033],[12034]]},{"type":"MultiLineString","arcs":[[12035],[12036],[12037]]},{"type":"MultiLineString","arcs":[[12038],[12039],[12040],[12041],[12042],[-12027],[12043]]},{"type":"MultiLineString","arcs":[[12044],[12045],[12046],[12047],[12048]]},{"type":"MultiLineString","arcs":[[12049],[12050,12051],[12052],[12053],[12054]]},{"type":"MultiLineString","arcs":[[12055],[12056],[12056]]},{"type":"MultiLineString","arcs":[[12057],[12058],[12059],[12060],[12061],[12062],[12063],[12064],[12065]]},{"type":"MultiLineString","arcs":[[12066],[12067],[12068],[12069]]},{"type":"MultiLineString","arcs":[[12070],[12071],[12072],[12073],[12074]]},{"type":"MultiLineString","arcs":[[12075],[12076],[12077],[12078],[12079]]},{"type":"LineString","arcs":[12080]},{"type":"LineString","arcs":[12081]},{"type":"MultiLineString","arcs":[[12082],[12083],[12084],[12085],[12086],[12084],[12087],[12088],[12089]]},{"type":"MultiLineString","arcs":[[12090],[12091],[12092]]},{"type":"MultiLineString","arcs":[[12093],[12094],[12095]]},{"type":"LineString","arcs":[12096]},{"type":"LineString","arcs":[12097]},{"type":"LineString","arcs":[12098]},{"type":"LineString","arcs":[12099]},{"type":"MultiLineString","arcs":[[12100],[12101],[12102],[12103],[12104]]},{"type":"MultiLineString","arcs":[[12105],[12106],[12107]]},{"type":"LineString","arcs":[12108]},{"type":"LineString","arcs":[12109]},{"type":"MultiLineString","arcs":[[12110],[12111],[12112],[12113],[12114]]},{"type":"MultiLineString","arcs":[[12115],[12116],[12117],[12118]]},{"type":"MultiLineString","arcs":[[12119],[12120],[12121],[12122],[12123],[12124],[12125]]},{"type":"MultiLineString","arcs":[[12126],[12127],[12128],[12129],[12130]]},{"type":"LineString","arcs":[12131]},{"type":"MultiLineString","arcs":[[12132],[12133]]},{"type":"MultiLineString","arcs":[[12134],[12135],[12136]]},{"type":"LineString","arcs":[12137,12138]},{"type":"MultiLineString","arcs":[[12139,12140],[12141],[12142],[12143],[12144]]},{"type":"MultiLineString","arcs":[[12145],[12146],[12147],[12148],[12149],[12150],[12151]]},{"type":"MultiLineString","arcs":[[12152],[12153],[12154,-12140],[12155],[12156],[12157]]},{"type":"LineString","arcs":[12158,12159]},{"type":"MultiLineString","arcs":[[12160],[12161],[12162],[12163],[12164]]},{"type":"MultiLineString","arcs":[[12165],[12166],[12167],[12168],[12169],[12170],[12171],[12172],[12173],[12174],[12175],[12176],[12177],[12178]]},{"type":"MultiLineString","arcs":[[12179],[12180],[12181],[12182],[12183],[12184],[12185],[12186],[12187]]},{"type":"MultiLineString","arcs":[[12188],[12189],[-12160,12190],[12191],[12192],[12193],[12194]]},{"type":"LineString","arcs":[12195]},{"type":"MultiLineString","arcs":[[12196],[12197],[12198]]},{"type":"MultiLineString","arcs":[[12199],[12200],[12201]]},{"type":"MultiLineString","arcs":[[12202],[12203],[12204],[12205],[12206],[12207],[12208]]},{"type":"MultiLineString","arcs":[[12209],[12210],[12211],[12212],[12213],[12213]]},{"type":"MultiLineString","arcs":[[12214],[12215],[12216]]},{"type":"MultiLineString","arcs":[[12217],[12218],[12219],[12220],[12221],[12222],[12223],[12224]]},{"type":"MultiLineString","arcs":[[12225],[12226],[12227],[12228],[12229],[12230],[12231]]},{"type":"MultiLineString","arcs":[[12232,12233],[12234],[12235],[12236,-12233],[12237],[12238],[12239],[12240],[12241]]},{"type":"MultiLineString","arcs":[[12242],[12243],[12244],[12245],[12246],[12247],[12248],[12249]]},{"type":"MultiLineString","arcs":[[12250],[12251],[12252,12253,12254],[12255],[12256],[-12255,12257],[12258],[12259],[12260],[12261],[12261],[93],[12262]]},{"type":"MultiLineString","arcs":[[12263],[12264],[12265],[12266],[12267],[12268],[12269],[12270,12271],[12272],[12273,-12271],[12274],[12275],[12274]]},{"type":"MultiLineString","arcs":[[12276],[12277],[12278],[12279],[12280],[12281],[12282],[12283]]},{"type":"MultiLineString","arcs":[[12284],[12285],[12286],[12287],[12288]]},{"type":"MultiLineString","arcs":[[12289,12290],[12291],[12292],[12293],[12294],[12295],[12296],[12297],[12298],[12299],[12300],[12301],[12301]]},{"type":"LineString","arcs":[12302]},{"type":"LineString","arcs":[12303]},{"type":"LineString","arcs":[12304]},{"type":"LineString","arcs":[12305]},{"type":"LineString","arcs":[12306,12290]},{"type":"MultiLineString","arcs":[[12307],[12308],[12309],[12310],[12311],[12312],[12313],[12314],[12315],[12316],[12317],[12318],[12319],[12320],[12321]]},{"type":"MultiLineString","arcs":[[12322],[12323],[12324],[12325],[12326],[12327],[12328,12329],[12330],[12331],[12332,12333]]},{"type":"MultiLineString","arcs":[[12334],[12335],[12336],[12337],[12338],[12339],[12340]]},{"type":"MultiLineString","arcs":[[12341],[12342],[12343],[12344],[12345],[12346],[12347,12348],[12349],[12350],[12351],[12352],[12353],[12354],[12355],[12356],[12357],[12358],[12359],[12359],[12360],[-12361],[12359],[12361],[12362],[12363]]},{"type":"MultiLineString","arcs":[[12364],[12365],[12366],[12367],[12368],[12369],[12370,-12370]]},{"type":"MultiLineString","arcs":[[12371],[12372],[12373],[12374],[12375],[12376],[12377],[12378,12379],[12380]]},{"type":"MultiLineString","arcs":[[12381],[12382],[12383],[12384],[12385],[12386],[12387],[12388,12389],[12390],[12391],[12392],[12393],[12394]]},{"type":"LineString","arcs":[12395]},{"type":"MultiLineString","arcs":[[12396],[12397]]},{"type":"LineString","arcs":[12398]},{"type":"MultiLineString","arcs":[[12399],[12400],[12401],[12402],[12403],[12404],[12405,12406],[12407,-12406],[12408],[12409],[12410],[12411],[12412],[12413],[12414],[12415],[12416],[12417],[12418],[12419],[12420],[12421,12422],[-12422],[12423],[12424,12425],[12426],[12427]]},{"type":"MultiLineString","arcs":[[12428],[12429],[12430],[12431],[12432]]},{"type":"MultiLineString","arcs":[[12433],[12434],[12435],[12436],[12437],[12438],[12439]]},{"type":"MultiLineString","arcs":[[12440],[12441],[12442],[12443],[12444],[12445],[12446],[12447],[12448,12449],[12450,-12449],[12451],[12452],[12453,12454],[12455],[12456],[12457],[12458],[12459],[12460],[12461],[12462],[12463],[12464],[12465],[-12455]]},{"type":"LineString","arcs":[12466]},{"type":"MultiLineString","arcs":[[12467],[12468]]},{"type":"LineString","arcs":[12469]},{"type":"LineString","arcs":[12470]},{"type":"LineString","arcs":[12471]},{"type":"LineString","arcs":[12472]},{"type":"MultiLineString","arcs":[[12473],[12474]]},{"type":"MultiLineString","arcs":[[12475],[12476],[12477],[12478],[12479],[12480,12481],[-12482,12482],[12483],[12484],[12485],[12486],[12487],[12488]]},{"type":"LineString","arcs":[12489]},{"type":"LineString","arcs":[12490]},{"type":"LineString","arcs":[12472]},{"type":"MultiLineString","arcs":[[12491],[12492],[12493],[12494],[12495],[12496],[12497],[12498],[12499],[12500]]},{"type":"MultiLineString","arcs":[[12501],[12502],[12503],[12504],[12505],[12506]]},{"type":"LineString","arcs":[12507]},{"type":"MultiLineString","arcs":[[12508],[12509],[12510],[12511],[12512]]},{"type":"MultiLineString","arcs":[[12513,12514],[12515],[12516],[12517],[12518],[12519]]},{"type":"LineString","arcs":[12520]},{"type":"LineString","arcs":[12521]},{"type":"MultiLineString","arcs":[[12522],[12523],[12524],[12525],[12526],[12527]]},{"type":"LineString","arcs":[12528]},{"type":"LineString","arcs":[12529]},{"type":"MultiLineString","arcs":[[12530],[12531],[12532],[12533],[12534],[12535],[12536],[12537],[12538],[12539],[12540],[12541],[12542],[12543],[12544]]},{"type":"LineString","arcs":[12545]},{"type":"LineString","arcs":[12546]},{"type":"MultiLineString","arcs":[[12547],[12548,12549],[-12549],[12550],[12551]]},{"type":"MultiLineString","arcs":[[12552],[12553],[12554]]},{"type":"MultiLineString","arcs":[[12555],[12556],[12557]]},{"type":"MultiLineString","arcs":[[12558],[12559],[12560],[12561],[12562],[12563],[12564],[12565],[12566],[12567],[12568],[12569]]},{"type":"LineString","arcs":[12570]},{"type":"MultiLineString","arcs":[[12571],[12572],[12573],[12574]]},{"type":"MultiLineString","arcs":[[12575],[12576],[12577],[12578],[12579],[12580],[12581],[12582]]},{"type":"LineString","arcs":[12583]},{"type":"MultiLineString","arcs":[[12584],[12585],[12586]]},{"type":"MultiLineString","arcs":[[12587],[12588,12589],[12590],[12591],[12592],[12593],[12594]]},{"type":"LineString","arcs":[12595]},{"type":"LineString","arcs":[12596]},{"type":"MultiLineString","arcs":[[12597],[12598]]},{"type":"MultiLineString","arcs":[[12599],[12600],[12601],[12602]]},{"type":"MultiLineString","arcs":[[12603],[12604],[12605]]},{"type":"MultiLineString","arcs":[[12606,12607],[12608],[12609,-12607],[12610],[12611],[12612]]},{"type":"MultiLineString","arcs":[[12613],[12614],[12615]]},{"type":"MultiLineString","arcs":[[12616],[12617],[12618],[12619],[12620]]},{"type":"LineString","arcs":[12621]},{"type":"MultiLineString","arcs":[[12622],[12623],[12624]]},{"type":"LineString","arcs":[12625]},{"type":"MultiLineString","arcs":[[12626],[12627],[12628],[12629],[12630],[12631],[12632],[12633],[12634],[12635]]},{"type":"LineString","arcs":[12636]},{"type":"MultiLineString","arcs":[[12637],[12638],[12639],[12640],[12641]]},{"type":"LineString","arcs":[12642]},{"type":"MultiLineString","arcs":[[12643,12644],[12645],[12646],[12647],[-12648,12648,12649],[-12650,12650],[12651]]},{"type":"MultiLineString","arcs":[[12652],[12653],[12654],[12654],[12655],[12656],[12657],[12658],[12659],[12660],[12661]]},{"type":"LineString","arcs":[12662]},{"type":"MultiLineString","arcs":[[12663],[12664],[12665],[12666],[12667],[12668],[12669]]},{"type":"MultiLineString","arcs":[[12670,12671],[12672],[12673]]},{"type":"MultiLineString","arcs":[[12674,12675,-12671],[12676,-12675],[12677],[12678],[12679],[12680,12681,12682],[12683],[12684],[12685],[12686],[12687]]},{"type":"MultiLineString","arcs":[[12688],[12689],[12690],[12691],[12692],[12693],[12694]]},{"type":"MultiLineString","arcs":[[12695],[12696],[12697],[12698],[12699],[12700],[12701],[12702],[12703],[12704],[12705],[12706]]},{"type":"MultiLineString","arcs":[[12707],[12708,12709],[12710],[12711],[12712],[12713],[12714],[12715],[12715],[12716],[12717]]},{"type":"MultiLineString","arcs":[[12718],[12719,12720],[-12721,12721],[12722],[12723],[12724],[12725],[12726],[12727],[12728],[12729],[12730],[12730]]},{"type":"MultiLineString","arcs":[[12731,12732],[12733],[12734]]},{"type":"MultiLineString","arcs":[[12735,12736,12737,12738,12739],[12740,-12737,12741],[12742],[12743,12744,12745],[12746],[12742],[12747],[12748],[12749],[12750],[12751],[12749],[12752],[12753],[12754],[12754],[12755],[12756],[12757],[12758],[12759],[12760],[12761,12762],[12763],[12764],[12765],[12766],[12767],[-12762],[12768],[12769],[12770],[12771],[12772],[12773]]},{"type":"MultiLineString","arcs":[[12774],[12775],[12776],[12680],[12777]]},{"type":"MultiLineString","arcs":[[12778],[12779],[12780]]},{"type":"MultiLineString","arcs":[[12781],[12782],[12783],[12784],[12785,12786],[12787],[-12786],[12788]]},{"type":"MultiLineString","arcs":[[12789],[12790,12791],[12792,-12791]]},{"type":"MultiLineString","arcs":[[12793],[12794],[12794],[12795],[12796],[12797],[12798]]},{"type":"MultiLineString","arcs":[[12799],[12800],[12801],[12802],[12803],[12804],[12805]]},{"type":"MultiLineString","arcs":[[12806],[12807],[12807]]},{"type":"LineString","arcs":[12808]},{"type":"MultiLineString","arcs":[[12809],[12810],[12811],[-12810],[12812],[12813],[12814,12815],[12812],[12816],[12817],[12818],[12818],[12819],[12820],[12820],[12821],[12822],[12823],[12824],[12825],[12826],[12827],[-12815],[12828],[12829],[12830],[12831],[12832],[12833]]},{"type":"MultiLineString","arcs":[[12834],[12835],[12836],[12837],[12838],[12839],[12840],[12841],[12839],[12842],[12843],[12844],[12845],[12846,12847],[-12848,12848],[12849],[12850],[12851],[12852]]},{"type":"MultiLineString","arcs":[[12853],[12854],[12855],[12856],[12857],[12858],[12855],[12855],[12859],[12860],[12861],[-12862],[12862],[12863],[12863],[12864],[12865],[12866]]},{"type":"MultiLineString","arcs":[[12867],[12868],[12869,12870,12871],[12872],[-12872,12873],[-12873]]},{"type":"MultiLineString","arcs":[[12874],[12875],[12876]]},{"type":"MultiLineString","arcs":[[12877],[12878],[12879],[12880],[12880],[12881],[12882],[12883],[12884],[12884],[12885],[12886],[12887],[12888],[12889],[12890],[12891],[12892],[12893],[12894],[12895],[12896],[12897],[12897]]},{"type":"MultiLineString","arcs":[[12898],[12899],[12900],[12901]]},{"type":"MultiLineString","arcs":[[12902],[12903],[12904],[12905],[12906],[12907],[12908],[12909],[12910],[12911],[12912]]},{"type":"MultiLineString","arcs":[[12913,12914],[12915],[12916],[12917],[12918],[12918],[12919],[12920],[12921],[12922,12923],[-12924],[12923,12924]]},{"type":"LineString","arcs":[12925]},{"type":"MultiLineString","arcs":[[12926],[12927],[12928],[12929],[12930]]},{"type":"LineString","arcs":[12931]},{"type":"LineString","arcs":[12932]},{"type":"MultiLineString","arcs":[[12933],[12934],[12935],[12936],[12937]]},{"type":"LineString","arcs":[12938]},{"type":"MultiLineString","arcs":[[12939],[12940],[12941],[12942],[12943],[12944],[12945],[12946],[12947],[12948],[12949]]},{"type":"LineString","arcs":[12950]},{"type":"MultiLineString","arcs":[[12951],[12952],[12953],[12954],[12955],[12956],[12957],[12958],[12959],[12960],[12961],[12962]]},{"type":"MultiLineString","arcs":[[12963],[12964],[12965]]},{"type":"MultiLineString","arcs":[[12966],[12967],[12968],[12969],[12970]]},{"type":"MultiLineString","arcs":[[12971],[12972,12973],[12974],[12975],[12976],[12977],[12978],[12979]]},{"type":"LineString","arcs":[12972,12980]},{"type":"MultiLineString","arcs":[[12981],[12982],[12983],[12984],[12985],[12986]]},{"type":"LineString","arcs":[12987]},{"type":"MultiLineString","arcs":[[12988,12989],[12990,12991],[-12990,12992],[-12991],[12993],[12994,12995],[12996],[12996],[12997],[12998,-12995],[12999],[13000],[13001],[13002],[13003,-13003],[13004,13005],[-13006,13006],[13007],[13008],[13009],[13010]]},{"type":"MultiLineString","arcs":[[13011],[13012,13013],[13014],[13015],[-13013],[13016],[13017],[13018],[13019,13020],[13021,-13020],[13022],[13023],[13024],[13025],[13026]]},{"type":"MultiLineString","arcs":[[13027],[13028,13029]]},{"type":"MultiLineString","arcs":[[13030],[13031],[13032],[13033],[13034],[13035],[13036],[-13037,13037],[13038],[13034],[13039],[13040]]},{"type":"MultiLineString","arcs":[[13041,13029],[13042],[13043],[13044],[13045,13046],[13047,13048],[13049,13050,-13048]]},{"type":"MultiLineString","arcs":[[13051,13052],[-13053],[13053],[13054],[13055],[13056],[13054],[13057],[-12733,13058],[13059],[13060],[13061]]},{"type":"MultiLineString","arcs":[[13062],[13063],[13064],[13065],[13066],[13067],[13068],[13068],[13069]]},{"type":"MultiLineString","arcs":[[13070,13071,13072],[-13073,13073,13074],[13075],[13076]]},{"type":"LineString","arcs":[13077]},{"type":"MultiLineString","arcs":[[13078],[13079],[13080],[13081],[13082],[13083],[13084],[13085],[13086],[13069,13087,13088],[-13089],[13089],[13090]]},{"type":"MultiLineString","arcs":[[13091],[13092],[13092],[13092]]},{"type":"MultiLineString","arcs":[[13070,13093],[13094],[13095],[13096,-12644],[13094],[13094]]},{"type":"LineString","arcs":[13097]},{"type":"MultiLineString","arcs":[[13098,13099],[13100],[13100],[13101],[13102],[13103],[13104,13105],[-13105],[13106,13107],[-13108],[13108],[13109],[13110],[13111,13112],[13113],[13113],[13114],[13115]]},{"type":"MultiLineString","arcs":[[13116],[13117,13064],[13118]]},{"type":"MultiLineString","arcs":[[13119],[13120],[13121],[13122]]},{"type":"MultiLineString","arcs":[[13123],[13124],[13125],[13126],[13049],[13127]]},{"type":"LineString","arcs":[13128]},{"type":"MultiLineString","arcs":[[13129],[13130],[13131],[13132],[13133],[13132],[13132],[13134],[13135]]},{"type":"MultiLineString","arcs":[[13136],[13137],[13138],[13139,13140],[-13141]]},{"type":"MultiLineString","arcs":[[13141],[13142],[13143],[13144,13145],[-13145],[13146],[13147],[13148],[13149],[13150,13151],[-13151],[13152,13153],[13154],[13155],[13156]]},{"type":"MultiLineString","arcs":[[13157],[13158,13159],[13160],[13161],[13162],[13163],[13164,13165],[-13166],[13166],[13167],[13168,13169,13170],[13171,-13169],[13172],[13173],[13174],[13175],[13176],[13177],[13178],[13179],[13180],[13180],[13181],[13182],[13183],[13184],[13185,13186],[13187,-13186],[13188],[13189]]},{"type":"MultiLineString","arcs":[[13190,13191],[13192],[13192],[13193],[13194],[13192],[13192],[13195,13196,-13197,13196,-13197,13197],[13198],[13199,13195],[-13196],[13200],[13201],[13202],[13203]]},{"type":"MultiLineString","arcs":[[13204,13205],[13206,13207],[13208],[13209],[13210],[13211],[13212],[13213],[13214],[13215],[13215],[13215],[13216],[13217],[13218],[13219],[13220],[13221]]},{"type":"MultiLineString","arcs":[[13222],[13223],[13224],[13225],[13226]]},{"type":"LineString","arcs":[13227]},{"type":"LineString","arcs":[13228]},{"type":"MultiLineString","arcs":[[13229],[13230],[13231],[13228],[13228]]},{"type":"MultiLineString","arcs":[[13232],[13233,13234],[13235],[13236],[13237],[13238],[13239],[13240],[13241],[13242],[13243],[13244],[13244],[13245,13246],[-13247,13247],[13248],[13249],[13250],[13251,13252],[-13252],[13253,13254],[-13254],[13255,13253],[13256],[13257],[13258],[13259],[13260],[13261,-13261],[13262,13263],[13264],[13265],[13266],[13267],[13268],[13269],[13270]]},{"type":"MultiLineString","arcs":[[13271],[13272],[13273],[13274],[13275],[13276,13277],[-13277],[13278],[13279]]},{"type":"MultiLineString","arcs":[[13280],[13281],[13282],[13283],[13284],[-13192],[13284],[13284],[13285],[13286],[13285],[13285],[13287],[13288],[13289]]},{"type":"MultiLineString","arcs":[[13290],[13291],[13292]]},{"type":"MultiLineString","arcs":[[13293],[13294]]},{"type":"MultiLineString","arcs":[[13295],[13296],[13297],[13298],[13299],[13300],[13301],[13302],[13303],[13304],[13305]]},{"type":"MultiLineString","arcs":[[13306],[13307],[13308],[13309],[13310],[13311],[13312],[13313],[13314]]},{"type":"MultiLineString","arcs":[[13315],[13316],[13317],[13318],[13319],[13320],[13321]]},{"type":"LineString","arcs":[13322,13323]},{"type":"MultiLineString","arcs":[[13324],[13325],[13326]]},{"type":"LineString","arcs":[13327]},{"type":"LineString","arcs":[13328]},{"type":"LineString","arcs":[13329]},{"type":"MultiLineString","arcs":[[13330],[13331],[13332],[13333]]},{"type":"MultiLineString","arcs":[[13334],[13335]]},{"type":"MultiLineString","arcs":[[13336],[13337]]},{"type":"MultiLineString","arcs":[[13338],[13339],[13340]]},{"type":"MultiLineString","arcs":[[13341],[13342],[13343]]},{"type":"MultiLineString","arcs":[[13344],[13345],[13345],[13346],[13347],[13348],[13349],[13350],[13351],[13352],[-13351],[13350,13353],[13354],[13355],[13356],[13357],[13358]]},{"type":"MultiLineString","arcs":[[13359],[13360],[13361],[13362],[13360],[13363],[13364]]},{"type":"LineString","arcs":[13365]},{"type":"LineString","arcs":[13366]},{"type":"MultiLineString","arcs":[[13367],[13368]]},{"type":"LineString","arcs":[13369]},{"type":"MultiLineString","arcs":[[13370],[13371],[13372]]},{"type":"MultiLineString","arcs":[[13373],[13374],[13375]]},{"type":"MultiLineString","arcs":[[13376,13377,13378],[13379],[13380],[13380],[-13379],[13381],[13382],[13383],[13383],[13384],[13385],[13386],[13387]]},{"type":"LineString","arcs":[13388,-13377]},{"type":"MultiLineString","arcs":[[13389],[13390,-13390],[13391],[13392],[13393],[13391],[13394],[13395],[13396]]},{"type":"MultiLineString","arcs":[[13397],[13398],[13399]]},{"type":"MultiLineString","arcs":[[13400],[13401],[13402],[13403],[13404],[13405],[13406],[13407],[13408],[13409]]},{"type":"MultiLineString","arcs":[[13410],[13411],[13412],[13413],[13414],[13415],[13416],[13417],[13418],[13419],[13420],[13421],[13422,13423],[13424],[13425],[-13424,13426],[13427],[13428],[13429],[13430],[13431]]},{"type":"MultiLineString","arcs":[[13432],[13433],[13434],[13435],[13436],[13437],[13438]]},{"type":"MultiLineString","arcs":[[13439],[13440],[13441],[13442],[13443],[13444],[13445],[13446],[13447],[13448],[13449],[13450],[13451]]},{"type":"MultiLineString","arcs":[[13452],[13453]]},{"type":"LineString","arcs":[13454]},{"type":"LineString","arcs":[13455]},{"type":"LineString","arcs":[13456]},{"type":"MultiLineString","arcs":[[13457],[13458],[13459],[13460],[13461],[13462],[13463],[13464],[13465],[13466],[13467]]},{"type":"MultiLineString","arcs":[[13468],[13469],[13470],[13471],[13472],[13473],[13474],[13475],[13476],[13477],[13478],[13479],[13480],[13481],[13482],[13483],[13484],[13485]]},{"type":"LineString","arcs":[13486,13487]},{"type":"LineString","arcs":[13488]},{"type":"MultiLineString","arcs":[[13489],[13490],[13491],[13492],[13493],[13494],[13495]]},{"type":"LineString","arcs":[13496]},{"type":"LineString","arcs":[-13487]},{"type":"LineString","arcs":[13497]},{"type":"LineString","arcs":[13498]},{"type":"MultiLineString","arcs":[[13499],[13500],[13501],[13502],[13503]]},{"type":"MultiLineString","arcs":[[13504],[13505],[13506],[13507],[13508]]},{"type":"LineString","arcs":[13509]},{"type":"LineString","arcs":[13510]},{"type":"MultiLineString","arcs":[[13511],[101],[101]]},{"type":"MultiLineString","arcs":[[13512],[13513],[13514],[13515],[13516]]},{"type":"LineString","arcs":[13517]},{"type":"LineString","arcs":[13518]},{"type":"MultiLineString","arcs":[[13519],[13520],[13521],[13522]]},{"type":"MultiLineString","arcs":[[13523],[13524],[13525]]},{"type":"MultiLineString","arcs":[[13526],[13527]]},{"type":"LineString","arcs":[13528]},{"type":"MultiLineString","arcs":[[13529],[13530]]},{"type":"MultiLineString","arcs":[[13531],[13532],[13533]]},{"type":"MultiLineString","arcs":[[13534],[13535]]},{"type":"LineString","arcs":[13536]},{"type":"MultiLineString","arcs":[[13537],[13538],[13539],[13540],[13541]]},{"type":"LineString","arcs":[13542]},{"type":"LineString","arcs":[13543]},{"type":"MultiLineString","arcs":[[13544],[13545],[13546],[13547],[13548],[13549],[13550],[13551],[13552]]},{"type":"LineString","arcs":[13553]},{"type":"LineString","arcs":[13554]},{"type":"LineString","arcs":[13555]},{"type":"MultiLineString","arcs":[[13556],[13557]]},{"type":"MultiLineString","arcs":[[13558],[13559],[13560]]},{"type":"MultiLineString","arcs":[[13561],[13562]]},{"type":"MultiLineString","arcs":[[13563],[13564,13565],[13566],[13567]]},{"type":"LineString","arcs":[13568]},{"type":"LineString","arcs":[13569]},{"type":"MultiLineString","arcs":[[13570],[13571],[13572]]},{"type":"MultiLineString","arcs":[[13573],[13574]]},{"type":"MultiLineString","arcs":[[13575],[13576]]},{"type":"LineString","arcs":[13577]},{"type":"LineString","arcs":[13578]},{"type":"LineString","arcs":[13579]},{"type":"LineString","arcs":[13580]},{"type":"LineString","arcs":[13581]},{"type":"MultiLineString","arcs":[[13582],[13583],[13584],[13585]]},{"type":"LineString","arcs":[13586]},{"type":"LineString","arcs":[13587]},{"type":"LineString","arcs":[13588]},{"type":"LineString","arcs":[13589]},{"type":"MultiLineString","arcs":[[13590],[13591],[13592],[13593],[13594],[13595],[13596],[13597],[13598],[13599]]},{"type":"MultiLineString","arcs":[[13600],[13601],[13602],[13603],[13604],[13605],[13606,13607],[13608],[13609],[13610],[13611],[13612],[13613],[13614],[13615],[13616],[13617],[13618],[13619],[13620],[13621],[13622],[13623],[13624],[13625]]},{"type":"MultiLineString","arcs":[[13626],[13627],[13628]]},{"type":"MultiLineString","arcs":[[13629],[13630],[13631],[13632],[13633],[13634],[13635],[13636],[13637],[13638],[13639],[13640],[13641],[13642],[13643],[13641],[13644],[13645],[13646],[13647],[13648],[13649],[13650],[13651],[13652],[13653],[13654],[13655],[13656],[13657]]},{"type":"MultiLineString","arcs":[[13658],[13659],[13660],[13661,13662],[13659],[13663],[-13662],[13664,13665],[13666],[13667,-13665],[13668,13669]]},{"type":"MultiLineString","arcs":[[13670],[13671],[13672]]},{"type":"MultiLineString","arcs":[[13673],[13674],[13675],[13676],[13677],[13678],[13679],[13680],[13681],[13682],[13683],[13684],[13685],[13686],[13687]]},{"type":"MultiLineString","arcs":[[13688],[13689],[13690],[13691],[13692],[13693],[13694],[13695]]},{"type":"MultiLineString","arcs":[[13696],[13697],[13698],[13699],[13700],[13701],[13702],[13703],[13704],[13705],[13706],[13707],[13708],[-13709],[13709],[13710],[13711],[13712],[13713]]},{"type":"LineString","arcs":[13714]},{"type":"MultiLineString","arcs":[[13715],[13716],[13717]]},{"type":"MultiLineString","arcs":[[13718],[13719],[13720],[13721]]},{"type":"MultiLineString","arcs":[[13722],[13723],[13724],[13725],[13726],[13727],[13728],[13729],[13730]]},{"type":"MultiLineString","arcs":[[13731],[13732],[13733],[13734],[13735],[13736],[13737],[13738],[13739],[13740],[13741],[13742],[13743]]},{"type":"MultiLineString","arcs":[[13744],[13745],[13746],[13747],[13748],[13749],[13750],[13751],[13752],[13753],[13754],[13755],[13756]]},{"type":"MultiLineString","arcs":[[13757],[13758],[13759],[13760],[13761],[13762],[13763],[13764],[13765],[13766],[13767],[13768]]},{"type":"MultiLineString","arcs":[[13769],[13770],[13771],[13772],[13773]]},{"type":"LineString","arcs":[13774]},{"type":"MultiLineString","arcs":[[13775],[13776],[13777]]},{"type":"LineString","arcs":[13778]},{"type":"MultiLineString","arcs":[[13779],[13780],[13781],[13782],[13783],[13784],[13785]]},{"type":"MultiLineString","arcs":[[13786],[13787],[13788],[13789],[13790]]},{"type":"LineString","arcs":[13791]},{"type":"MultiLineString","arcs":[[13792],[13793],[13794]]},{"type":"MultiLineString","arcs":[[13795],[13796],[13797],[13798],[13799,13800],[13801,13802],[-13802],[13803],[13804],[13805]]},{"type":"LineString","arcs":[13806]},{"type":"MultiLineString","arcs":[[13807],[13808],[13809],[13810],[13811],[13812],[13813],[13814]]},{"type":"LineString","arcs":[13815]},{"type":"MultiLineString","arcs":[[13816],[13817],[13818],[13819],[13820],[13821],[13822]]},{"type":"MultiLineString","arcs":[[13823],[13824],[13825],[13826],[13827,13828]]},{"type":"MultiLineString","arcs":[[13829],[13830],[13831],[13832],[13833]]},{"type":"LineString","arcs":[13834]},{"type":"MultiLineString","arcs":[[13835],[13836],[13837],[13838],[13839],[13840,13841],[-13842,13842]]},{"type":"LineString","arcs":[13843]},{"type":"MultiLineString","arcs":[[13844],[13845],[13846],[13847],[13848]]},{"type":"MultiLineString","arcs":[[13849],[13850],[13851],[13852],[13853]]},{"type":"MultiLineString","arcs":[[13854],[13855],[13856]]},{"type":"MultiLineString","arcs":[[13857],[13858],[13859],[13860]]},{"type":"LineString","arcs":[13861]},{"type":"MultiLineString","arcs":[[13862],[13863]]},{"type":"MultiLineString","arcs":[[13864],[13865],[13866]]},{"type":"MultiLineString","arcs":[[13867],[13868],[13869],[13870],[13871]]},{"type":"LineString","arcs":[13872]},{"type":"LineString","arcs":[13873]},{"type":"MultiLineString","arcs":[[13874],[13875,13876]]},{"type":"MultiLineString","arcs":[[13877],[13878],[13879],[13880]]},{"type":"MultiLineString","arcs":[[13881],[13882],[13883]]},{"type":"LineString","arcs":[13884]},{"type":"MultiLineString","arcs":[[13885],[13886],[13887],[13888]]},{"type":"LineString","arcs":[13889]},{"type":"MultiLineString","arcs":[[13890],[13875,13891]]},{"type":"MultiLineString","arcs":[[13892],[13893],[13894],[13895,13896],[13897]]},{"type":"MultiLineString","arcs":[[13898],[13899],[13900,-13896]]},{"type":"LineString","arcs":[13901]},{"type":"MultiLineString","arcs":[[13902],[13903],[13904]]},{"type":"LineString","arcs":[13905]},{"type":"LineString","arcs":[13906]},{"type":"MultiLineString","arcs":[[13907],[13908],[13909],[13910],[13911]]},{"type":"MultiLineString","arcs":[[13912],[13913]]},{"type":"MultiLineString","arcs":[[13914],[13915],[13916]]},{"type":"MultiLineString","arcs":[[13917],[13918],[13919],[13920],[13921],[13922],[13923],[13924]]},{"type":"MultiLineString","arcs":[[13925],[13926],[13927],[13928],[13929],[13930]]},{"type":"LineString","arcs":[13931]},{"type":"MultiLineString","arcs":[[13932],[13933],[13934],[13935],[13936],[13937],[13938],[13939],[13940],[13941]]},{"type":"MultiLineString","arcs":[[13942],[13943],[13944]]},{"type":"LineString","arcs":[13945]},{"type":"MultiLineString","arcs":[[13946,13947],[13948],[13949]]},{"type":"MultiLineString","arcs":[[13950],[13951],[13952]]},{"type":"MultiLineString","arcs":[[13953],[13954]]},{"type":"LineString","arcs":[13955]},{"type":"MultiLineString","arcs":[[13956],[13957],[13958]]},{"type":"MultiLineString","arcs":[[13959],[13960],[13961],[13962],[13963],[13964],[13965],[13966],[-13967,13967],[13968],[13969],[13970],[13971],[13972],[13973],[13974],[13975]]},{"type":"MultiLineString","arcs":[[13976],[13977],[13978],[13979],[13980],[13981],[13982],[13983],[13984],[13985]]},{"type":"MultiLineString","arcs":[[13986],[13987],[13988],[13989],[13989],[13989],[13990]]},{"type":"LineString","arcs":[13991]},{"type":"MultiLineString","arcs":[[13992],[13993],[13994],[13995]]},{"type":"MultiLineString","arcs":[[13996],[13997],[13998],[13999],[14000]]},{"type":"MultiLineString","arcs":[[14001],[14002]]},{"type":"LineString","arcs":[14003]},{"type":"MultiLineString","arcs":[[14004],[14005],[14006],[14007],[14008]]},{"type":"MultiLineString","arcs":[[14009,-1027],[14010],[14011],[14012],[14013]]},{"type":"MultiLineString","arcs":[[14014],[14015],[14016],[14017],[14018],[14019],[14020],[14021]]},{"type":"MultiLineString","arcs":[[14022],[14023],[14024],[14025],[14026]]},{"type":"MultiLineString","arcs":[[14027],[14028],[14029],[14030]]},{"type":"MultiLineString","arcs":[[14031,14032],[14033],[14034,-14032],[14035],[14036]]},{"type":"LineString","arcs":[14037]},{"type":"LineString","arcs":[14038]},{"type":"MultiLineString","arcs":[[14039],[14040],[14041],[14042],[14043]]},{"type":"LineString","arcs":[14044]},{"type":"MultiLineString","arcs":[[14045],[14046],[14047],[14048,14049],[14050,14051],[-14052,14052],[14053],[14054],[14055,14056],[14057],[14058,14059],[14060],[14061],[14062],[14063],[14064],[14065],[14066],[14067],[14068,14069],[14070,14071],[14072],[608,14073],[14074]]},{"type":"MultiLineString","arcs":[[14075,14076],[14077],[14078,604],[-14076],[14078],[-14079]]},{"type":"MultiLineString","arcs":[[14079],[14080],[14081],[14082],[14083],[14084],[14085],[14086],[14087],[14088],[14089],[14090,14091],[14088],[14092],[14093],[14094],[14095],[14096],[14097],[14098],[14099],[14100],[14101],[14102],[14103,-14091],[14104],[14105],[14106],[14107,14108],[14109],[14110],[14111],[14112],[14113],[14114],[14115],[14116],[14117],[14118],[14119],[14120],[14121],[14117],[14122],[14123],[14124],[14125],[14126],[14127],[14128],[14129],[14130]]},{"type":"MultiLineString","arcs":[[14131],[14132],[14133],[14134]]},{"type":"MultiLineString","arcs":[[14135],[14136,14137],[14138],[14139],[14140],[14141],[14142],[14143],[14144],[14145],[14146],[14147],[14148]]},{"type":"MultiLineString","arcs":[[14149],[14150],[14151],[14152],[14153],[14154],[14155],[14156],[14157],[14158],[14158],[14159],[14160],[14161],[14162],[14163],[14164],[14165],[14166,14167],[-14168,14168],[14169]]},{"type":"MultiLineString","arcs":[[14130,14170],[14171],[14172],[14173],[14174],[14175],[14176,14177,14178],[14179],[14180],[14181],[14182],[14183],[14184]]},{"type":"MultiLineString","arcs":[[14185],[14186],[-14186],[14187],[14188],[14189],[14190],[14191],[14192],[14193],[14194],[14195],[-14196],[14196],[14197],[14198],[14199],[14200],[14201],[14202],[14203],[14204],[14205],[14206],[14207]]},{"type":"MultiLineString","arcs":[[14208,14209],[14210],[14209,14211],[-14210],[14212],[14213],[14214],[14215],[14216],[14217,14218,14219],[14220],[14221],[14222],[14223],[14224],[14225],[14226],[14227],[14228],[14229],[14230],[14231],[-14218],[14232,14217],[14233],[14234],[14235],[14236],[14237],[14238],[14239],[14240],[14240],[14240],[14240],[14241],[14242],[14243,14244],[14245],[14246],[14247],[14248],[14249],[14250],[14251],[14252],[-14244],[14253]]},{"type":"MultiLineString","arcs":[[14254],[14255],[14256],[14257],[14258,14259],[14260],[14261,14262,-14263],[-14260,14263],[14264],[14265],[491]]},{"type":"MultiLineString","arcs":[[14266],[14267],[14268],[14269],[14270],[14271],[14269],[14272],[14273],[14274],[14275]]},{"type":"MultiLineString","arcs":[[14276],[14277],[14277],[14277],[14278],[14279],[14280],[14281],[14281],[14282],[14281],[14283],[14284]]},{"type":"LineString","arcs":[14285]},{"type":"MultiLineString","arcs":[[14286],[613],[613],[14287],[14288],[14289],[14287],[14290],[14291],[14292,14293],[-14294],[14294],[14295],[14296],[-14297,14296,14297],[14298],[14299],[14300],[14301],[14302],[14303],[14304],[14305],[14306],[14307],[14308],[14309],[14310],[14311],[14309],[14312],[14313],[14314],[14315],[14316],[14317],[14318],[14319]]},{"type":"MultiLineString","arcs":[[14320,14321],[14322],[14323],[14324],[-14321],[14325],[14326,14327],[14328],[14329],[14330],[14331],[14331],[14332,-14327],[14333],[14334],[14335],[14336],[14337],[14338],[14339,14340],[-14341,14341],[14342,14343],[14344],[14345],[14346],[14347],[14348,14349],[-14343],[14350,14351],[14352],[14353],[14354],[14355,14354,-14355],[14356],[14357],[-14350],[14358],[14359],[14360],[14361],[14362],[14363],[14364],[14365],[14366],[14367],[14367],[14367],[14368],[14369],[14370],[14371],[14372,14373],[14374],[14375]]},{"type":"MultiLineString","arcs":[[14376],[14377],[14378],[14379],[14380],[14381],[14382],[14383]]},{"type":"LineString","arcs":[14384]},{"type":"MultiLineString","arcs":[[14385,14386],[-14387,14387],[14388]]},{"type":"LineString","arcs":[14389]},{"type":"MultiLineString","arcs":[[14390],[14391],[14392],[14393],[14394],[14395],[14396],[14397],[14398],[14399],[14400,14401,-14402],[14402],[14403],[-14404,14404],[14405],[14406],[14407],[14408],[14409],[14410],[14411],[14412],[14413],[14414],[14415],[14416],[14417],[14418],[14419],[14420],[14421],[14422],[14423],[14424],[-14425],[14425,14424]]},{"type":"MultiLineString","arcs":[[14426,14427],[-14428],[14427,14428]]},{"type":"MultiLineString","arcs":[[14429],[14430],[14431],[14432],[14433],[14434],[14435]]},{"type":"MultiLineString","arcs":[[14436],[14437],[14438]]},{"type":"MultiLineString","arcs":[[14439,14440],[14441,14442,-14443],[14443],[14444,-14444],[-14441],[14445]]},{"type":"MultiLineString","arcs":[[14446],[14447],[14448],[14449],[14450],[14451],[14452],[14453],[14454],[14455],[14456],[14457,14458],[14459],[14460],[14461],[14462],[14463],[14464],[14465],[14465],[14466],[14467],[14468],[14469],[14470],[14471],[14472],[14472],[14473],[-14474,14474],[14475],[14476],[14477],[14478],[14479],[-14480,14480],[14481],[-14480],[14482],[14483],[14484],[14485],[14486],[-14487],[14487],[14488],[14489],[-14488],[14490],[14489],[14491],[14492],[14493,14494],[14495]]},{"type":"MultiLineString","arcs":[[14496,14497],[-14498,14498],[14499],[14500],[14501]]},{"type":"MultiLineString","arcs":[[14502,14503],[14504],[14505,-14503],[14506],[14507],[14508],[14509],[14509],[14510],[14511],[14512],[14513],[14514,14515,-14514],[14516],[14517],[14518],[14519],[14520],[14521,14522],[-14522],[14523,14524],[14525],[14526],[14527],[14528],[14529],[14530],[14531],[14532],[14533],[14534],[14535,14536],[14537],[14538],[14539,14540],[14541],[14542],[14543],[14544]]},{"type":"MultiLineString","arcs":[[14545],[14546],[14547],[14548],[14549],[14550],[14551],[14552]]},{"type":"MultiLineString","arcs":[[14553],[14554],[14555],[14556],[14557,14558],[-14559],[14559,14560],[14561],[14562]]},{"type":"LineString","arcs":[14563]},{"type":"MultiLineString","arcs":[[14564],[14565],[14566],[14567],[14568],[14569],[14570,14571],[14572],[14573],[14574],[14575],[14576],[14577],[14578],[14579],[14577],[14580],[14581],[14582],[14583],[14584],[14585],[14586],[-14587,14587]]},{"type":"MultiLineString","arcs":[[14588],[14589],[14590],[14591],[14592],[14593],[14594],[14595],[14596],[14597],[14598],[14599],[14600],[14601],[14602],[14603],[14604],[14605]]},{"type":"MultiLineString","arcs":[[14606],[14607],[14608],[14609],[14610],[14611],[14612],[14613],[14614],[14615,14616],[14617,-14616],[14618],[14619],[14620],[14621],[106],[106]]},{"type":"LineString","arcs":[14622]},{"type":"MultiLineString","arcs":[[14623],[14624],[14625],[14625],[14626,14627],[14628],[14629,14630],[14631],[14632,14633],[-14630],[14634],[14635],[14636],[14637]]},{"type":"MultiLineString","arcs":[[14638],[14639]]},{"type":"MultiLineString","arcs":[[14640],[14641],[14642],[14643],[14644],[14645,14646],[14647,-14646],[14648],[14649],[14650],[14651],[14652],[14653],[14654],[14655],[14656],[14657]]},{"type":"MultiLineString","arcs":[[14658],[14659],[14659],[14659],[14660,14661],[14662,14663],[-14664,14664],[14665],[14666,14667],[-14668],[14668],[14669],[14670],[14671],[14671],[14672],[14671],[14673],[14674,14675],[14676,14677],[-14678,14678],[14679],[14680],[14681],[14682],[14683],[14684],[14685],[14686],[-14676],[14675,14687],[14688],[14689],[14690],[14691]]},{"type":"MultiLineString","arcs":[[14543,14692],[14693],[14694],[14695],[14696]]},{"type":"LineString","arcs":[8]},{"type":"MultiLineString","arcs":[[14697],[14698],[14699],[14697],[14700],[14701,14702],[14703],[14704],[14705],[14706],[14707,-14702],[14708],[14709],[14710],[14711],[14712,14713],[14714]]},{"type":"MultiLineString","arcs":[[14715],[14716],[14717],[14718],[14719]]},{"type":"MultiLineString","arcs":[[14720],[14721,14722],[-14723,14723],[14724],[14725],[14726],[14727],[14728],[14729],[14730],[14731],[14732],[14733]]},{"type":"MultiLineString","arcs":[[14734],[14735],[14736],[14737],[14738],[14739],[14740],[14741],[14742],[14743],[14744],[14745],[14746],[14747],[14748],[14749]]},{"type":"MultiLineString","arcs":[[14750],[14751],[14752],[14753],[14754],[14755,14756],[14757],[14758],[-14756],[14759],[14760]]},{"type":"LineString","arcs":[14761]},{"type":"MultiLineString","arcs":[[14762],[14763],[14764,14765],[14766,14767],[14768],[14769],[14770],[14771],[14772],[14773],[14774],[14775],[14776],[14777],[14778],[14779],[14780],[14781],[14779],[14782],[14783],[14784]]},{"type":"MultiLineString","arcs":[[14785],[14786],[14787],[14788],[14789],[14790],[14791],[14792],[14793],[14794],[14795],[14796],[14797],[14798],[14799],[14800],[14801],[14802],[14803],[14804],[14805],[14806]]},{"type":"MultiLineString","arcs":[[14807],[14808],[14809],[14810],[14811],[14812]]},{"type":"MultiLineString","arcs":[[14813],[14814],[14815]]},{"type":"MultiLineString","arcs":[[14816,14817],[14818],[14819],[14820],[14821],[14822],[14823]]},{"type":"MultiLineString","arcs":[[14824],[14825],[14826],[14827],[14828],[14829],[14830,14831],[14832],[14833],[-14832,14834],[14835,14836,14837],[14838,-14837,14839],[14840],[14841],[14842],[14843],[14844],[14845],[14845],[14846],[14847],[14848],[14849],[14850],[14851],[14852],[14853],[14854],[14855],[14856],[14857],[14858],[14859],[14860],[14861],[14862],[14863],[14864],[14865],[14866],[14867],[14868],[14869],[14870],[14871],[14872],[14873],[14874],[14875],[14876],[14877],[14878]]},{"type":"MultiLineString","arcs":[[14879],[14879],[14879],[14880,14881],[14882],[14883],[14884],[14884],[14885],[-14882]]},{"type":"MultiLineString","arcs":[[14886],[14887],[14888]]},{"type":"MultiLineString","arcs":[[14889],[14890,14891],[14892],[14893],[14894],[14895]]},{"type":"MultiLineString","arcs":[[14896],[14897],[14898],[14899],[14900],[14901],[14902],[14903],[14904],[14905],[14906]]},{"type":"MultiLineString","arcs":[[14907],[14908],[14909],[14910],[14911],[14912],[14913],[14914],[14915],[14916],[14917],[14918],[14919]]},{"type":"MultiLineString","arcs":[[14920],[14921,14922]]},{"type":"MultiLineString","arcs":[[14923,14924],[14925,14926],[-14924],[-14927]]},{"type":"MultiLineString","arcs":[[14927],[14928,14929],[14930],[14927],[14931,14932],[14933],[-14932],[14934,14935],[-14935],[14936],[14937],[-14930]]},{"type":"MultiLineString","arcs":[[14938],[14939],[14940],[14941],[14942],[14943],[14944],[14944]]},{"type":"MultiLineString","arcs":[[14945],[14946]]},{"type":"MultiLineString","arcs":[[14947],[14948],[14949,14950],[-14950],[14951,14949],[14952],[14953],[14954],[14955],[14956],[14957]]},{"type":"LineString","arcs":[14958]},{"type":"MultiLineString","arcs":[[14959],[14960],[14961],[14962],[14963],[14964]]},{"type":"MultiLineString","arcs":[[14965],[14966],[14967],[14968,14969],[14970],[14971],[14972],[14973],[14974],[14975],[14976,-14969],[14977]]},{"type":"MultiLineString","arcs":[[14978],[14979],[14980],[14981],[14982],[14983],[14984],[14985],[14986],[14987],[14988],[14989],[14990]]},{"type":"MultiLineString","arcs":[[14991],[14992],[14993],[14994],[14995]]},{"type":"MultiLineString","arcs":[[14996],[14997],[14998],[14999],[15000],[15001],[14997],[14997],[15002],[15003],[15004]]},{"type":"MultiLineString","arcs":[[15005],[15006],[15007],[15008],[15009],[15010],[15011]]},{"type":"MultiLineString","arcs":[[15012],[15013],[15014],[15015],[15016],[15017],[15018],[111]]},{"type":"MultiLineString","arcs":[[15019],[15020],[15021],[15022],[15023],[15024],[15025],[15026],[15027]]},{"type":"MultiLineString","arcs":[[112],[15028],[15029],[15030],[15031],[15032]]},{"type":"MultiLineString","arcs":[[15033,15034],[15035],[15036],[113],[15037],[15038],[15039],[15040],[15041],[15042]]},{"type":"MultiLineString","arcs":[[15043],[15044],[15045]]},{"type":"MultiLineString","arcs":[[15046],[15047],[15048],[15049],[15047]]},{"type":"MultiLineString","arcs":[[15050],[15051],[15052],[15053],[15054,15055],[-15055],[15056],[15057],[15058,15059]]},{"type":"LineString","arcs":[15060]},{"type":"MultiLineString","arcs":[[15061],[15062,15063],[-15064,15064],[15065],[15066],[15066],[15067],[15068],[15069],[15070],[15071,-15059]]},{"type":"LineString","arcs":[15072]},{"type":"LineString","arcs":[15073]},{"type":"MultiLineString","arcs":[[15074],[15075,15076],[15077]]},{"type":"LineString","arcs":[15078]},{"type":"LineString","arcs":[15079]},{"type":"LineString","arcs":[116]},{"type":"LineString","arcs":[116]},{"type":"MultiLineString","arcs":[[15080],[15081],[15082],[15083],[15084],[15085],[15086,15087],[15088],[15089],[15090],[15091],[15092],[15093],[15093],[15093],[15094],[15095],[15096],[15097,15098],[15099],[15100],[15101],[15102],[-15099],[15103],[15104],[15105],[15106],[-15107,15107,15108],[15109],[15110],[15111],[15112],[15113,-15114,15113],[15114],[-15076],[15077],[3215],[3215],[15077],[-15075]]},{"type":"MultiLineString","arcs":[[15115],[15115]]},{"type":"MultiLineString","arcs":[[15116],[118]]},{"type":"LineString","arcs":[15117]},{"type":"LineString","arcs":[15118]},{"type":"MultiLineString","arcs":[[15119],[15120],[15121],[15121],[15122],[15123],[15124],[15125],[15126],[15127],[15128],[15129],[15130],[15131],[15132],[15133],[15134],[15135],[15136],[15137],[15135],[15138],[15139]]},{"type":"LineString","arcs":[15140]},{"type":"LineString","arcs":[15141]},{"type":"MultiLineString","arcs":[[15142],[15143],[15144],[15145],[15146],[15147],[15148]]},{"type":"MultiLineString","arcs":[[15149],[15150,15151],[-15152,15152],[15153],[15154,15155],[-15156],[15155,15156],[15157],[15158],[15159],[15160],[15161],[15162],[15163],[15164],[15165],[15166],[15167],[15168,15169],[15170],[15171],[-15170,15172],[15173],[15174],[15175,15176],[15177],[15170],[-15177],[15178],[15179],[15180],[15181],[15182]]},{"type":"LineString","arcs":[15183]},{"type":"LineString","arcs":[15184]},{"type":"LineString","arcs":[15185]},{"type":"LineString","arcs":[15186]},{"type":"MultiLineString","arcs":[[15187],[15188],[15189]]},{"type":"LineString","arcs":[15190]},{"type":"MultiLineString","arcs":[[15191],[15192],[15193],[15194],[15195]]},{"type":"MultiLineString","arcs":[[15196],[15197],[15198],[15199],[15200],[15201],[15202]]},{"type":"MultiLineString","arcs":[[15203],[15204]]},{"type":"MultiLineString","arcs":[[15205,15206],[15207],[15208],[15209],[15210],[15211,15212],[15213],[15214],[15215]]},{"type":"MultiLineString","arcs":[[15216],[15217],[15218]]},{"type":"MultiLineString","arcs":[[15219],[15220],[15221],[15222],[15223],[15224],[15225],[15226],[15227],[15228],[15229],[15230],[15231],[15232],[15233]]},{"type":"MultiLineString","arcs":[[15234],[15235],[15236],[15237],[15238],[15239],[15240],[15241],[15242]]},{"type":"MultiLineString","arcs":[[15243],[15244],[15245,15246],[15247],[15248,15249]]},{"type":"LineString","arcs":[15250]},{"type":"LineString","arcs":[15251]},{"type":"MultiLineString","arcs":[[15252],[15253,15254],[15255],[15256],[15257],[15258],[15258],[15259],[15258]]},{"type":"LineString","arcs":[15260]},{"type":"MultiLineString","arcs":[[15261],[15262],[15263],[15263],[15263],[15263],[15263],[15263],[15263],[15264],[15263],[15265],[15266],[15267,-15206],[15268]]},{"type":"MultiLineString","arcs":[[15269],[15270],[15271],[15272],[15273],[15274],[15274],[15275],[15276],[15271],[15277]]},{"type":"LineString","arcs":[15278]},{"type":"MultiLineString","arcs":[[15279],[15280],[15281],[15282]]},{"type":"MultiLineString","arcs":[[15283],[15284]]},{"type":"MultiLineString","arcs":[[15285],[-15251,15250,15286],[15287],[15288],[15289]]},{"type":"LineString","arcs":[15290]},{"type":"MultiLineString","arcs":[[15291],[15292],[15293],[15294],[15295],[15296],[15297,15298],[15299,-15298],[15300],[15301],[15302],[15303],[15304],[15305]]},{"type":"MultiLineString","arcs":[[15306],[15307],[15308],[15309],[15310],[15311],[15312],[15313],[15314],[15315]]},{"type":"MultiLineString","arcs":[[15316],[15317],[15318],[15319],[15320],[15321]]},{"type":"LineString","arcs":[15322]},{"type":"LineString","arcs":[15290]},{"type":"MultiLineString","arcs":[[15323],[15324],[15325],[15326],[15327],[15328],[15329],[15330],[15331],[15332],[15333,15334],[15332],[15332],[15335],[15336],[-15334],[15337,15333],[15338],[15339],[15290]]},{"type":"MultiLineString","arcs":[[15340],[15341],[15342],[15343],[15343]]},{"type":"MultiLineString","arcs":[[15344],[15345]]},{"type":"MultiLineString","arcs":[[15346],[15347],[15348]]},{"type":"LineString","arcs":[15349]},{"type":"MultiLineString","arcs":[[-15250,15350],[15317]]},{"type":"LineString","arcs":[15351]},{"type":"LineString","arcs":[15352]},{"type":"MultiLineString","arcs":[[15353],[15354],[15355]]},{"type":"LineString","arcs":[15356]},{"type":"MultiLineString","arcs":[[15357],[15358],[15359]]},{"type":"MultiLineString","arcs":[[15360],[15361],[15362],[15363],[15361],[15364],[15365],[15366],[15367],[15368],[15368],[15369],[15370],[15371],[15372],[15373],[15374]]},{"type":"MultiLineString","arcs":[[15375],[15376],[15377],[15378],[15379],[15380],[15381],[15382,15383],[15384],[15385],[15386],[15387],[15388],[15389]]},{"type":"MultiLineString","arcs":[[15390],[15391],[15392],[15393],[15394],[15395],[15396],[15397],[15398],[15399],[15400],[15401],[15402],[15403],[15404],[15405],[15406],[15407],[15407],[15407],[15408],[15409],[15410],[15411],[15412]]},{"type":"LineString","arcs":[15413]},{"type":"MultiLineString","arcs":[[15414],[15415],[15416,15417],[15418],[15419],[15420],[15421],[15422],[15423],[15424]]},{"type":"LineString","arcs":[15425]},{"type":"MultiLineString","arcs":[[15426],[15427],[15428]]},{"type":"MultiLineString","arcs":[[15429],[15430],[15431],[15432]]},{"type":"MultiLineString","arcs":[[15433],[15434],[15435],[15436],[15437]]},{"type":"LineString","arcs":[15438]},{"type":"LineString","arcs":[15439,15440]},{"type":"MultiLineString","arcs":[[15441],[15442],[-15441,15443]]},{"type":"MultiLineString","arcs":[[15444,15445,15446],[15447,-15445],[-15447,15448],[15449],[15450],[15451],[15452],[15453],[15454],[15455,15456],[15457],[15458],[15459],[15460],[15461],[15462],[15463],[15464],[15465],[15466]]},{"type":"MultiLineString","arcs":[[15467],[15468],[15469],[15470],[125],[125]]},{"type":"LineString","arcs":[15428]},{"type":"MultiLineString","arcs":[[15471],[15472],[15473],[15474],[15475],[15476,15477,15478,15479],[15480],[15481],[15482],[15483],[15484],[15485]]},{"type":"MultiLineString","arcs":[[15486],[15478,15487],[15488,15477],[15489],[15490],[15491,15492],[15493,15494],[15495],[15496,15497],[15498,15499],[15500],[15500],[15500],[15501],[15502],[15503],[15504],[15505],[15501],[15506,-15494],[15507]]},{"type":"MultiLineString","arcs":[[15508],[15509],[15510]]},{"type":"LineString","arcs":[15428]},{"type":"LineString","arcs":[15511,15512]},{"type":"LineString","arcs":[15513]},{"type":"LineString","arcs":[15514]},{"type":"MultiLineString","arcs":[[15515],[15516,-15512]]},{"type":"MultiLineString","arcs":[[15517],[15518],[15519],[15520],[15521],[15522],[15523]]},{"type":"MultiLineString","arcs":[[15524],[15525],[15526],[15527],[15528],[15529],[15530],[15531],[15532],[15533],[15534]]},{"type":"LineString","arcs":[15535]},{"type":"LineString","arcs":[15536]},{"type":"LineString","arcs":[15537]},{"type":"MultiLineString","arcs":[[15538],[15539],[15540],[15541],[15542]]},{"type":"MultiLineString","arcs":[[15543],[15544],[15545]]},{"type":"MultiLineString","arcs":[[15546],[15547],[15548],[15549],[15550],[15551],[15552],[15551]]},{"type":"MultiLineString","arcs":[[15553,15554],[15555],[15556],[15557],[15558]]},{"type":"LineString","arcs":[15559]},{"type":"MultiLineString","arcs":[[15560],[15561],[15562]]},{"type":"LineString","arcs":[15563]},{"type":"LineString","arcs":[15564]},{"type":"LineString","arcs":[15565]},{"type":"LineString","arcs":[15566]},{"type":"LineString","arcs":[15567,15568]},{"type":"MultiLineString","arcs":[[15569],[15570],[15571],[15572],[15573],[15574],[15575],[15576],[15567,15577],[15578]]},{"type":"MultiLineString","arcs":[[15579,15580],[15581],[15582]]},{"type":"MultiLineString","arcs":[[15583,15584],[15585],[15586],[15587],[15588,15212,15215]]},{"type":"LineString","arcs":[15589]},{"type":"LineString","arcs":[15590]},{"type":"MultiLineString","arcs":[[15591],[15592],[15593]]},{"type":"LineString","arcs":[15594]},{"type":"MultiLineString","arcs":[[15595],[15596],[15597],[15598],[15599],[15600],[15601],[15602,15603],[15604,-15603],[15605],[15606,15605,-15606],[15607],[15608],[15609,15610],[15611,-15610],[15612],[15613],[15614],[15615],[15616],[15617],[15618,-15619,15618],[15619],[15620],[15620]]},{"type":"LineString","arcs":[15590]},{"type":"MultiLineString","arcs":[[15621],[15622],[15623],[15624],[15625],[15626],[15627],[15628],[15629],[15630]]},{"type":"MultiLineString","arcs":[[15631],[15632],[15590],[15633],[15634],[15635,15636],[15637],[15638],[15639],[15640],[15640],[15640],[15641],[15642],[15643],[15644],[-15584,15645],[15646],[15583]]},{"type":"LineString","arcs":[15647]},{"type":"MultiLineString","arcs":[[15648],[15649]]},{"type":"MultiLineString","arcs":[[15650],[15651]]},{"type":"MultiLineString","arcs":[[15652],[15653]]},{"type":"LineString","arcs":[15654]},{"type":"MultiLineString","arcs":[[15655],[15656],[15657]]},{"type":"LineString","arcs":[15658,-15655]},{"type":"LineString","arcs":[15659]},{"type":"MultiLineString","arcs":[[15660],[15661],[15662],[15663],[15664]]},{"type":"LineString","arcs":[15665]},{"type":"LineString","arcs":[15666]},{"type":"LineString","arcs":[15667]},{"type":"LineString","arcs":[15668]},{"type":"LineString","arcs":[-15669,15669]},{"type":"LineString","arcs":[15670]},{"type":"MultiLineString","arcs":[[15671],[15672]]},{"type":"LineString","arcs":[15673]},{"type":"MultiLineString","arcs":[[15674],[15675],[15676],[15677],[15678],[15679]]},{"type":"MultiLineString","arcs":[[15680],[15681],[15682,15683],[15684],[15685],[15686,15687],[15688],[-15684,15689],[15690],[15691],[15692],[15693],[15691],[15691],[15694],[15695],[15696],[15697,15698],[15695],[15699],[15700],[15701],[15702,15703],[15704]]},{"type":"MultiLineString","arcs":[[15705],[15706,15707],[15708],[-15708],[15708],[-15709]]},{"type":"MultiLineString","arcs":[[15709],[15710],[15711],[15712]]},{"type":"MultiLineString","arcs":[[15713],[15714]]},{"type":"MultiLineString","arcs":[[15715],[15716],[15717],[15718],[15719],[15720]]},{"type":"MultiLineString","arcs":[[15721],[15722],[15723],[15724]]},{"type":"MultiLineString","arcs":[[15725],[15726],[15727],[15728],[15729],[15730],[15731],[15732],[15733],[15734],[15735],[15736]]},{"type":"MultiLineString","arcs":[[15737],[15738]]},{"type":"LineString","arcs":[15739]},{"type":"MultiLineString","arcs":[[15740],[15741]]},{"type":"LineString","arcs":[15742]},{"type":"LineString","arcs":[15743]},{"type":"MultiLineString","arcs":[[15744],[15745],[15746],[15747]]},{"type":"MultiLineString","arcs":[[15748],[15749],[15750],[15751]]},{"type":"MultiLineString","arcs":[[15752],[15753],[15754],[15754],[15755],[15754]]},{"type":"MultiLineString","arcs":[[15756],[15757,15758],[15759],[15760]]},{"type":"MultiLineString","arcs":[[15761],[15762]]},{"type":"LineString","arcs":[15763]},{"type":"MultiLineString","arcs":[[15764],[15765],[15766],[15767],[15768],[15769]]},{"type":"MultiLineString","arcs":[[15770],[15771],[15772],[15773],[15774]]},{"type":"MultiLineString","arcs":[[15775],[15776],[15777]]},{"type":"MultiLineString","arcs":[[15778,15779],[15780,-15779],[15781],[15782]]},{"type":"MultiLineString","arcs":[[15783],[15784]]},{"type":"MultiLineString","arcs":[[15785],[15786]]},{"type":"MultiLineString","arcs":[[15787],[15788],[15789]]},{"type":"MultiLineString","arcs":[[15790],[15791],[15792],[15793],[15794],[15795],[15796],[15797]]},{"type":"MultiLineString","arcs":[[15798],[15799]]},{"type":"LineString","arcs":[15800]},{"type":"LineString","arcs":[15801]},{"type":"MultiLineString","arcs":[[15802],[15802],[-15802,15803]]},{"type":"LineString","arcs":[15802]},{"type":"MultiLineString","arcs":[[15804],[15802]]},{"type":"LineString","arcs":[15805]},{"type":"MultiLineString","arcs":[[15806],[15806],[15806]]},{"type":"MultiLineString","arcs":[[15807],[15807],[15808]]},{"type":"LineString","arcs":[15809,15810]},{"type":"LineString","arcs":[15811]},{"type":"LineString","arcs":[15812]},{"type":"MultiLineString","arcs":[[-15810],[15812],[15812]]},{"type":"MultiLineString","arcs":[[15811],[15811],[15811]]},{"type":"LineString","arcs":[-15811]},{"type":"LineString","arcs":[15812]},{"type":"MultiLineString","arcs":[[15812],[15812],[15812]]},{"type":"LineString","arcs":[15812]},{"type":"LineString","arcs":[15812]},{"type":"LineString","arcs":[15811]},{"type":"LineString","arcs":[15811]},{"type":"MultiLineString","arcs":[[15811],[15811]]},{"type":"LineString","arcs":[15813]},{"type":"LineString","arcs":[15814]},{"type":"LineString","arcs":[15815]},{"type":"LineString","arcs":[15815]},{"type":"LineString","arcs":[15815]},{"type":"LineString","arcs":[15813]},{"type":"LineString","arcs":[15816]},{"type":"LineString","arcs":[15817]},{"type":"LineString","arcs":[15818]},{"type":"LineString","arcs":[-15819,-15817]},{"type":"MultiLineString","arcs":[[15815],[15815]]},{"type":"LineString","arcs":[15815]},{"type":"LineString","arcs":[15815]},{"type":"LineString","arcs":[15815]},{"type":"LineString","arcs":[15815]},{"type":"LineString","arcs":[15815]},{"type":"LineString","arcs":[15815]},{"type":"LineString","arcs":[15815]},{"type":"MultiLineString","arcs":[[15815],[15815]]},{"type":"LineString","arcs":[15818]},{"type":"MultiLineString","arcs":[[-15819],[15819]]},{"type":"LineString","arcs":[15819]},{"type":"MultiLineString","arcs":[[15819],[15818]]},{"type":"LineString","arcs":[15820]},{"type":"LineString","arcs":[15819]},{"type":"LineString","arcs":[15819]},{"type":"LineString","arcs":[15819]},{"type":"MultiLineString","arcs":[[15819],[15819]]},{"type":"MultiLineString","arcs":[[15819],[15819],[15819],[15819],[15819]]},{"type":"MultiLineString","arcs":[[15821],[15822],[15823]]},{"type":"MultiLineString","arcs":[[15824],[15825],[15826],[15827],[15828],[15829]]},{"type":"MultiLineString","arcs":[[15830],[15831],[15832],[15833],[15831],[15834,15835],[15836],[-15835]]},{"type":"MultiLineString","arcs":[[15837],[15838]]},{"type":"MultiLineString","arcs":[[15839],[15840],[15841]]},{"type":"MultiLineString","arcs":[[15842],[15843],[15844],[15845]]},{"type":"MultiLineString","arcs":[[15846],[15847],[15848],[15849],[15850],[15851]]},{"type":"MultiLineString","arcs":[[15852],[15853],[15854],[15855],[15856],[15857]]},{"type":"MultiLineString","arcs":[[15858],[15859],[15859],[15860],[15861],[15862],[-15863],[15863],[15864],[15864],[15865,15866],[15867],[15867],[15868]]},{"type":"MultiLineString","arcs":[[15869],[15870]]},{"type":"MultiLineString","arcs":[[15871],[15872],[15873],[15871],[15874],[15875]]},{"type":"LineString","arcs":[15876]},{"type":"MultiLineString","arcs":[[15877],[15878]]},{"type":"MultiLineString","arcs":[[15879,15880],[15881,15882,-15883]]},{"type":"LineString","arcs":[15883]},{"type":"MultiLineString","arcs":[[15884],[15885],[15884],[15886]]},{"type":"MultiLineString","arcs":[[15887],[15888],[15889],[15890,15891,15892],[15893],[15894],[15895],[15895],[15896],[15897]]},{"type":"LineString","arcs":[15898]},{"type":"MultiLineString","arcs":[[15899],[15900],[15901]]},{"type":"MultiLineString","arcs":[[15902],[15903],[15904],[15905],[15906]]},{"type":"LineString","arcs":[15907,-15907]},{"type":"MultiLineString","arcs":[[15908],[15909],[15910],[15911]]},{"type":"MultiLineString","arcs":[[15912],[15913],[15914]]},{"type":"MultiLineString","arcs":[[15915],[15916],[15917],[15918],[15919],[15920],[15921],[15922],[15923],[15924]]},{"type":"MultiLineString","arcs":[[15925],[15926]]},{"type":"MultiLineString","arcs":[[15927],[15928]]},{"type":"MultiLineString","arcs":[[15929],[15930]]},{"type":"MultiLineString","arcs":[[15931],[15932,15933],[15934],[15935],[15936],[-15933]]},{"type":"MultiLineString","arcs":[[15937],[15938],[15939],[15940],[15941],[15942]]},{"type":"LineString","arcs":[15943]},{"type":"MultiLineString","arcs":[[15944],[15945]]},{"type":"LineString","arcs":[-15944,15946]},{"type":"MultiLineString","arcs":[[15947],[15948],[15948]]},{"type":"LineString","arcs":[15949]},{"type":"LineString","arcs":[15949]},{"type":"LineString","arcs":[15949]},{"type":"LineString","arcs":[15949]},{"type":"LineString","arcs":[15949]},{"type":"LineString","arcs":[15949]},{"type":"LineString","arcs":[15949]},{"type":"LineString","arcs":[15949]},{"type":"LineString","arcs":[15949]},{"type":"LineString","arcs":[15950]},{"type":"LineString","arcs":[15951]},{"type":"LineString","arcs":[15951]},{"type":"LineString","arcs":[15951]},{"type":"LineString","arcs":[15949]},{"type":"LineString","arcs":[15949]},{"type":"LineString","arcs":[15949]},{"type":"LineString","arcs":[15949]},{"type":"LineString","arcs":[15949]},{"type":"LineString","arcs":[15949]},{"type":"LineString","arcs":[15949]},{"type":"LineString","arcs":[15949]},{"type":"LineString","arcs":[15949]},{"type":"LineString","arcs":[15949]},{"type":"LineString","arcs":[15949]},{"type":"LineString","arcs":[15952]},{"type":"MultiLineString","arcs":[[15953],[15954]]},{"type":"LineString","arcs":[15955]},{"type":"LineString","arcs":[15956]},{"type":"LineString","arcs":[15957,15958]},{"type":"LineString","arcs":[15959]},{"type":"MultiLineString","arcs":[[15960],[15961]]},{"type":"LineString","arcs":[15962]},{"type":"LineString","arcs":[15957]},{"type":"LineString","arcs":[15963]},{"type":"LineString","arcs":[15964]},{"type":"LineString","arcs":[15965]},{"type":"LineString","arcs":[15966]},{"type":"MultiLineString","arcs":[[15967],[15968],[15968],[15969]]},{"type":"MultiLineString","arcs":[[15970],[15970]]},{"type":"LineString","arcs":[15971,15972]},{"type":"LineString","arcs":[15973]},{"type":"MultiLineString","arcs":[[-15973],[15974]]},{"type":"MultiLineString","arcs":[[15975],[-15976]]},{"type":"LineString","arcs":[15976]},{"type":"MultiLineString","arcs":[[15976],[15977]]},{"type":"LineString","arcs":[15978]},{"type":"MultiLineString","arcs":[[15979],[15979],[15979]]},{"type":"MultiLineString","arcs":[[15980],[15981]]},{"type":"LineString","arcs":[15982]},{"type":"LineString","arcs":[15983]},{"type":"LineString","arcs":[15984]},{"type":"MultiLineString","arcs":[[15985],[15986]]},{"type":"LineString","arcs":[15987]},{"type":"LineString","arcs":[15988]},{"type":"LineString","arcs":[15989]},{"type":"MultiLineString","arcs":[[15990],[15991]]},{"type":"LineString","arcs":[15992]},{"type":"LineString","arcs":[15992]},{"type":"LineString","arcs":[15993]},{"type":"LineString","arcs":[15994]},{"type":"MultiLineString","arcs":[[15995],[15996]]},{"type":"LineString","arcs":[15995]},{"type":"MultiLineString","arcs":[[15997],[15998]]},{"type":"LineString","arcs":[15999]},{"type":"LineString","arcs":[15998]},{"type":"LineString","arcs":[15998]},{"type":"LineString","arcs":[16000]},{"type":"LineString","arcs":[16001]},{"type":"LineString","arcs":[16002]},{"type":"MultiLineString","arcs":[[16003],[-16004]]},{"type":"LineString","arcs":[16004]},{"type":"LineString","arcs":[16002]},{"type":"LineString","arcs":[16002]},{"type":"MultiLineString","arcs":[[16005],[16006]]},{"type":"MultiLineString","arcs":[[15998],[16007],[16008]]},{"type":"LineString","arcs":[16000]},{"type":"LineString","arcs":[16009]},{"type":"MultiLineString","arcs":[[16010],[16011]]},{"type":"LineString","arcs":[16012]},{"type":"LineString","arcs":[16013]},{"type":"MultiLineString","arcs":[[16014],[16015]]},{"type":"MultiLineString","arcs":[[16013],[16016],[16013]]},{"type":"LineString","arcs":[16017]},{"type":"MultiLineString","arcs":[[16015],[16015],[16018]]},{"type":"LineString","arcs":[16019]},{"type":"LineString","arcs":[16013]},{"type":"LineString","arcs":[16020]},{"type":"LineString","arcs":[16021]},{"type":"LineString","arcs":[16022]},{"type":"LineString","arcs":[16023]},{"type":"LineString","arcs":[16022]},{"type":"MultiLineString","arcs":[[16024],[16020]]},{"type":"MultiLineString","arcs":[[16025],[16026]]},{"type":"LineString","arcs":[16022]},{"type":"MultiLineString","arcs":[[16020],[16027]]},{"type":"LineString","arcs":[16028]},{"type":"LineString","arcs":[16029]},{"type":"LineString","arcs":[16030]},{"type":"LineString","arcs":[16031]},{"type":"LineString","arcs":[16032]},{"type":"LineString","arcs":[16033]},{"type":"LineString","arcs":[16034]},{"type":"LineString","arcs":[16032]},{"type":"LineString","arcs":[16035]},{"type":"LineString","arcs":[16036]},{"type":"LineString","arcs":[16033]},{"type":"MultiLineString","arcs":[[16037],[16038],[16033]]},{"type":"MultiLineString","arcs":[[16029],[16029]]},{"type":"MultiLineString","arcs":[[16039],[16039],[16040]]},{"type":"MultiLineString","arcs":[[16041],[16042]]},{"type":"LineString","arcs":[16041]},{"type":"LineString","arcs":[16032]},{"type":"LineString","arcs":[16043]},{"type":"LineString","arcs":[16032]},{"type":"LineString","arcs":[16044]},{"type":"LineString","arcs":[16045]},{"type":"LineString","arcs":[16045]},{"type":"LineString","arcs":[16046,16047]},{"type":"LineString","arcs":[16048]},{"type":"LineString","arcs":[16049]},{"type":"LineString","arcs":[16050]},{"type":"MultiLineString","arcs":[[16049],[16051]]},{"type":"LineString","arcs":[16052]},{"type":"LineString","arcs":[16053]},{"type":"LineString","arcs":[16054]},{"type":"LineString","arcs":[16049]},{"type":"MultiLineString","arcs":[[16055,16051],[16056],[16051],[-16052]]},{"type":"LineString","arcs":[16057]},{"type":"LineString","arcs":[16058]},{"type":"LineString","arcs":[16059]},{"type":"LineString","arcs":[16060]},{"type":"LineString","arcs":[16059]},{"type":"MultiLineString","arcs":[[16061],[16061],[16062]]},{"type":"LineString","arcs":[16059]},{"type":"MultiLineString","arcs":[[16059],[16059],[16059]]},{"type":"MultiLineString","arcs":[[16059],[16059],[16059]]},{"type":"LineString","arcs":[16063]},{"type":"LineString","arcs":[-16061]},{"type":"LineString","arcs":[16061]},{"type":"LineString","arcs":[16060]},{"type":"LineString","arcs":[16057]},{"type":"LineString","arcs":[16064]},{"type":"LineString","arcs":[16065]},{"type":"MultiLineString","arcs":[[16066],[-16066]]},{"type":"MultiLineString","arcs":[[16064],[16064]]},{"type":"LineString","arcs":[16064]},{"type":"LineString","arcs":[16067]},{"type":"MultiLineString","arcs":[[16068],[16069],[16069]]},{"type":"MultiLineString","arcs":[[16070],[16070],[16070]]},{"type":"MultiLineString","arcs":[[16070],[16070]]},{"type":"LineString","arcs":[16067]},{"type":"LineString","arcs":[16067]},{"type":"LineString","arcs":[16067]},{"type":"LineString","arcs":[16067]},{"type":"LineString","arcs":[16071]},{"type":"LineString","arcs":[16069]},{"type":"LineString","arcs":[16069]},{"type":"LineString","arcs":[16069]},{"type":"LineString","arcs":[16069]},{"type":"LineString","arcs":[16069]},{"type":"MultiLineString","arcs":[[16067],[16067]]},{"type":"LineString","arcs":[16067]},{"type":"LineString","arcs":[16071]},{"type":"LineString","arcs":[16071]},{"type":"LineString","arcs":[16069]},{"type":"LineString","arcs":[-16069]},{"type":"MultiLineString","arcs":[[16070],[16070],[-16069]]},{"type":"MultiLineString","arcs":[[16067],[16067]]},{"type":"LineString","arcs":[16067]},{"type":"MultiLineString","arcs":[[16072],[16073]]},{"type":"MultiLineString","arcs":[[16074,16075],[-16075]]},{"type":"MultiLineString","arcs":[[16076],[16077]]},{"type":"MultiLineString","arcs":[[16078],[16079],[16080],[16080]]},{"type":"MultiLineString","arcs":[[16081],[16082]]},{"type":"MultiLineString","arcs":[[16083],[16084]]},{"type":"MultiLineString","arcs":[[16085,-16085],[16086]]},{"type":"MultiLineString","arcs":[[16087],[16088]]},{"type":"LineString","arcs":[16089]},{"type":"MultiLineString","arcs":[[16090],[16090]]},{"type":"MultiLineString","arcs":[[16090],[16090]]},{"type":"LineString","arcs":[16090]},{"type":"LineString","arcs":[16090]},{"type":"MultiLineString","arcs":[[16090],[16090]]},{"type":"LineString","arcs":[16090]},{"type":"LineString","arcs":[16091]},{"type":"MultiLineString","arcs":[[16091],[16091]]},{"type":"LineString","arcs":[16091]},{"type":"LineString","arcs":[16091]},{"type":"LineString","arcs":[16091]},{"type":"MultiLineString","arcs":[[16092],[16092]]},{"type":"LineString","arcs":[16092]},{"type":"MultiLineString","arcs":[[16093],[16094],[16094],[16093],[16095],[16094],[16096]]},{"type":"LineString","arcs":[16097]},{"type":"LineString","arcs":[16098]},{"type":"MultiLineString","arcs":[[16099],[16100],[16100]]},{"type":"MultiLineString","arcs":[[16101],[16102]]},{"type":"LineString","arcs":[16103]},{"type":"LineString","arcs":[16104]},{"type":"LineString","arcs":[16105]},{"type":"LineString","arcs":[16104]},{"type":"MultiLineString","arcs":[[16104],[16104]]},{"type":"LineString","arcs":[16104]},{"type":"LineString","arcs":[-16106]},{"type":"MultiLineString","arcs":[[16106],[16107],[16108]]},{"type":"MultiLineString","arcs":[[16109],[-16104]]},{"type":"LineString","arcs":[16104]},{"type":"LineString","arcs":[16104]},{"type":"LineString","arcs":[16110]},{"type":"LineString","arcs":[16109]},{"type":"LineString","arcs":[16111]},{"type":"LineString","arcs":[16112]},{"type":"MultiLineString","arcs":[[16113],[16114]]},{"type":"LineString","arcs":[16115,16116]},{"type":"LineString","arcs":[16117]},{"type":"MultiLineString","arcs":[[-16117],[16118]]},{"type":"LineString","arcs":[16119]},{"type":"MultiLineString","arcs":[[16120],[16121]]},{"type":"MultiLineString","arcs":[[16122],[16122],[16122],[16122]]},{"type":"MultiLineString","arcs":[[16122],[16123]]},{"type":"LineString","arcs":[16124]},{"type":"MultiLineString","arcs":[[16125],[16126]]},{"type":"LineString","arcs":[16125]},{"type":"LineString","arcs":[16125]},{"type":"LineString","arcs":[16127]},{"type":"LineString","arcs":[16127]},{"type":"MultiLineString","arcs":[[16117],[16128]]},{"type":"MultiLineString","arcs":[[16125],[16125]]},{"type":"LineString","arcs":[16125]},{"type":"MultiLineString","arcs":[[16128,16129],[16130],[16130]]},{"type":"LineString","arcs":[16130]},{"type":"LineString","arcs":[-16125,16131]},{"type":"MultiLineString","arcs":[[16130],[16132],[16130],[16125],[16125]]},{"type":"LineString","arcs":[16125]},{"type":"LineString","arcs":[-16125]},{"type":"LineString","arcs":[-16125]},{"type":"LineString","arcs":[16127]},{"type":"LineString","arcs":[16127]},{"type":"MultiLineString","arcs":[[16127],[16127]]},{"type":"MultiLineString","arcs":[[16131,-16132],[16127]]},{"type":"LineString","arcs":[16133]},{"type":"MultiLineString","arcs":[[16134],[16134],[16134]]},{"type":"MultiLineString","arcs":[[16134],[16134]]},{"type":"LineString","arcs":[16134]},{"type":"LineString","arcs":[16134]},{"type":"LineString","arcs":[16134]},{"type":"LineString","arcs":[16134]},{"type":"MultiLineString","arcs":[[16135],[16136],[16134]]},{"type":"MultiLineString","arcs":[[16135],[16136]]},{"type":"LineString","arcs":[16134]},{"type":"LineString","arcs":[16134]},{"type":"LineString","arcs":[16134]},{"type":"LineString","arcs":[16134]},{"type":"LineString","arcs":[16137,16138]},{"type":"LineString","arcs":[-16139]},{"type":"LineString","arcs":[16139]},{"type":"LineString","arcs":[16135]},{"type":"LineString","arcs":[16135]},{"type":"LineString","arcs":[16136]},{"type":"MultiLineString","arcs":[[16140],[16140]]},{"type":"LineString","arcs":[-16140]},{"type":"LineString","arcs":[16135]},{"type":"LineString","arcs":[16140]},{"type":"LineString","arcs":[-16140]},{"type":"LineString","arcs":[16140]},{"type":"LineString","arcs":[16140]},{"type":"LineString","arcs":[16140]},{"type":"LineString","arcs":[16140]},{"type":"LineString","arcs":[16140]},{"type":"LineString","arcs":[16140]},{"type":"LineString","arcs":[16140]},{"type":"LineString","arcs":[16140]},{"type":"LineString","arcs":[16140]},{"type":"LineString","arcs":[16140]},{"type":"LineString","arcs":[16140]},{"type":"LineString","arcs":[16140]},{"type":"LineString","arcs":[16140]},{"type":"LineString","arcs":[16141]},{"type":"LineString","arcs":[16142]},{"type":"MultiLineString","arcs":[[16142],[16142]]},{"type":"LineString","arcs":[16140]},{"type":"LineString","arcs":[16143]},{"type":"LineString","arcs":[16144]},{"type":"LineString","arcs":[16145]},{"type":"MultiLineString","arcs":[[16144],[16144],[16146]]},{"type":"LineString","arcs":[16144]},{"type":"LineString","arcs":[16147]},{"type":"LineString","arcs":[16148]},{"type":"MultiLineString","arcs":[[16147],[16147],[16147]]},{"type":"LineString","arcs":[16147]},{"type":"MultiLineString","arcs":[[16149],[16150]]},{"type":"LineString","arcs":[16147]},{"type":"LineString","arcs":[16151]},{"type":"LineString","arcs":[16152]},{"type":"MultiLineString","arcs":[[16153,16154],[16150]]},{"type":"MultiLineString","arcs":[[16153],[16155]]},{"type":"LineString","arcs":[16156]},{"type":"MultiLineString","arcs":[[15812],[15812],[16157]]},{"type":"LineString","arcs":[15812]},{"type":"MultiLineString","arcs":[[16158],[16159],[16160],[16161],[16162],[16163],[16164],[16165],[16165],[16166],[16167]]},{"type":"MultiLineString","arcs":[[16168],[-16169,16169],[16170],[16171],[16172],[16173]]},{"type":"MultiLineString","arcs":[[16174],[16175],[16176],[16177],[16178]]},{"type":"MultiLineString","arcs":[[16179],[16180],[16181],[16182]]},{"type":"LineString","arcs":[16183]},{"type":"MultiLineString","arcs":[[16184],[16183],[16185],[16186],[16187],[16188],[16189,16190],[16191],[16192],[16193]]},{"type":"MultiLineString","arcs":[[16194],[16195],[16196],[16197],[16197],[16196],[16198],[16199],[16199]]},{"type":"LineString","arcs":[16200]},{"type":"MultiLineString","arcs":[[16201],[16202],[16203],[16204]]},{"type":"LineString","arcs":[15811]},{"type":"MultiLineString","arcs":[[16205],[16206],[16207],[16207],[16207],[16208]]},{"type":"MultiLineString","arcs":[[16209],[16210],[16211],[16212],[16213,16214],[16215],[16215]]},{"type":"LineString","arcs":[16216]},{"type":"MultiLineString","arcs":[[16217],[16218],[16219],[16220],[16220],[16221],[16222]]},{"type":"LineString","arcs":[16223]},{"type":"MultiLineString","arcs":[[16224],[16225],[16226],[16226],[16227],[16228],[16223]]},{"type":"MultiLineString","arcs":[[16229,16230,-16231],[16231],[16232],[16233],[16231],[16234],[16235],[16230],[16236]]},{"type":"MultiLineString","arcs":[[16237],[16238],[16239,16240]]},{"type":"MultiLineString","arcs":[[16241],[16242],[16243],[16244],[16245,-16245],[16246,-16244],[-16245]]},{"type":"LineString","arcs":[16247]},{"type":"MultiLineString","arcs":[[16248],[16249],[16250],[16251],[16252]]},{"type":"MultiLineString","arcs":[[16239,16253],[16254],[16255],[16256],[16257],[16258]]},{"type":"MultiLineString","arcs":[[16259,16260],[16261],[16262]]},{"type":"MultiLineString","arcs":[[16263],[16264],[16265],[16266]]},{"type":"MultiLineString","arcs":[[16267],[16268],[16269],[16269],[16270],[16267]]},{"type":"MultiLineString","arcs":[[16271],[16272],[16273],[16274],[16275],[16276],[16277]]},{"type":"MultiLineString","arcs":[[16278],[16279]]},{"type":"MultiLineString","arcs":[[16280,16281],[16282,16283],[-16282],[-16284],[16284],[16285],[16286],[16287],[16288]]},{"type":"MultiLineString","arcs":[[16156],[16289],[16290],[16291],[-16292,16292],[16279]]},{"type":"MultiLineString","arcs":[[16293],[16294],[16295,16296]]},{"type":"MultiLineString","arcs":[[16297],[16298],[16298],[16299],[16298],[16300,16301],[16302]]},{"type":"LineString","arcs":[16303,16304]},{"type":"MultiLineString","arcs":[[16305],[16306],[16307],[16308],[16309],[16310],[16306],[16311],[16312],[16313],[16314],[16315,-16316],[16316],[16317],[-16316],[16317]]},{"type":"LineString","arcs":[16318]},{"type":"MultiLineString","arcs":[[16319],[16320],[16321],[16322],[16322],[16323],[16324],[16325],[16326]]},{"type":"MultiLineString","arcs":[[16327],[16328]]},{"type":"LineString","arcs":[16329]},{"type":"MultiLineString","arcs":[[16330,16331],[16332],[16333]]},{"type":"MultiLineString","arcs":[[16334],[16335],[16336]]},{"type":"MultiLineString","arcs":[[16337,16338],[16339],[16340],[16341,16342],[-16343]]},{"type":"MultiLineString","arcs":[[16343],[16344],[16345]]},{"type":"MultiLineString","arcs":[[16346],[16347],[16348],[16349,16350],[16351],[16352],[16353],[16354,16355],[16356],[16357],[16358],[16359],[16360],[16361,-16362,16362],[16363],[16364],[16365],[16366],[16367],[16368,16369,-16370],[16370]]},{"type":"MultiLineString","arcs":[[16371],[16372],[16373,16374],[16375],[16376],[16377,-16374],[16378],[16379],[16380]]},{"type":"MultiLineString","arcs":[[16381],[16382],[16383]]},{"type":"MultiLineString","arcs":[[16384,16385],[-16386,16386],[16387],[16388],[16389],[16390],[16391],[16392],[16393],[16394],[16395]]},{"type":"MultiLineString","arcs":[[16396],[16397],[16398],[16399],[16400],[16401]]},{"type":"MultiLineString","arcs":[[16402],[16403],[16404,16405],[16406],[16406],[-16405],[16407],[16408,16409],[16410]]},{"type":"MultiLineString","arcs":[[16411],[16412],[16411],[16413,16414,16415],[-16414],[16416],[16417],[16418,16419],[-16419],[16418],[16420],[16421],[16422],[16423],[16423],[16424]]},{"type":"MultiLineString","arcs":[[16425],[16426,16427],[-16428,16428],[16429],[16430],[16431],[16432]]},{"type":"MultiLineString","arcs":[[16433],[16434],[16435],[16436]]},{"type":"LineString","arcs":[16437]},{"type":"MultiLineString","arcs":[[16438],[16439],[16440]]},{"type":"MultiLineString","arcs":[[16441],[16442,16443],[-16444],[16444],[16445],[16446],[16447],[16448]]},{"type":"LineString","arcs":[16449]},{"type":"MultiLineString","arcs":[[16450,16451],[16452,-16451],[16453],[16454],[16455],[16456,16457],[-16458,16458]]},{"type":"MultiLineString","arcs":[[16459],[16460,16461],[16462]]},{"type":"MultiLineString","arcs":[[16463],[16464],[16465,16466],[16467],[16468],[16469],[16470]]},{"type":"MultiLineString","arcs":[[16471],[16472],[16473],[16474],[16475],[16476]]},{"type":"MultiLineString","arcs":[[16477],[16478],[16479],[16480],[16481],[16482],[16483],[16483],[16483]]},{"type":"LineString","arcs":[16484]},{"type":"MultiLineString","arcs":[[16485],[16486],[16487],[16488]]},{"type":"LineString","arcs":[16489]},{"type":"MultiLineString","arcs":[[16490,16491],[16492],[16493],[16494],[16492],[16495],[16496],[16497],[16498]]},{"type":"MultiLineString","arcs":[[16499],[16500],[16501],[16502],[16503],[16504],[16505,16506]]},{"type":"MultiLineString","arcs":[[16507],[16508],[16509],[16510,16509],[-16510],[16511],[16511]]},{"type":"MultiLineString","arcs":[[16512],[16513],[16513],[16513],[16514],[16515],[16516]]},{"type":"MultiLineString","arcs":[[16517,16518],[16519],[16520],[16521],[16522],[16520],[16523],[16524],[16525]]},{"type":"LineString","arcs":[16526]},{"type":"MultiLineString","arcs":[[16527],[16528],[16527],[16529],[16530],[16531],[16531],[16532],[16533],[16534],[16535]]},{"type":"LineString","arcs":[16536]},{"type":"LineString","arcs":[16537]},{"type":"MultiLineString","arcs":[[16538],[16539],[16539]]},{"type":"MultiLineString","arcs":[[16540],[16541],[16541],[16542],[16543],[16544],[16542],[16545],[16546],[16547],[16548]]},{"type":"MultiLineString","arcs":[[16549],[16550],[16551],[16552],[16553],[16554,16555],[16556],[16557]]},{"type":"MultiLineString","arcs":[[16558],[16559],[16560],[16561],[16562]]},{"type":"MultiLineString","arcs":[[16563],[16564],[16565],[16566],[16567],[16568],[16569]]},{"type":"LineString","arcs":[16570]},{"type":"MultiLineString","arcs":[[16571],[16572],[16573,16574],[16575],[16576],[16577],[16578]]},{"type":"MultiLineString","arcs":[[16579],[16580],[16581,16582]]},{"type":"LineString","arcs":[16583]},{"type":"MultiLineString","arcs":[[16584],[16585],[16586]]},{"type":"MultiLineString","arcs":[[16587],[16588],[16589]]},{"type":"MultiLineString","arcs":[[16590],[16591],[16592],[16593],[16594],[16595],[16596]]},{"type":"MultiLineString","arcs":[[16597],[16598]]},{"type":"MultiLineString","arcs":[[16599],[16600,-16600],[16601],[16602],[16603],[16604],[16603],[16605],[16606],[16607],[16607],[16608],[16609]]},{"type":"MultiLineString","arcs":[[16610],[16611],[16612]]},{"type":"MultiLineString","arcs":[[16613],[16613],[16614],[16615],[16616],[16617],[16618]]},{"type":"MultiLineString","arcs":[[16619],[16620],[16621],[16622],[16623],[16624],[16622],[16625,16626],[16627],[16628],[16629]]},{"type":"MultiLineString","arcs":[[16630],[16631],[16632],[16633,16634],[-16634]]},{"type":"MultiLineString","arcs":[[16635],[16636],[16637],[16638],[16639],[16640],[16641],[16642],[16643],[16644]]},{"type":"LineString","arcs":[16645]},{"type":"MultiLineString","arcs":[[16646],[16647,16648],[16649,16650,-16648],[16651],[16652]]},{"type":"MultiLineString","arcs":[[16653,16654,-16650],[16655],[16656]]},{"type":"MultiLineString","arcs":[[16657],[16658],[16659],[16657],[16660],[16660]]},{"type":"LineString","arcs":[16661]},{"type":"MultiLineString","arcs":[[16662],[16663,16664],[16665],[16666],[16667],[16668],[16669],[16670],[16670],[16671],[16672],[16673],[16674]]},{"type":"LineString","arcs":[16675]},{"type":"MultiLineString","arcs":[[16676],[16677],[16678,16679],[16680],[16681],[16682],[-16683,16683],[16684],[16685]]},{"type":"MultiLineString","arcs":[[16686],[16687],[16688]]},{"type":"MultiLineString","arcs":[[16689],[16690],[16691],[16692],[16693],[16694],[16695],[16696],[16697]]},{"type":"LineString","arcs":[16698]},{"type":"MultiLineString","arcs":[[16699],[16700],[16701],[16702,-16702],[16703],[16704],[16705],[16706],[16707],[16708],[16709]]},{"type":"LineString","arcs":[16710]},{"type":"MultiLineString","arcs":[[-16562],[-16563,16711],[16712],[16713],[16714]]},{"type":"LineString","arcs":[16715]},{"type":"MultiLineString","arcs":[[16716],[16717],[16718]]},{"type":"MultiLineString","arcs":[[16719],[16720],[16721],[16722],[16723],[16724],[16725]]},{"type":"MultiLineString","arcs":[[16726],[16727]]},{"type":"MultiLineString","arcs":[[16728],[16729]]},{"type":"MultiLineString","arcs":[[16730,16731,16732],[-16732,16733],[16734],[16734]]},{"type":"MultiLineString","arcs":[[16735],[16735],[16735],[16735],[16735],[16735],[16735],[16735]]},{"type":"MultiLineString","arcs":[[16736],[16737],[16738],[16738],[16738],[16738]]},{"type":"MultiLineString","arcs":[[16739],[16740]]},{"type":"MultiLineString","arcs":[[16741],[16742,16743],[-16744],[16744]]},{"type":"MultiLineString","arcs":[[16745],[16746]]},{"type":"MultiLineString","arcs":[[16747],[16748],[16749],[16750],[16751],[16752],[16753],[16754],[16755],[16756],[16757],[16758],[16759,16760],[16761],[16761],[16761],[-16761,16762,16763],[-16764],[16764],[16765],[16766,16767],[-16768],[16768],[16769],[16770]]},{"type":"LineString","arcs":[16771]},{"type":"LineString","arcs":[16772]},{"type":"LineString","arcs":[16773]},{"type":"LineString","arcs":[16774]},{"type":"LineString","arcs":[16775]},{"type":"LineString","arcs":[16776]},{"type":"LineString","arcs":[16777]},{"type":"LineString","arcs":[16778]},{"type":"LineString","arcs":[16779]},{"type":"LineString","arcs":[16780]},{"type":"LineString","arcs":[16781]},{"type":"LineString","arcs":[16782]},{"type":"LineString","arcs":[16783]},{"type":"LineString","arcs":[16784]},{"type":"MultiLineString","arcs":[[16785],[16786],[16787],[16788],[16789],[16790],[16791],[16792]]},{"type":"MultiLineString","arcs":[[16793],[16794],[16795],[16796],[16797],[16798],[16799]]},{"type":"MultiLineString","arcs":[[16800],[16801],[16802]]},{"type":"MultiLineString","arcs":[[16803,16804],[16805],[16806],[16807],[16807],[16807],[16808]]},{"type":"LineString","arcs":[16809,-16804]},{"type":"MultiLineString","arcs":[[16810],[16811],[16811],[16812],[16813],[16814]]},{"type":"MultiLineString","arcs":[[16815],[16816],[16817],[16818],[16819],[16820],[16821],[16822],[16823],[16824],[16825],[16824]]},{"type":"MultiLineString","arcs":[[16826],[16827],[16828]]},{"type":"MultiLineString","arcs":[[16829],[16830],[16831],[16832],[16833]]},{"type":"LineString","arcs":[16834]},{"type":"MultiLineString","arcs":[[16835],[16836],[16837],[16838]]},{"type":"MultiLineString","arcs":[[16839],[16840]]},{"type":"MultiLineString","arcs":[[16841],[16842],[16843,16844],[16845],[16846],[16847],[16848,16849,16850],[16851],[16852]]},{"type":"LineString","arcs":[16853]},{"type":"LineString","arcs":[16854]},{"type":"LineString","arcs":[16854]},{"type":"MultiLineString","arcs":[[16855],[16856,16857],[16858],[16859],[16860],[16861],[-16858],[16862],[16863],[16863]]},{"type":"MultiLineString","arcs":[[16864],[16865,16866],[16867,16868]]},{"type":"MultiLineString","arcs":[[16869],[16870]]},{"type":"MultiLineString","arcs":[[16871,-16872,16871,16872],[16873],[16874,16875],[-16873,16876],[16877],[-16876],[16878],[16879],[16880],[16881,16882,16883],[16884],[16885],[16886],[16887,16888],[-16888],[16889],[16890,-16883,16891]]},{"type":"MultiLineString","arcs":[[16892,16893],[16894],[16895],[16895],[16895],[16896],[16897],[16898,16899],[16900],[16901],[16902,-16899]]},{"type":"MultiLineString","arcs":[[16903],[16904],[16905]]},{"type":"MultiLineString","arcs":[[16906],[16907],[16908],[16909],[16910],[16911],[16912]]},{"type":"MultiLineString","arcs":[[16913],[16914],[16915]]},{"type":"MultiLineString","arcs":[[16916],[16917],[16918]]},{"type":"MultiLineString","arcs":[[16919],[16920],[16921],[16922],[16923]]},{"type":"MultiLineString","arcs":[[16924,16925],[16926],[16927],[16928],[16929],[16930,-16931,16931],[-16925]]},{"type":"LineString","arcs":[16932]},{"type":"MultiLineString","arcs":[[16933],[16934],[16935],[16935],[16936],[16937],[16938],[16939,-16940],[16940],[16941],[16939],[16942],[16943]]},{"type":"LineString","arcs":[16944,16945]},{"type":"MultiLineString","arcs":[[-16946,16946],[16947,-1177]]},{"type":"MultiLineString","arcs":[[16948],[16949],[16948],[16948]]},{"type":"LineString","arcs":[16950]},{"type":"LineString","arcs":[16951]},{"type":"LineString","arcs":[16952]},{"type":"LineString","arcs":[16953,-16954,16954]},{"type":"LineString","arcs":[-16952]},{"type":"LineString","arcs":[16955]},{"type":"LineString","arcs":[16956]},{"type":"LineString","arcs":[16957,-1315,16958]},{"type":"LineString","arcs":[16959]},{"type":"LineString","arcs":[16959]},{"type":"LineString","arcs":[16959]},{"type":"LineString","arcs":[16960]},{"type":"MultiLineString","arcs":[[16961],[16962],[16962],[16962],[16963],[16964],[-16965],[16965],[16966]]},{"type":"MultiLineString","arcs":[[16967,-16961],[16968],[16969,-16969],[16970],[-16970]]},{"type":"MultiLineString","arcs":[[16971],[16972],[16973],[16974,16975],[-16975]]},{"type":"MultiLineString","arcs":[[16976],[16977],[16978]]},{"type":"MultiLineString","arcs":[[16979],[16980,16981],[16982],[16983],[16984],[16985],[16986,-16981],[16987],[16988],[16989],[16990],[16991],[16992],[16993],[16994]]},{"type":"LineString","arcs":[16995]},{"type":"MultiLineString","arcs":[[16996],[16997]]},{"type":"LineString","arcs":[16998]},{"type":"MultiLineString","arcs":[[16999],[17000,17001],[17002],[17003],[-17002]]},{"type":"MultiLineString","arcs":[[1245,17004],[17005],[17006]]},{"type":"MultiLineString","arcs":[[17007],[17008],[17009],[17009],[17009],[17010],[17011],[17012,17013],[-17013],[17014],[17015]]},{"type":"LineString","arcs":[17016]},{"type":"MultiLineString","arcs":[[17017],[17018],[17018]]},{"type":"MultiLineString","arcs":[[17019],[17020],[17021],[17022],[17023],[17024],[17025],[17026],[-17025,17027],[17028],[17029],[17030],[17031],[17032],[17033],[17034]]},{"type":"MultiLineString","arcs":[[17035],[17036],[17037],[17038]]},{"type":"LineString","arcs":[17039]},{"type":"MultiLineString","arcs":[[17040],[17041],[17042]]},{"type":"MultiLineString","arcs":[[17043],[17044]]},{"type":"MultiLineString","arcs":[[17045],[17046],[17047],[17048],[17048],[17049],[17050]]},{"type":"MultiLineString","arcs":[[17051],[17052],[17053],[17054],[17054],[17055],[17056],[17057],[17058],[17059],[17060],[17061],[17062]]},{"type":"MultiLineString","arcs":[[17063],[17064],[17065],[17066],[17066],[17067]]},{"type":"MultiLineString","arcs":[[17068],[17069],[17070]]},{"type":"LineString","arcs":[17071]},{"type":"LineString","arcs":[17072]},{"type":"LineString","arcs":[17073]},{"type":"MultiLineString","arcs":[[17074],[17075],[17074],[17076]]},{"type":"LineString","arcs":[17077]},{"type":"LineString","arcs":[17078]},{"type":"MultiLineString","arcs":[[17079],[17080],[17081],[17082],[17083],[17084],[17085],[17084],[17084]]},{"type":"LineString","arcs":[17086,17087]},{"type":"LineString","arcs":[17088]},{"type":"LineString","arcs":[-17088,17087,17089]},{"type":"MultiLineString","arcs":[[17090],[17091],[17091],[17092]]},{"type":"MultiLineString","arcs":[[17093],[17094]]},{"type":"MultiLineString","arcs":[[17095],[17096],[17097],[17098],[17099],[17100],[17101],[17102],[17102],[17103],[17104]]},{"type":"LineString","arcs":[17101]},{"type":"MultiLineString","arcs":[[17105],[17106],[17107],[17108]]},{"type":"LineString","arcs":[17109]},{"type":"MultiLineString","arcs":[[17110],[17111],[17112],[17113],[17114],[17115]]},{"type":"MultiLineString","arcs":[[17116],[17117],[17118],[137],[137],[17119],[17120],[17121],[17122],[17123],[17124],[17125]]},{"type":"LineString","arcs":[17126]},{"type":"MultiLineString","arcs":[[17127],[17127],[17127],[17128,17129],[17127],[17130],[17131],[17132,17133],[17134]]},{"type":"MultiLineString","arcs":[[17132,17135],[17136],[17137]]},{"type":"LineString","arcs":[17138,17139]},{"type":"LineString","arcs":[17140]},{"type":"MultiLineString","arcs":[[17141],[17142],[-17140],[17143],[17144]]},{"type":"MultiLineString","arcs":[[17145],[17146],[17147],[17148],[17149],[17150],[17151],[17152],[17152]]},{"type":"MultiLineString","arcs":[[17153],[17154],[17155],[17156],[17157]]},{"type":"MultiLineString","arcs":[[17158],[17159]]},{"type":"LineString","arcs":[-16556,17160]},{"type":"LineString","arcs":[17161]},{"type":"MultiLineString","arcs":[[17162],[17163],[17164]]},{"type":"MultiLineString","arcs":[[17165],[17166],[17167],[17168],[17169]]},{"type":"MultiLineString","arcs":[[17170],[17171],[17172,17173],[17174],[17175],[17176],[17177]]},{"type":"MultiLineString","arcs":[[17178],[17179],[17180]]},{"type":"MultiLineString","arcs":[[17181],[17182],[17183],[17184],[17185],[17186],[17187]]},{"type":"MultiLineString","arcs":[[17188],[17189],[17190]]},{"type":"MultiLineString","arcs":[[16434],[17191],[17192],[17193],[17194],[17195]]},{"type":"LineString","arcs":[17196]},{"type":"LineString","arcs":[16636]},{"type":"MultiLineString","arcs":[[17197],[17198],[17199],[17200],[17201]]},{"type":"LineString","arcs":[17202]},{"type":"LineString","arcs":[17203]},{"type":"MultiLineString","arcs":[[17204],[17205],[17206],[17207],[17208],[17209,17210],[-17210]]},{"type":"MultiLineString","arcs":[[17211],[17212],[17213],[17214]]},{"type":"MultiLineString","arcs":[[17215],[17216],[17217],[17218],[17219],[17220]]},{"type":"MultiLineString","arcs":[[17221],[17222],[17223]]},{"type":"LineString","arcs":[17224]},{"type":"LineString","arcs":[17225]},{"type":"LineString","arcs":[17226]},{"type":"MultiLineString","arcs":[[17226],[17227],[17228],[17229,17230],[17231]]},{"type":"MultiLineString","arcs":[[17232,-16506],[17233],[17234],[17235],[17236],[17237,17238]]},{"type":"LineString","arcs":[17239,-17238]},{"type":"MultiLineString","arcs":[[17240,17241],[17242],[17243],[17244,17245],[17246],[17247],[-17246,17248],[17249],[17250],[17223]]},{"type":"MultiLineString","arcs":[[17251],[17252],[17253]]},{"type":"LineString","arcs":[17254]},{"type":"MultiLineString","arcs":[[17255],[17256],[17257],[17258],[17259]]},{"type":"LineString","arcs":[17260]},{"type":"MultiLineString","arcs":[[17261],[17262],[17263]]},{"type":"MultiLineString","arcs":[[17264],[17265],[17266]]},{"type":"LineString","arcs":[17267]},{"type":"MultiLineString","arcs":[[17268],[17269],[-16403,16402,17270,17271]]},{"type":"LineString","arcs":[17272]},{"type":"LineString","arcs":[-16339,17273]},{"type":"MultiLineString","arcs":[[17274,17275],[-17275],[17276]]},{"type":"LineString","arcs":[17277]},{"type":"MultiLineString","arcs":[[17278],[17279],[17280],[17281]]},{"type":"MultiLineString","arcs":[[17282],[17283],[17284],[17285],[17285],[17285],[17286],[17287],[17288],[17289],[17290]]},{"type":"LineString","arcs":[17291]},{"type":"MultiLineString","arcs":[[17292],[17291],[17293],[17294],[17295],[17296,17297],[17298],[17299],[17300]]},{"type":"MultiLineString","arcs":[[17301],[17302],[17303],[17304],[17291]]},{"type":"LineString","arcs":[17305]},{"type":"LineString","arcs":[17306,17307,-17308]},{"type":"LineString","arcs":[17307]},{"type":"LineString","arcs":[17308]},{"type":"LineString","arcs":[17309]},{"type":"LineString","arcs":[17310]},{"type":"LineString","arcs":[17311]},{"type":"MultiLineString","arcs":[[17312,17313],[17314],[17315],[17316],[17316]]},{"type":"MultiLineString","arcs":[[17317,17318],[17319],[17320]]},{"type":"LineString","arcs":[17321]},{"type":"LineString","arcs":[17322]},{"type":"LineString","arcs":[17323]},{"type":"MultiLineString","arcs":[[17324],[17325],[17326]]},{"type":"MultiLineString","arcs":[[17327],[17328],[17329]]},{"type":"LineString","arcs":[17330]},{"type":"LineString","arcs":[17331]},{"type":"MultiLineString","arcs":[[17332],[17333],[17334],[17334],[17335]]},{"type":"MultiLineString","arcs":[[17336],[17336],[17337],[17338],[17339],[17340]]},{"type":"MultiLineString","arcs":[[17341],[17342],[17343],[17344],[17341],[17345],[17345],[17345],[17346],[17347],[17345]]},{"type":"LineString","arcs":[17336]},{"type":"LineString","arcs":[17348]},{"type":"MultiLineString","arcs":[[17349],[17350],[17351],[17352],[17353]]},{"type":"MultiLineString","arcs":[[17343],[17343],[17354],[17355]]},{"type":"MultiLineString","arcs":[[17356],[17357],[17358],[17356],[17359]]},{"type":"MultiLineString","arcs":[[17360],[17361],[17362]]},{"type":"MultiLineString","arcs":[[16192],[17363,17360],[17364]]},{"type":"LineString","arcs":[17365]},{"type":"MultiLineString","arcs":[[17366],[17367],[17367],[17368],[17368],[17369],[17370],[17368],[17371]]},{"type":"LineString","arcs":[17372]},{"type":"LineString","arcs":[17373]},{"type":"MultiLineString","arcs":[[17374],[17375],[17376]]},{"type":"LineString","arcs":[17377]},{"type":"MultiLineString","arcs":[[17378,-17379,17379],[-17379],[17380]]},{"type":"LineString","arcs":[17381]},{"type":"LineString","arcs":[17382]},{"type":"MultiLineString","arcs":[[17383],[17384],[17385]]},{"type":"LineString","arcs":[17386]},{"type":"MultiLineString","arcs":[[17387],[17388],[17389],[17390],[17391],[17392]]},{"type":"MultiLineString","arcs":[[17393],[16269]]},{"type":"MultiLineString","arcs":[[17394],[17395]]},{"type":"MultiLineString","arcs":[[17396],[17397]]},{"type":"LineString","arcs":[17398]},{"type":"MultiLineString","arcs":[[17399],[17400]]},{"type":"MultiLineString","arcs":[[17401],[17402]]},{"type":"MultiLineString","arcs":[[17403],[17404]]},{"type":"LineString","arcs":[17405]},{"type":"MultiLineString","arcs":[[17406],[17407],[17408],[17406]]},{"type":"MultiLineString","arcs":[[17409],[17410]]},{"type":"LineString","arcs":[17409]},{"type":"MultiLineString","arcs":[[17411],[17412],[17413],[17414,17415],[17416],[17409]]},{"type":"LineString","arcs":[17416]},{"type":"MultiLineString","arcs":[[17417],[17418],[17419]]},{"type":"LineString","arcs":[17420]},{"type":"MultiLineString","arcs":[[17421],[17420]]},{"type":"MultiLineString","arcs":[[17422],[-17423],[17423],[17424],[17423],[17425],[17426],[17427],[17428],[17429],[17430],[17431]]},{"type":"LineString","arcs":[17432,17433]},{"type":"MultiLineString","arcs":[[17434],[16208],[17435]]},{"type":"MultiLineString","arcs":[[17436],[17437,17438],[17439]]},{"type":"LineString","arcs":[17440]},{"type":"MultiLineString","arcs":[[17441],[17442],[-16331]]},{"type":"MultiLineString","arcs":[[17443,17444],[17445],[17445],[17446],[17447],[17448]]},{"type":"MultiLineString","arcs":[[17449],[17450,17451],[-17452,17452],[16317],[16317]]},{"type":"LineString","arcs":[16213,17453]},{"type":"MultiLineString","arcs":[[17454],[17455],[17456],[17457],[17458],[17459,17460],[-17460],[17461],[17461]]},{"type":"MultiLineString","arcs":[[17462],[17463],[17464],[17465],[17465]]},{"type":"LineString","arcs":[17466]},{"type":"LineString","arcs":[17465]},{"type":"LineString","arcs":[17467]},{"type":"MultiLineString","arcs":[[17468],[17469],[17470,17471],[17472],[17473],[17474],[-16305]]},{"type":"LineString","arcs":[17475]},{"type":"MultiLineString","arcs":[[17476],[17477],[17478,17479],[17480],[17481]]},{"type":"LineString","arcs":[17482]},{"type":"LineString","arcs":[17483,-16260]},{"type":"MultiLineString","arcs":[[17484],[17485],[17486]]},{"type":"MultiLineString","arcs":[[17487],[17488],[17489],[17490],[17491]]},{"type":"LineString","arcs":[17492]},{"type":"MultiLineString","arcs":[[17493],[17494],[17495]]},{"type":"MultiLineString","arcs":[[17496],[17496],[17497],[17498],[17499],[17500]]},{"type":"MultiLineString","arcs":[[17501],[17502]]},{"type":"LineString","arcs":[17503]},{"type":"LineString","arcs":[17504]},{"type":"MultiLineString","arcs":[[17505],[17506],[17507],[17508],[17509],[17510],[17511],[-17512]]},{"type":"LineString","arcs":[17512]},{"type":"MultiLineString","arcs":[[17513],[17514],[17515]]},{"type":"MultiLineString","arcs":[[17516],[17517],[17518],[17519]]},{"type":"MultiLineString","arcs":[[17520],[17521],[17522],[17523],[17524]]},{"type":"LineString","arcs":[17525]},{"type":"MultiLineString","arcs":[[17526],[17527],[17528],[17529],[17530]]},{"type":"LineString","arcs":[17531]},{"type":"LineString","arcs":[17532]},{"type":"MultiLineString","arcs":[[17533],[17534],[17535],[17536],[17537],[17538]]},{"type":"LineString","arcs":[17539]},{"type":"MultiLineString","arcs":[[17540],[17541],[17542],[17543],[17544]]},{"type":"MultiLineString","arcs":[[17545],[17546]]},{"type":"MultiLineString","arcs":[[17547],[17548]]},{"type":"MultiLineString","arcs":[[17549],[17550]]},{"type":"LineString","arcs":[17551]},{"type":"LineString","arcs":[17552]},{"type":"MultiLineString","arcs":[[17553],[17554],[17555]]},{"type":"LineString","arcs":[17556]},{"type":"MultiLineString","arcs":[[17557],[17558],[17559]]},{"type":"LineString","arcs":[17560]},{"type":"MultiLineString","arcs":[[17561],[17562],[17563],[17564],[17565],[17566],[17567]]},{"type":"MultiLineString","arcs":[[17568],[17569],[17570]]},{"type":"LineString","arcs":[17571]},{"type":"LineString","arcs":[17572]},{"type":"MultiLineString","arcs":[[17573],[17574],[17575]]},{"type":"LineString","arcs":[17576]},{"type":"LineString","arcs":[17577]},{"type":"LineString","arcs":[17578]},{"type":"LineString","arcs":[17579]},{"type":"LineString","arcs":[17580]},{"type":"MultiLineString","arcs":[[17581],[17582],[17583],[17584],[17585],[17586]]},{"type":"LineString","arcs":[17587]},{"type":"LineString","arcs":[17588]},{"type":"LineString","arcs":[17589,17590]},{"type":"LineString","arcs":[-17590]},{"type":"LineString","arcs":[17589]},{"type":"LineString","arcs":[17591]},{"type":"LineString","arcs":[17592]},{"type":"LineString","arcs":[17592]},{"type":"LineString","arcs":[17593]},{"type":"LineString","arcs":[17594]},{"type":"LineString","arcs":[17595]},{"type":"LineString","arcs":[17596]},{"type":"LineString","arcs":[17597]},{"type":"LineString","arcs":[16108]},{"type":"LineString","arcs":[16105]},{"type":"LineString","arcs":[16104]},{"type":"LineString","arcs":[16104]},{"type":"LineString","arcs":[17598]},{"type":"LineString","arcs":[17598]},{"type":"LineString","arcs":[-16102]},{"type":"MultiLineString","arcs":[[17599],[17599],[17599]]},{"type":"LineString","arcs":[16100]},{"type":"LineString","arcs":[16104]},{"type":"LineString","arcs":[16104]},{"type":"LineString","arcs":[16104]},{"type":"MultiLineString","arcs":[[17600],[16104]]},{"type":"LineString","arcs":[16104]},{"type":"LineString","arcs":[15841,-15842]},{"type":"LineString","arcs":[17601]},{"type":"LineString","arcs":[17601]},{"type":"LineString","arcs":[17602]},{"type":"LineString","arcs":[17602]},{"type":"LineString","arcs":[17603]},{"type":"LineString","arcs":[17604]},{"type":"LineString","arcs":[17605]},{"type":"LineString","arcs":[17606]},{"type":"LineString","arcs":[17607]},{"type":"LineString","arcs":[17608]},{"type":"LineString","arcs":[489,17609]},{"type":"LineString","arcs":[17610]},{"type":"LineString","arcs":[17611,17612]},{"type":"LineString","arcs":[17613]},{"type":"LineString","arcs":[17614,17615]},{"type":"LineString","arcs":[-17615]},{"type":"LineString","arcs":[17616]},{"type":"LineString","arcs":[17617]},{"type":"LineString","arcs":[17617]},{"type":"LineString","arcs":[-17616,17618]},{"type":"LineString","arcs":[17619]},{"type":"MultiLineString","arcs":[[17620],[17621]]},{"type":"LineString","arcs":[17622,17623]},{"type":"LineString","arcs":[17624]},{"type":"LineString","arcs":[514,17625]},{"type":"LineString","arcs":[17626]}]}},"arcs":[[[1931,9749],[0,31]],[[1931,9554],[0,148]],[[1931,9530],[0,8]],[[1931,9515],[0,0]],[[1931,9515],[0,7]],[[1931,9952],[0,16]],[[1931,9827],[0,110]],[[1931,9780],[0,24]],[[7328,4906],[0,0]],[[6573,6726],[0,0]],[[2912,6820],[3,0]],[[5907,1422],[0,0]],[[5720,1195],[0,0]],[[6230,5265],[0,0]],[[6037,6109],[0,0]],[[2890,2812],[-3,0]],[[2921,2648],[0,0]],[[3023,2500],[0,0]],[[3031,2461],[0,0]],[[2765,3351],[0,0]],[[2790,3289],[0,0]],[[2841,3023],[0,0]],[[2819,3148],[3,0]],[[3221,8562],[0,0]],[[3431,7866],[0,0]],[[6199,2797],[0,0]],[[5989,1867],[0,0]],[[6159,2531],[0,0]],[[6029,1906],[0,0]],[[6412,2750],[0,0]],[[6429,2258],[0,0]],[[7983,3796],[0,0]],[[7864,3875],[0,0]],[[7895,4054],[0,0]],[[7838,4187],[0,0]],[[8193,3211],[0,0]],[[5326,8038],[0,0]],[[5360,8070],[0,0]],[[1815,6038],[0,0]],[[7864,3875],[-3,-16],[-3,-8],[-3,-23],[-3,-24],[-3,-8],[-2,-7],[-6,0]],[[7832,4023],[0,-8],[-2,0],[-3,-8],[-3,-7],[-6,0],[-3,-8],[-2,0],[-6,0],[-9,0]],[[7915,3656],[-3,-8],[-3,-8],[0,-8],[3,-15]],[[7988,3468],[0,-7],[-2,-8],[0,-8],[0,-8]],[[8122,3695],[8,-16]],[[8144,4023],[6,8]],[[8122,3937],[-3,-16]],[[7977,3929],[0,-8],[3,0],[0,-7],[0,-8],[3,-8],[3,0],[2,0]],[[8000,3836],[0,-16]],[[8005,3789],[6,0]],[[8028,3765],[6,8]],[[8028,3703],[0,-8],[0,-8],[3,-8],[3,0],[3,0],[2,0],[6,0],[3,-7],[0,-16],[3,0],[0,-8],[3,-8],[0,-8],[0,-7],[2,0],[3,0],[3,-8],[0,-8],[3,-8],[0,-8]],[[8048,3382],[8,16]],[[8300,3234],[-2,-8],[0,-8],[-3,0],[0,-7],[0,-8],[0,-8],[3,0],[2,-8],[0,-8]],[[8337,3203],[0,-8],[0,-8],[-3,0],[0,-8],[-2,-7],[0,-8],[0,-8]],[[8607,3226],[-3,16]],[[8729,3664],[5,0]],[[8777,3617],[5,-16]],[[8802,3531],[3,-16]],[[8870,3468],[-5,0]],[[8624,3632],[8,8]],[[8675,3672],[8,0]],[[8513,3859],[11,0]],[[8567,3726],[-3,-15]],[[8618,3953],[0,23]],[[8731,3843],[-5,-23]],[[8391,6843],[0,0]],[[2796,7827],[0,0]],[[3236,7445],[0,0]],[[3227,7429],[0,0]],[[1628,9288],[3,0],[5,0],[9,0],[5,0],[6,0],[9,0],[5,0],[6,0],[6,0],[8,0],[6,0],[5,0],[9,0],[6,0],[5,0],[9,0],[6,0]],[[4055,3156],[0,0]],[[3987,2953],[0,0]],[[3672,1820],[0,0]],[[3888,2187],[0,0]],[[3579,3757],[0,0]],[[3687,1875],[0,0]],[[9403,1656],[0,0]],[[9304,922],[0,0]],[[5405,2789],[0,0]],[[5442,2937],[0,0]],[[5433,3054],[0,0]],[[8714,3781],[-2,-24]],[[8471,3250],[11,0]],[[8488,3429],[2,-23]],[[5286,4226],[0,0]],[[5207,4250],[0,0]],[[5192,4312],[0,0]],[[5241,4211],[0,0]],[[8207,9624],[0,0]],[[8195,9608],[0,0]],[[8992,7554],[0,0]],[[6148,7515],[0,0]],[[6398,7413],[0,0]],[[5172,4351],[0,0]],[[2382,5109],[0,0]],[[2110,5312],[0,0]],[[2382,5273],[0,0]],[[1792,6343],[0,0]],[[1852,6038],[0,0]],[[2569,5531],[0,0]],[[2487,5476],[0,0]],[[5657,6413],[0,0]],[[5635,6398],[0,0]],[[5621,6288],[0,0]],[[5462,6390],[0,0]],[[5408,6413],[0,0]],[[7237,4500],[0,0]],[[2986,1031],[0,0]],[[2980,437],[0,0]],[[3023,1336],[0,0]],[[3023,1570],[0,0]],[[3063,2179],[0,0]],[[2961,703],[0,0]],[[2975,773],[0,0]],[[5068,6906],[5,-47]],[[1957,5906],[0,0]],[[1951,5898],[0,0]],[[7115,5453],[0,0]],[[7115,5445],[0,0]],[[9477,7859],[6,-8],[6,-8],[2,-8],[0,-15],[3,-8],[3,-16],[6,-16]],[[3034,7093],[0,0]],[[1528,7132],[0,0]],[[2544,6226],[0,0]],[[2822,6499],[0,0]],[[2895,6710],[0,0]],[[2898,6702],[0,0]],[[2955,7054],[0,0]],[[5402,7351],[0,0]],[[5470,7140],[0,0]],[[5414,7288],[0,0]],[[5445,7202],[0,0]],[[5479,7124],[0,0]],[[5493,6976],[0,0]],[[5005,7648],[0,0]],[[5493,6859],[3,-8],[0,-8],[-3,0],[0,-8],[0,-8],[-3,-15]],[[4980,7562],[0,0]],[[5019,7468],[0,0]],[[5031,7390],[0,0]],[[5090,7765],[0,0]],[[5422,7421],[0,0]],[[5439,7070],[0,0]],[[5876,2804],[-3,0],[0,-7],[-3,0],[0,-8],[-3,0],[-3,-8],[0,-16],[-2,0],[-3,0],[-3,0]],[[5845,2765],[-3,0],[-3,16],[-3,0],[0,8],[-3,0]],[[5833,2789],[0,-8]],[[5833,2781],[0,0]],[[5833,2781],[0,-8],[-3,0]],[[5828,2765],[0,8],[-3,0],[0,8],[-12,0]],[[5830,2773],[0,0]],[[5830,2773],[0,-8],[-2,0]],[[5853,2765],[-3,0]],[[5850,2765],[-3,0],[-2,0]],[[5856,2765],[0,0]],[[5856,2765],[-3,0]],[[5813,2781],[0,-8],[3,0],[-3,-8],[0,-7],[0,-8],[3,0],[0,-8],[0,-8],[0,-8],[-3,0],[-2,0],[-3,0]],[[5808,2726],[0,0]],[[5808,2726],[-3,0]],[[5805,2726],[0,-8]],[[5805,2718],[-3,0],[-3,-7],[0,-8],[-3,0]],[[5796,2703],[-2,0],[0,8],[-17,0]],[[5777,2711],[-3,0]],[[5830,2890],[3,8]],[[5828,2898],[0,-8]],[[5828,2890],[2,0]],[[5825,2890],[3,0]],[[5819,2890],[0,0]],[[5816,2836],[0,7],[-3,0],[0,8],[-2,8],[2,0],[0,8],[3,0],[0,8],[3,0],[0,8],[0,7]],[[5822,2890],[3,0]],[[5819,2890],[3,0]],[[5813,2781],[-2,0],[0,8],[0,8],[2,0],[0,7],[3,0],[0,8],[0,8],[3,8],[0,8]],[[5819,2836],[-3,0]],[[5932,2781],[0,-8],[-2,0],[0,-8],[-3,0],[-23,0],[0,-7],[3,0],[0,-8],[3,0],[0,-8],[-3,0],[0,-8],[-3,-8]],[[5904,2726],[0,0]],[[5904,2726],[-3,0],[0,-8],[0,-7]],[[5901,2711],[0,-8]],[[5901,2703],[3,0]],[[5938,2797],[3,0],[0,7]],[[5938,2797],[0,0]],[[5935,2789],[3,8]],[[5935,2789],[0,0]],[[5932,2781],[0,8],[3,0]],[[5910,2890],[0,8],[-3,0],[-3,0],[0,8],[-3,0],[0,8]],[[5901,2914],[-3,0],[0,-8],[-2,0]],[[5896,2906],[0,-8]],[[5913,2890],[-3,0]],[[5910,2890],[0,0]],[[5915,2890],[-2,0]],[[5913,2890],[0,0]],[[5918,2867],[0,8],[-3,0],[0,8],[0,7]],[[5915,2890],[0,0]],[[5927,2843],[-3,0],[-3,0],[0,8],[0,8],[3,0],[-3,0],[0,8]],[[5921,2867],[-3,0]],[[5930,2836],[0,7],[-3,0]],[[5927,2843],[0,0]],[[5941,2804],[0,8],[0,8],[-3,16],[0,7]],[[5938,2843],[-3,0],[0,-7],[-3,0]],[[5932,2836],[-2,0]],[[5930,2836],[0,0]],[[5876,3148],[3,0],[0,8],[2,0],[0,8],[0,8],[0,7],[3,0],[0,8],[3,0],[3,8]],[[5876,3148],[0,0]],[[5879,3132],[0,8],[-3,0],[0,8]],[[5881,3132],[-2,0]],[[5879,3132],[0,0]],[[5884,3109],[-3,0],[0,8],[3,0],[-3,8],[0,7]],[[5881,3132],[0,0]],[[5890,3093],[-3,0],[0,8],[-3,8]],[[5884,3109],[0,0]],[[5893,3093],[-3,0]],[[5890,3093],[0,0]],[[5896,3054],[2,0],[0,8],[0,8],[0,8],[0,8],[-2,0],[0,7]],[[5896,3093],[0,0]],[[5896,3093],[-3,0]],[[5893,3054],[3,0]],[[5881,3023],[3,0],[0,8],[0,8],[3,0],[0,8],[3,0],[3,7]],[[5881,3023],[0,0]],[[5881,2984],[-2,8],[-3,0],[0,8],[3,0],[0,15],[2,0],[0,8]],[[5896,2961],[2,31],[0,8],[-2,0],[0,8],[-3,0],[0,7],[-3,0]],[[5890,3015],[-6,-15],[-3,0],[3,-8],[0,-8]],[[5884,2984],[-3,0]],[[5881,2984],[0,0]],[[5915,2953],[-2,0]],[[5913,2953],[-9,15],[0,8],[-3,0]],[[5901,2976],[0,-8],[-3,0],[0,-7],[-2,0]],[[5896,2906],[0,8],[0,8],[11,7],[3,0],[3,16],[0,8]],[[5825,2625],[-3,15],[-6,0],[0,8],[-5,0],[0,8],[-3,0],[-40,0]],[[5836,2625],[0,8],[-3,7]],[[5833,2640],[-3,0],[0,-7]],[[5830,2633],[-2,0]],[[5828,2633],[-3,-8]],[[5839,2633],[0,-8]],[[5839,2625],[-3,0]],[[5836,2625],[0,0]],[[5771,2672],[0,7],[3,0],[-3,8],[0,8],[3,0],[0,8],[0,8]],[[5771,2672],[0,0]],[[5768,2656],[0,8],[3,8]],[[5694,2758],[-3,0],[0,7],[-2,0],[-3,8],[-3,8],[-3,0]],[[5680,2781],[-3,-8]],[[5677,2773],[0,8],[-3,0]],[[5703,2758],[0,7],[-3,0],[-3,0]],[[5697,2765],[-3,0],[0,-7]],[[5742,2758],[-2,7]],[[5740,2765],[0,0]],[[5740,2765],[-3,0]],[[5737,2765],[0,0]],[[5748,2758],[-3,0]],[[5745,2758],[0,7]],[[5737,2765],[-3,0]],[[5734,2765],[0,-7]],[[5742,2758],[0,7]],[[5745,2758],[-3,0]],[[5742,2758],[0,0]],[[5728,2758],[-3,0]],[[5725,2758],[-2,0]],[[5759,2742],[-2,0],[-3,0],[0,8],[-3,0],[0,8]],[[5751,2758],[-3,0]],[[5748,2758],[0,0]],[[5734,2758],[-3,0]],[[5731,2758],[0,0]],[[5708,2742],[0,8]],[[5708,2750],[-2,0],[0,8]],[[5706,2758],[-3,0]],[[5731,2758],[-3,0]],[[5728,2758],[0,0]],[[5723,2758],[0,0]],[[5723,2758],[-3,0],[-3,-8],[-3,0]],[[5714,2750],[-3,0]],[[5711,2750],[0,-8],[-3,0]],[[5759,2711],[0,7],[0,8],[3,0],[0,8],[0,8]],[[5762,2742],[-3,0]],[[5774,2711],[-3,0],[-3,0]],[[5768,2711],[-3,0],[-3,0]],[[5774,2711],[0,0]],[[5762,2711],[0,0]],[[5762,2711],[-3,0]],[[5768,2656],[0,-8],[0,-8]],[[5768,2640],[0,0]],[[5768,2640],[-3,0],[3,0]],[[5768,2640],[0,-7],[-3,0],[3,0],[0,-8]],[[5768,2625],[0,-8]],[[5771,2625],[0,-8],[0,-8],[-3,0],[3,-8],[-3,0],[3,-8],[0,-7],[-3,0],[0,-8],[-3,0],[0,-8],[-3,0],[-3,-8],[0,-8],[3,0],[0,-7],[3,0],[3,0],[-3,-8],[3,-8],[0,-8],[-3,0],[0,-8],[-3,0],[0,-7],[0,-8],[-3,0],[0,-8],[0,-8],[0,-8]],[[5768,2625],[3,0]],[[5898,2703],[3,0]],[[5898,2703],[0,0]],[[5896,2703],[2,0]],[[5896,2703],[0,0]],[[5887,2695],[3,0],[3,0],[0,8],[3,0]],[[5887,2695],[0,0]],[[5881,2679],[3,0],[3,0],[0,8],[0,8]],[[5879,2679],[2,0]],[[5862,2664],[2,0],[3,8],[3,7],[3,0],[3,0],[3,0]],[[5856,2672],[6,-8]],[[5853,2648],[0,8],[0,8],[3,0],[0,8]],[[5842,2656],[3,0],[5,0],[3,-8]],[[5839,2633],[3,7],[0,8],[-3,8],[3,0]],[[5907,2679],[0,8],[0,8],[-3,0],[0,8]],[[5839,2625],[3,0]],[[5839,2633],[0,0]],[[5842,2625],[3,0],[2,0],[3,-8]],[[5842,2625],[0,0]],[[5856,2617],[3,0],[3,-8]],[[5850,2617],[3,0],[3,0]],[[5862,2609],[2,0],[3,-8]],[[5862,2609],[0,0]],[[5870,2609],[0,-8]],[[5870,2609],[0,0]],[[5867,2609],[3,0]],[[5867,2601],[0,8]],[[5867,2601],[0,0]],[[6897,6937],[0,-8],[-3,0],[0,-8]],[[6894,6921],[0,0]],[[6894,6921],[-3,0],[-3,0],[0,-8],[3,0],[-6,-7],[-5,0],[0,-8],[-3,0],[0,-8]],[[6970,6898],[0,0]],[[6970,6898],[-2,0],[-3,0],[0,-8],[3,0],[0,-8],[-3,-8]],[[6965,6874],[0,0]],[[6965,6874],[-3,0],[-3,-7],[-3,0],[0,-8],[-3,0],[0,-8],[-2,-8],[-3,0],[0,-8],[-3,0],[-3,-8],[0,-7],[-3,0]],[[6823,7093],[3,0],[3,-8],[2,-8],[6,-15],[3,-8],[3,0],[5,-8],[9,-8],[0,-7]],[[6814,7085],[9,8]],[[6865,7054],[3,0],[0,-8],[0,-8],[3,0],[6,0]],[[6857,7031],[6,7],[2,8],[0,8]],[[6888,7054],[0,-8],[0,-8],[3,-7],[3,0],[8,0]],[[6877,7038],[3,0],[0,8],[5,0],[3,8]],[[6905,7031],[-3,-8],[0,-8]],[[6902,7031],[3,0]],[[6902,7015],[0,0]],[[6902,7015],[-3,0],[0,-8],[-2,0],[0,-8]],[[6897,6999],[-3,0],[0,8],[-3,0]],[[6891,7007],[-3,0],[0,-8],[3,0],[0,-8],[-3,0],[3,0],[-3,0],[0,-7],[0,-8],[-3,0],[-3,0],[0,-8],[3,-8],[3,0]],[[6888,6960],[0,-8]],[[6888,6960],[3,0],[0,-8],[3,0],[0,-7],[3,0],[0,-8]],[[6902,6937],[-3,0],[-2,0]],[[6814,7085],[9,-23],[-9,-8]],[[6814,7085],[-11,31],[-3,0],[0,8],[3,0],[6,8],[-3,16],[0,15],[0,8],[8,31],[9,24],[0,8],[-9,0],[-2,0],[-3,15]],[[6814,7015],[6,16],[0,7],[0,8],[-6,8]],[[6761,7132],[2,0],[3,0],[0,-8],[0,-8],[3,0],[3,0],[0,-7],[0,-8],[8,-8],[3,-8],[3,0],[0,-8],[3,0]],[[6755,7124],[3,0],[-3,0]],[[6755,7124],[3,0],[0,8],[3,0]],[[6795,7085],[5,0],[3,-8],[3,0],[3,-15],[5,-8]],[[6789,7077],[3,0],[0,8],[3,0]],[[6814,7054],[0,0]],[[7050,7085],[-3,-8],[0,-7],[3,-8],[0,-8]],[[7141,6734],[0,-8],[2,0],[3,0],[0,-8],[-3,0],[-2,0],[-3,0],[-3,0],[-3,8],[-3,-8],[-3,0],[-2,0],[0,-8],[0,-8],[-3,0],[-3,0],[0,-7],[-3,0],[0,-8],[-3,0],[-3,0],[0,-8],[0,-8],[-3,0],[3,0],[0,-8],[-3,-7],[3,0],[3,0],[3,-8],[0,8],[3,0],[3,0],[3,0],[0,-8],[2,0],[-2,0],[0,-8],[2,0],[3,-8],[3,0],[0,-8],[0,8],[3,0],[0,-8],[3,0],[5,0],[0,-7],[-2,0],[0,-8],[0,-8],[2,0],[3,0],[3,0],[0,-8],[3,0]],[[7152,6593],[0,0]],[[7064,7038],[-3,0]],[[7061,7038],[0,-7]],[[7081,7038],[-3,0],[-3,-7],[-3,-8]],[[7072,7023],[-2,0],[0,8],[-3,0],[0,7]],[[7067,7038],[-3,0]],[[7061,7031],[-3,0]],[[7058,7031],[0,0]],[[7095,7046],[3,0],[0,8]],[[7089,7046],[3,0],[3,0]],[[7089,7046],[0,0]],[[7087,7046],[2,0]],[[7084,7046],[3,0]],[[7081,7038],[0,8],[3,0]],[[7081,7031],[0,7]],[[7084,7031],[0,0]],[[7084,7031],[-3,0]],[[7089,7023],[-2,8],[-3,0]],[[7095,7023],[-3,0]],[[7092,7023],[-3,0]],[[7098,7015],[0,8],[-3,0]],[[7095,7023],[0,0]],[[6962,6921],[0,0]],[[6925,6921],[-3,0],[0,8],[-3,0],[0,8],[-3,0],[0,8]],[[6916,6945],[-2,0],[0,-8]],[[6914,6937],[-12,0]],[[6948,6921],[0,8],[-3,0],[-3,0]],[[6942,6929],[-3,0],[-3,-8]],[[6936,6921],[-2,8]],[[6934,6929],[-6,0],[-3,-8]],[[6962,6921],[-9,0]],[[6953,6921],[-2,0],[-3,0]],[[6939,7015],[0,8],[-3,0]],[[6936,7023],[-2,0]],[[6934,7023],[-3,0]],[[6931,7023],[-3,0],[0,-8],[0,-8],[0,-8],[0,-8],[-3,0],[0,-7]],[[6916,6976],[-2,8],[-3,0],[-3,0]],[[6908,6984],[0,-8],[-3,-8]],[[6928,6984],[-3,0]],[[6925,6984],[-6,-8]],[[6919,6976],[-3,0]],[[6916,6976],[0,0]],[[6905,6968],[-3,0]],[[6902,6968],[-3,0],[-2,0],[0,-8],[2,0],[0,-8],[0,-7],[3,-8]],[[6939,7015],[6,16],[0,7],[0,8],[-3,0],[-3,0],[0,16],[6,0],[0,8]],[[6939,7015],[6,0]],[[6948,7015],[0,-8],[0,-8],[0,-8],[3,0],[0,-7]],[[6951,6984],[-3,0],[3,0]],[[6945,7015],[3,0]],[[6951,6984],[0,-8],[2,0]],[[6951,6984],[0,0]],[[6953,6976],[3,0]],[[6953,6976],[0,0]],[[6956,6976],[3,0]],[[6956,6976],[0,0]],[[6959,6976],[6,-8],[0,-8],[-3,0],[0,-8],[-3,0],[0,-7],[3,-8]],[[6959,6976],[0,0]],[[6996,6960],[0,0]],[[6999,6984],[-3,-8],[3,0],[0,-8]],[[6999,6968],[-3,0]],[[6996,6968],[0,0]],[[6996,6968],[0,-8]],[[6996,7054],[3,-8]],[[6999,7046],[0,-8]],[[6999,7046],[0,0]],[[7002,7046],[0,-8],[2,0],[0,-7]],[[6999,7038],[3,8]],[[7004,7031],[3,0]],[[7004,7031],[0,0]],[[7007,7031],[0,0]],[[7007,7031],[3,0],[0,-8]],[[7010,7023],[0,-8]],[[7010,7023],[0,0]],[[7010,7015],[0,-8],[0,-8],[0,-8]],[[7010,7015],[0,0]],[[6985,7015],[0,8],[2,0],[0,8]],[[6990,6991],[-8,0],[0,8],[3,16]],[[6985,7015],[0,0]],[[6996,6991],[3,8]],[[6999,6999],[-9,-8]],[[7163,6593],[3,-8],[0,-8],[3,0],[3,0],[3,-7],[2,0]],[[7158,6593],[2,0],[3,0]],[[7152,6593],[3,0],[3,0]],[[7180,6577],[3,0],[0,-7],[3,-8],[-3,-8]],[[7177,6570],[3,0],[0,7]],[[7152,6593],[0,-8],[0,-8],[-3,0],[-3,0],[0,-7]],[[7146,6570],[-3,0]],[[7143,6570],[0,0]],[[7143,6570],[-2,0],[0,-8],[-3,0],[3,0],[0,-8],[-3,0]],[[7138,6554],[0,0]],[[7138,6554],[-3,0]],[[7135,6554],[0,0]],[[7135,6554],[-3,0],[0,-8],[0,-8],[0,-7],[3,0],[0,-8],[0,-8],[0,-8]],[[7135,6507],[3,-8],[0,-7],[0,-8],[0,-8],[0,-8],[0,-8],[0,-8],[0,-7]],[[7138,6445],[0,0]],[[7138,6445],[3,0],[-3,0]],[[7138,6445],[0,-8],[3,0],[2,-8]],[[7146,6429],[3,0],[9,-16]],[[7143,6429],[3,0]],[[7135,6507],[0,0]],[[1931,9702],[0,16],[0,23],[0,8]],[[1931,9538],[0,8],[0,8]],[[1931,9522],[0,8]],[[1931,9968],[0,8],[0,23]],[[1931,9937],[0,7],[0,8]],[[1931,9804],[0,23]],[[1931,9780],[0,0]],[[6780,6937],[-11,0]],[[6769,6937],[-3,0]],[[6780,6937],[0,-8],[0,-8],[-2,0],[-3,0],[0,-8],[-3,-15],[0,-8],[-3,0],[0,-8],[-3,0]],[[6766,6882],[0,-8]],[[6766,6882],[3,-39],[9,-16],[2,-15],[-2,0],[0,-16],[0,-8],[2,-15]],[[6783,6773],[3,0],[0,-8]],[[6780,6773],[3,0]],[[6780,6773],[0,0]],[[6789,6757],[-3,0],[0,8]],[[6780,6773],[6,-24],[9,-23],[0,-8],[0,-23],[0,-24],[0,-8],[2,0],[0,-7],[-2,0]],[[6789,6765],[3,0],[0,-8],[-3,0]],[[6786,6765],[3,0]],[[6795,6656],[0,0]],[[6795,6656],[0,-8],[2,0],[0,-8],[-2,0],[0,-8],[-3,0],[0,-8]],[[6780,6937],[6,0],[3,0],[3,-8],[5,-16],[23,-54],[9,-16],[2,-8],[3,0],[9,-8],[11,-31],[3,-8],[-3,-15],[-3,0],[0,-8],[0,-31]],[[6865,6734],[9,0],[6,-8]],[[6851,6734],[9,0],[5,0]],[[6880,6726],[5,8]],[[7382,5156],[0,8]],[[7382,5156],[2,0]],[[7384,5156],[0,0]],[[7311,4789],[0,0]],[[7311,4789],[0,-8],[0,-8]],[[7314,4781],[0,8]],[[7314,4789],[-3,0]],[[7311,4773],[3,0]],[[7311,4773],[0,0]],[[7314,4773],[0,0]],[[7189,4796],[0,0]],[[7189,4796],[-3,0]],[[7186,4796],[0,0]],[[7186,4796],[-3,0]],[[7183,4796],[0,-7]],[[7186,4789],[0,7]],[[7314,4710],[-3,0]],[[7311,4710],[0,-7]],[[7314,4710],[0,0]],[[7311,4703],[3,0]],[[7314,4703],[0,0]],[[7314,4703],[0,-8]],[[7314,4695],[0,0]],[[7288,6281],[0,0]],[[7251,6226],[3,0]],[[7254,6226],[3,-8],[3,-8],[-3,-7],[0,-8],[-3,0],[0,-8],[3,0],[0,-8],[0,-8]],[[7251,6226],[0,0]],[[7268,6195],[0,-8]],[[7268,6187],[3,0],[0,-8],[3,0],[3,-8],[0,-8],[2,0],[0,-7],[6,0],[0,-8]],[[7285,6148],[3,0],[-3,-8]],[[7265,6171],[3,0],[0,8],[0,8]],[[7262,6171],[3,0]],[[7257,6171],[3,0],[2,0]],[[7285,6140],[0,8]],[[7285,6140],[0,0]],[[7285,6140],[-3,0],[6,-8],[0,-8]],[[7291,6132],[3,0],[0,-8],[2,0],[3,-7]],[[7288,6124],[3,0],[0,8]],[[7302,6117],[0,-8],[0,-8]],[[7299,6117],[3,0]],[[7311,6109],[3,0],[0,-8]],[[7311,6109],[0,0]],[[7308,6109],[0,-8]],[[7302,6101],[3,8],[3,0]],[[7308,6109],[3,0]],[[7319,6093],[0,8],[3,0]],[[7316,6101],[0,0]],[[7314,6101],[2,0]],[[7316,6101],[0,-8],[3,0]],[[7200,6390],[3,0]],[[7203,6390],[0,-8],[-3,-8],[-3,0],[-3,0],[0,-7]],[[7197,6367],[-3,0]],[[7194,6367],[0,-8],[3,0]],[[7197,6359],[0,-8],[3,0],[3,0],[0,-8],[3,-8]],[[7197,6359],[0,0]],[[7206,6335],[-3,0]],[[7203,6335],[6,-15],[0,-16],[2,-8]],[[7217,6304],[0,-8]],[[7214,6296],[0,8]],[[7214,6304],[3,0]],[[7211,6296],[3,0]],[[7211,6296],[0,0]],[[7220,6296],[0,0]],[[7217,6296],[3,0]],[[7223,6296],[0,-8]],[[7220,6296],[3,0]],[[7223,6288],[0,-7],[0,-8],[3,0],[0,-8],[2,0]],[[7223,6288],[0,0]],[[7200,6390],[-3,0],[0,-8],[-3,0],[-2,-8]],[[7192,6374],[-3,0]],[[7189,6374],[0,8]],[[7189,6374],[-3,0]],[[7186,6374],[0,0]],[[7243,6023],[0,-8],[0,-8],[0,-8],[2,0],[0,-7],[3,0],[3,-8],[0,-8],[3,0],[-3,0],[0,-8],[-3,0]],[[7248,5968],[0,-8],[3,0]],[[7248,5968],[0,0]],[[7251,5960],[3,0]],[[7251,5960],[0,0]],[[7251,5960],[-3,-7],[-3,0],[0,-8]],[[7254,5960],[0,0]],[[7268,5960],[0,-7]],[[7265,5953],[3,7]],[[7254,5953],[3,0],[3,0]],[[7248,5945],[3,8],[3,0]],[[7260,5953],[2,0]],[[7260,5953],[0,0]],[[7262,5953],[3,0]],[[7262,5953],[0,0]],[[7268,5953],[0,0]],[[7268,5953],[0,-8]],[[7248,5945],[0,0]],[[7245,5945],[3,0]],[[7098,5773],[-3,8]],[[7095,5781],[-3,0],[-3,0]],[[7070,5773],[-3,8]],[[7081,5781],[-3,0]],[[7078,5781],[-3,0]],[[7075,5781],[0,-8]],[[7089,5781],[0,0]],[[7089,5781],[-2,0]],[[7087,5781],[0,-8]],[[7087,5781],[-3,0],[-3,0]],[[7075,5781],[-3,0]],[[7072,5781],[0,-8],[-2,0]],[[7104,5765],[-3,0],[0,8]],[[7101,5773],[-3,0]],[[7106,5757],[-2,0],[0,8]],[[7104,5765],[0,0]],[[7118,5757],[-3,0],[-3,0],[0,8],[-3,0],[-3,0]],[[7106,5765],[0,-8]],[[7126,5757],[-2,0],[0,8]],[[7124,5765],[-3,0],[0,-8],[-3,0]],[[7126,5749],[0,8]],[[7126,5757],[0,0]],[[7124,5749],[2,0]],[[7129,5726],[-3,0],[0,8],[-2,0],[0,8],[0,7]],[[7132,5710],[0,8],[0,8],[0,8],[-3,0]],[[7129,5734],[0,-8]],[[7135,5695],[0,8],[-3,0],[0,7]],[[7132,5710],[0,0]],[[7138,5679],[0,8],[0,8]],[[7138,5695],[-3,0]],[[7141,5679],[0,0]],[[7141,5679],[-3,0]],[[7146,5671],[0,8]],[[7146,5679],[-3,0]],[[7143,5679],[-2,0]],[[7152,5663],[0,8],[-3,0],[0,8],[-3,0]],[[7158,5648],[0,8],[-3,0],[0,7]],[[7155,5663],[-3,0]],[[7158,6195],[-12,0],[3,8],[0,7],[-3,0]],[[7163,6187],[-3,8]],[[7160,6195],[-2,0]],[[7418,5765],[-2,0],[0,-8],[2,0],[-2,-8],[0,-7],[-3,-8]],[[7243,6078],[0,7],[0,8],[-3,8],[0,8]],[[7124,5437],[0,0]],[[7124,5437],[-3,0]],[[7121,5437],[0,0]],[[7121,5437],[-3,0]],[[7124,5421],[-3,0]],[[7121,5421],[0,8],[3,8]],[[7118,5437],[0,0]],[[7118,5437],[0,-8],[0,-8]],[[7126,5421],[0,8]],[[7126,5429],[-2,0]],[[7124,5429],[0,-8]],[[7228,6257],[0,0]],[[7228,6257],[-2,0],[0,-8],[2,0]],[[7228,6249],[0,0]],[[7274,5945],[0,8],[-3,0]],[[7271,5953],[0,-8]],[[7279,5945],[-2,0],[-3,0]],[[7274,5945],[0,0]],[[7271,5945],[-3,0]],[[7268,5945],[0,0]],[[7282,5945],[0,0]],[[7282,5945],[-3,0]],[[7285,5945],[-3,0]],[[7279,5945],[0,0]],[[7288,5937],[-3,0],[0,8]],[[7285,5945],[0,0]],[[7277,5851],[2,0],[3,0],[3,0],[0,8],[-3,0],[0,8],[3,0],[0,7],[3,8],[0,8],[3,0],[-3,0],[0,8],[3,0],[-3,0],[0,8],[3,0],[3,0],[0,7],[-3,0],[3,0],[-3,0],[0,8],[0,8],[-3,0],[0,8]],[[7288,5937],[0,0]],[[7277,5851],[0,0]],[[7274,5749],[-3,0],[0,8],[3,0]],[[7274,5757],[-3,0],[0,8],[-3,0],[3,8],[0,8],[-3,0],[0,7],[0,8],[3,0],[0,8],[0,8],[3,8],[-3,0],[0,8],[0,7],[0,8],[3,0],[0,8],[3,0]],[[7288,5835],[0,8]],[[7288,5835],[-3,0]],[[7285,5835],[0,8]],[[7285,5843],[-3,0],[0,-8]],[[7282,5835],[0,-7]],[[7288,5820],[0,8],[0,7]],[[7288,5835],[3,0],[-3,0]],[[7288,5835],[0,0]],[[7331,5820],[0,8],[-3,0],[0,7]],[[7328,5835],[-3,0]],[[7325,5835],[0,0]],[[7325,5835],[-3,0]],[[7322,5835],[0,-7]],[[7282,5835],[-3,0]],[[7279,5835],[0,-7],[-2,0],[0,-8],[2,0],[0,-8],[0,-8],[0,-8],[3,0],[0,-8],[0,-7],[0,-8],[3,0]],[[7299,5820],[0,8]],[[7299,5828],[0,7]],[[7322,5835],[-3,-7],[-3,0],[0,-8],[-2,0]],[[7314,5820],[2,0],[-2,-8]],[[7302,5812],[-3,0],[0,8]],[[7299,5820],[3,0],[0,8]],[[7302,5828],[0,0]],[[7291,5820],[0,8]],[[7291,5820],[-3,0]],[[7302,5828],[-3,0]],[[7328,5812],[3,0]],[[7331,5812],[0,8]],[[7331,5820],[0,0]],[[7342,5804],[0,8],[3,8],[-3,0]],[[7342,5820],[-3,0],[0,-8],[-3,0]],[[7367,5812],[-2,0],[0,8],[-3,0]],[[7362,5820],[-3,0]],[[7359,5820],[3,-8],[-3,0]],[[7294,5812],[0,8]],[[7294,5820],[-3,0]],[[7296,5820],[0,0]],[[7296,5820],[-2,0]],[[7311,5812],[-3,0],[0,8]],[[7308,5820],[-3,0],[0,-8]],[[7299,5820],[-3,0]],[[7359,5812],[0,8]],[[7359,5820],[-3,0]],[[7356,5820],[0,0]],[[7356,5820],[-3,0]],[[7353,5820],[0,-8],[0,-8],[-3,0],[0,-8]],[[7314,5812],[0,8]],[[7314,5820],[-3,0],[0,-8]],[[7336,5812],[0,8]],[[7336,5812],[-3,0]],[[7305,5812],[-3,0]],[[7302,5812],[0,0]],[[7333,5812],[0,0]],[[7333,5812],[0,-8]],[[7328,5812],[0,0]],[[7328,5804],[0,8]],[[7370,5804],[-3,0],[0,8]],[[7367,5812],[0,0]],[[7333,5804],[-2,0]],[[7331,5804],[0,8]],[[7376,5796],[-3,0],[0,8],[-3,0]],[[7370,5804],[0,0]],[[7331,5804],[0,0]],[[7331,5804],[-3,0]],[[7345,5804],[0,0]],[[7345,5804],[-3,0]],[[7350,5796],[-2,8]],[[7348,5804],[-3,0]],[[7379,5788],[-3,8]],[[7376,5796],[0,0]],[[7382,5788],[0,0]],[[7382,5788],[-3,0]],[[7384,5781],[0,7]],[[7384,5788],[-2,0]],[[7393,5781],[-3,0]],[[7390,5781],[-3,0],[0,-8]],[[7399,5773],[0,8],[-3,0]],[[7396,5781],[-3,0]],[[7384,5773],[0,8]],[[7384,5781],[0,0]],[[7285,5773],[3,0],[0,-8],[3,0],[0,-8],[-3,0],[0,-8],[-3,-7]],[[7285,5773],[0,0]],[[7387,5773],[0,0]],[[7387,5773],[-3,0]],[[7399,5773],[0,0]],[[7399,5726],[-3,8],[0,8],[0,7],[3,0],[0,8],[-3,0],[0,8],[0,8],[3,0]],[[7282,5749],[-3,0],[-2,8]],[[7277,5757],[-3,0]],[[7274,5757],[0,-8]],[[7285,5742],[0,7],[-3,0]],[[7282,5749],[0,0]],[[7160,5640],[-2,8]],[[7158,5617],[2,0],[0,7],[3,8],[-3,8]],[[7160,5640],[0,0]],[[7158,5617],[0,0]],[[7152,5609],[3,0],[0,8],[3,0]],[[7152,5609],[0,0]],[[7152,5601],[-3,8],[3,0]],[[7152,5593],[3,0],[0,8]],[[7155,5601],[-3,0]],[[7152,5593],[0,0]],[[7152,5570],[0,8],[0,7],[0,8]],[[7268,5945],[-3,0]],[[7265,5945],[0,-8]],[[7265,5937],[-3,0]],[[7262,5937],[-2,0],[0,-8],[-3,0],[0,-8],[-3,0],[-3,0],[0,-8],[-3,0]],[[7248,5913],[0,0]],[[7248,5913],[-3,0]],[[7245,5913],[0,0]],[[7245,5913],[-2,0]],[[7243,5913],[0,-7],[-3,0],[0,-8]],[[7240,5898],[0,0]],[[7240,5898],[-3,0]],[[7237,5898],[0,0]],[[7237,5898],[-3,0],[0,-8],[-3,0],[-3,-8],[0,-8],[-2,0]],[[7226,5874],[0,0]],[[7226,5874],[-3,0],[-3,-7],[0,-8],[0,-8],[0,-8],[3,0],[0,-8],[3,0],[2,-7]],[[7243,5835],[2,0],[-2,0]],[[7243,5835],[0,-7],[2,0],[0,-8],[0,-8],[-2,0]],[[7240,5828],[0,7],[3,0]],[[7237,5835],[0,-7]],[[7237,5828],[3,0]],[[7234,5828],[3,0]],[[7228,5828],[3,0]],[[7228,5828],[0,0]],[[7231,5828],[3,0]],[[7231,5828],[0,0]],[[7243,5812],[0,0]],[[7243,5812],[-3,0]],[[7240,5812],[0,0]],[[7240,5812],[-3,0],[-3,0]],[[7234,5812],[0,0]],[[7234,5812],[-3,0],[0,-8],[-3,0],[3,0],[0,-8],[-3,0],[0,-8],[3,-7]],[[7186,5796],[0,8]],[[7186,5804],[0,8]],[[7186,5804],[-3,0]],[[7183,5804],[0,0]],[[7183,5804],[-3,0],[0,-8]],[[7186,5796],[0,0]],[[7186,5796],[-3,0]],[[7177,5796],[-2,0],[-3,0]],[[7172,5796],[0,-8]],[[7186,5788],[3,0],[0,8]],[[7189,5796],[-3,0]],[[7180,5796],[-3,0]],[[7177,5796],[0,0]],[[7183,5796],[3,-8]],[[7183,5781],[0,7],[0,8]],[[7175,5788],[0,0]],[[7172,5788],[3,0]],[[7177,5788],[0,-7],[-2,0]],[[7175,5788],[2,0]],[[7175,5781],[-3,0]],[[7172,5781],[0,7]],[[7172,5781],[-3,-8],[0,-8],[3,0],[0,-8],[0,-8]],[[7172,5749],[-3,0],[3,0]],[[7200,5765],[3,0],[0,8],[-3,0],[0,8],[0,7],[-3,0]],[[7197,5788],[-3,-7],[-2,0],[-3,0]],[[7231,5781],[3,0],[0,-8],[3,0],[-3,-8],[-3,0]],[[7231,5781],[0,0]],[[7189,5781],[-3,0]],[[7186,5781],[-3,0]],[[7231,5765],[0,8],[-3,0]],[[7228,5773],[0,-8],[0,-8],[0,-8],[3,0],[0,-7]],[[7200,5765],[0,0]],[[7197,5726],[3,0],[0,8],[0,8],[-3,0],[3,0],[0,7],[-3,8],[0,8],[3,0]],[[7211,5749],[0,8]],[[7211,5749],[-2,0],[0,-7],[0,-8],[-3,0],[0,-8],[-3,-8],[-3,0]],[[7228,5742],[-2,0],[0,7]],[[7226,5749],[-3,0],[0,-7],[-3,0]],[[7217,5749],[-3,0]],[[7214,5749],[-3,0]],[[7220,5742],[0,7]],[[7220,5749],[-3,0]],[[7172,5749],[3,-7],[0,-8],[2,0],[0,-8],[-2,0],[0,-8],[0,-8],[0,-7],[0,-8],[0,-8],[-3,0],[-3,0],[0,-8],[-3,0],[-3,-8],[0,-8],[3,0]],[[7172,5749],[0,0]],[[7231,5742],[-3,0]],[[7228,5742],[0,0]],[[7192,5726],[2,0]],[[7197,5710],[-3,0],[0,8],[-2,0],[0,8]],[[7197,5726],[0,0]],[[7194,5726],[3,0]],[[7200,5718],[-3,0]],[[7197,5718],[0,-8]],[[7166,5663],[3,0],[0,-7],[-3,0],[-3,0]],[[7166,5663],[0,0]],[[7163,5656],[-3,0]],[[7160,5656],[-2,-8]],[[7118,5421],[0,0]],[[7118,5421],[-3,0]],[[7115,5421],[0,0]],[[7115,5421],[-3,0]],[[1900,7132],[0,-8],[0,-8],[0,-7],[0,-8],[0,-8],[0,-8],[0,-8],[0,-7],[0,-8],[3,-8]],[[1903,7054],[0,0]],[[1903,7054],[3,0],[2,0],[3,0],[6,0],[3,0],[3,0],[3,0],[5,0],[3,0],[3,0],[3,0],[5,0],[3,0],[3,0],[3,0],[6,0]],[[1818,7132],[0,-16],[0,-7],[0,-16],[0,-8],[0,-15],[0,-8],[0,-16],[0,-8],[0,-15],[0,-16],[0,-8],[0,-15],[0,-8],[0,-16],[0,-8],[0,-15],[0,-16],[0,-8],[0,-15],[0,-8],[0,-16],[0,-7],[0,-16],[0,-8],[0,-16],[0,-15],[0,-8],[0,-16],[0,-7],[0,-16],[0,-8],[0,-15]],[[1818,6742],[3,0],[5,0],[3,0],[6,0],[3,0],[5,0],[6,0],[3,0],[5,0],[3,0],[6,0],[3,0],[5,0],[3,0],[6,0],[6,0],[2,0],[6,0],[3,0],[6,0],[2,0],[6,0],[3,0],[6,0],[5,0],[3,0],[6,0],[3,0],[5,0],[3,0],[6,0],[6,0]],[[1960,6742],[0,-16],[0,-16],[0,-8],[0,-15],[0,-16],[0,-15],[0,-8],[0,-16],[0,-15],[0,-16],[0,-8],[0,-16],[0,-15],[0,-16],[0,-15],[0,-8],[0,-16],[0,-15],[0,-16],[0,-8],[0,-16],[0,-15],[0,-16],[0,-15],[0,-8],[0,-16],[0,-15],[0,-16],[0,-8],[0,-16],[0,-15],[0,-16]],[[1960,7054],[2,0],[6,0],[3,0],[6,0],[2,0],[6,0],[6,0],[3,0],[5,0],[3,0],[6,0],[3,0],[5,0],[6,0],[3,0],[5,0],[3,0],[6,0],[3,0],[5,0],[6,0],[3,0],[6,0],[2,0],[6,0],[3,0],[6,0],[5,0],[3,0],[6,0],[3,0],[2,0]],[[1960,7054],[0,-8],[0,-15],[0,-8],[0,-8],[0,-8],[0,-16],[0,-7],[0,-8],[0,-8],[0,-16],[0,-7],[0,-8],[0,-8],[0,-16],[0,-7],[0,-8],[0,-8],[0,-16],[0,-7],[0,-8],[0,-8],[0,-16],[0,-8],[0,-7],[0,-8],[0,-16],[0,-8],[0,-7],[0,-8],[0,-16],[0,-8],[0,-7]],[[2130,6742],[-6,0],[-6,0],[-5,0],[-6,0],[-3,0],[-6,0],[-5,0],[-6,0],[-6,0],[-5,0],[-6,0],[-6,0],[-5,0],[-3,0],[-6,0],[-5,0],[-6,0],[-6,0],[-5,0],[-6,0],[-6,0],[-5,0],[-3,0],[-6,0],[-6,0],[-5,0],[-6,0],[-6,0],[-5,0],[-6,0],[-6,0],[-2,0]],[[2130,6702],[0,-15],[0,-8],[0,-16],[0,-7],[0,-8],[0,-16],[0,-8],[0,-15],[0,-8],[0,-8],[0,-16],[-3,-7],[0,-16],[0,-8],[0,-8],[0,-15],[0,-8],[0,-16],[0,-7],[0,-8],[0,-16],[0,-8],[0,-8],[0,-15],[0,-8],[0,-16],[0,-7],[0,-8],[0,-16],[0,-8],[0,-15],[0,-8],[-6,0],[-5,0],[-6,0],[-9,0],[-5,0],[-6,0],[-6,0],[-5,0],[-9,0],[-6,0],[-5,0],[-6,0],[-8,0],[-6,0],[-6,0],[-5,0],[-3,0],[3,-8],[0,-8],[2,0]],[[2101,7679],[0,-16],[0,-15],[0,-8],[0,-16],[0,-15],[0,-8],[0,-16],[0,-15],[0,-8],[0,-16],[0,-16],[0,-7],[0,-16],[0,-16],[0,-7],[0,-16],[0,-16],[0,-15]],[[2101,7366],[0,8],[0,8],[0,8],[0,8],[0,8],[0,7],[0,8],[0,8],[0,8]],[[2098,7366],[3,0]],[[2098,7210],[0,8],[0,16],[0,7],[0,8],[0,8],[0,16],[0,8],[0,7],[0,8],[0,16],[0,8],[0,7],[0,8],[0,8],[0,16],[0,7]],[[2107,7437],[-6,0]],[[2186,7437],[-5,0],[-6,0]],[[2175,7437],[-8,0],[-6,0],[-6,0],[-8,0],[-6,0],[-6,0],[-8,0],[-6,0],[-5,0],[-9,0]],[[2240,7437],[-8,0],[-6,0]],[[2226,7437],[-6,0],[-8,0],[-6,0],[-5,0],[-6,0],[-9,0]],[[2291,7437],[-5,0],[-6,0]],[[2280,7437],[-9,0],[-5,0],[-6,0],[-8,0],[-6,0],[-6,0]],[[2311,7437],[-6,0],[-5,0],[-9,0]],[[2098,7054],[0,8],[0,8],[0,15],[0,8],[0,8],[0,15],[0,8],[0,8],[0,8],[0,16],[0,7],[0,8],[0,8],[0,16],[0,7],[0,8]],[[2110,7054],[-3,0],[-3,0]],[[2104,7054],[-6,0]],[[2130,7054],[-3,0],[-3,0]],[[2124,7054],[-3,0],[-3,0],[-2,0],[-6,0]],[[2152,7054],[-5,0],[-3,0]],[[2144,7054],[-3,0],[-3,0],[-3,0],[-5,0]],[[2155,6976],[0,8],[0,7],[0,8],[0,8],[0,8],[0,8],[0,8],[0,7],[0,8],[0,8]],[[2155,7054],[-3,0]],[[2144,7210],[-6,0],[-3,0]],[[2135,7210],[-5,0],[-6,0],[-3,0],[-5,0],[-6,0],[-6,0],[-6,0]],[[2201,7210],[-3,0],[-6,0]],[[2192,7210],[-6,0],[-2,0],[-6,0],[-6,0],[-3,0],[-5,0],[-6,0],[-6,0],[-2,0],[-6,0]],[[2254,7210],[-2,0]],[[2252,7210],[-6,0],[-6,0],[-5,0],[-3,0],[-6,0],[-6,0],[-2,0],[-6,0],[-6,0],[-5,0]],[[2271,7195],[-2,0],[-3,7],[-3,0],[-6,8]],[[2257,7210],[-3,0]],[[2305,7187],[-2,0],[-3,0],[0,8],[-3,0],[-3,0],[0,7],[-3,0]],[[2291,7202],[-5,0]],[[2286,7202],[-3,0]],[[2283,7202],[-3,0]],[[2277,7202],[0,0]],[[2277,7202],[-3,0],[0,-7],[-3,0]],[[2280,7202],[0,0]],[[2280,7202],[-3,0]],[[2314,7171],[-3,0],[0,8],[-3,0],[0,8]],[[2308,7187],[-3,0]],[[2158,6742],[0,7],[0,8],[0,8],[0,8],[0,8],[0,7],[0,8],[0,8],[0,8],[0,8],[0,7],[0,8],[0,8],[0,8],[0,8],[0,8],[0,7],[0,8],[0,8],[0,8],[0,8],[0,7],[0,8],[0,8],[0,8],[0,8],[-3,7],[0,8],[0,8],[0,8]],[[2348,6976],[-6,0],[-5,0],[-6,0],[-8,0],[-6,0],[-6,0],[-6,0],[-5,0],[-6,0],[-6,0],[-5,0],[-6,0],[-6,0],[-8,0],[-6,0],[-5,0],[-6,0],[-6,0],[-5,0],[-6,0],[-6,0],[-5,0],[-6,0],[-6,0],[-8,0],[-6,0],[-6,0],[-5,0],[-6,0],[-6,0],[-5,0],[-9,0]],[[2130,6702],[0,8],[0,16],[0,8],[0,8]],[[2158,6742],[-3,0],[-5,0],[-3,0],[-3,0],[-3,0],[-6,0],[-2,0],[-3,0]],[[2144,6702],[-6,0]],[[2138,6702],[-5,0],[-3,0]],[[2155,6702],[-5,0]],[[2150,6702],[-6,0]],[[2195,6702],[-9,0]],[[2186,6702],[-8,0],[-6,0],[-8,0],[-9,0]],[[2206,6702],[-5,0]],[[2201,6702],[-6,0]],[[2215,6554],[0,8],[0,15],[0,8],[0,8],[0,8],[0,8],[0,8],[0,7],[0,16],[0,8],[0,8],[0,7],[0,8],[0,8],[0,8],[0,15]],[[2215,6702],[-3,0],[-3,0],[-3,0]],[[2226,6538],[-3,0],[-5,16]],[[2218,6554],[-3,0]],[[2237,6523],[0,8],[0,7],[-2,0],[0,8],[-3,0]],[[2232,6546],[0,-8]],[[2232,6538],[-3,0]],[[2229,6538],[-3,0]],[[2243,6523],[-3,0]],[[2240,6523],[-3,0]],[[2252,6515],[-6,8],[-3,0]],[[2243,6523],[0,0]],[[2257,6515],[-3,0],[0,8]],[[2254,6523],[-2,0],[0,-8]],[[2271,6507],[-2,0],[0,8]],[[2269,6515],[-3,0]],[[2266,6515],[-3,0]],[[2263,6515],[-3,0],[-3,0]],[[2274,6499],[-3,0],[3,0]],[[2274,6499],[0,8],[-3,0]],[[2271,6507],[3,0],[-3,0]],[[2271,6507],[0,0]],[[2283,6499],[0,8]],[[2283,6507],[-3,0],[-3,-8],[-3,0]],[[2365,6484],[-3,0],[-3,8],[-2,0],[0,7],[-3,0],[-3,0],[0,8]],[[2351,6507],[-3,-8]],[[2305,6499],[-2,0],[0,8]],[[2303,6507],[-3,0],[0,-8]],[[2342,6499],[-2,0]],[[2340,6499],[0,8]],[[2340,6499],[0,0]],[[2340,6499],[-3,0]],[[2314,6492],[-3,0],[0,7]],[[2311,6499],[-3,0],[0,-7]],[[2348,6499],[0,0]],[[2297,6484],[-3,0],[0,8],[0,7]],[[2294,6499],[-3,0]],[[2288,6492],[-2,0],[0,7]],[[2286,6499],[-3,0]],[[2337,6499],[0,0]],[[2337,6499],[-3,0]],[[2334,6499],[0,0]],[[2334,6499],[-3,0]],[[2331,6499],[-3,0]],[[2348,6499],[-3,0]],[[2342,6499],[0,0]],[[2291,6499],[0,0]],[[2291,6499],[0,-7],[-3,0]],[[2308,6492],[-3,7]],[[2305,6499],[0,0]],[[2328,6499],[0,0]],[[2328,6499],[0,-7],[-3,0],[-2,0]],[[2345,6499],[0,0]],[[2345,6499],[-3,0]],[[2300,6499],[-3,0]],[[2297,6499],[0,-7],[0,-8]],[[2314,6492],[0,0]],[[2320,6484],[-3,0],[0,8]],[[2317,6492],[-3,0]],[[2323,6492],[-3,0]],[[2320,6492],[0,-8]],[[2368,6484],[-3,0]],[[2365,6484],[0,0]],[[2371,6484],[-3,0]],[[2368,6484],[0,0]],[[2371,6476],[0,8]],[[2371,6484],[0,0]],[[2368,6742],[-6,0],[-8,0],[-6,0],[-6,0],[-8,0],[-6,0],[-5,0],[-9,0],[-6,0],[-5,0],[-9,0],[-6,0],[-5,0],[-9,0],[-5,0],[-6,0],[-6,0],[-8,0],[-6,0],[-6,0],[-8,0],[-6,0],[-5,0],[-9,0],[-6,0],[-5,0],[-9,0],[-5,0],[-6,0],[-9,0],[-5,0],[-6,0]],[[2314,7249],[-3,0],[0,-8],[3,0],[0,-7],[-3,0]],[[2311,7234],[0,0]],[[2311,7234],[0,-8],[3,0]],[[2314,7226],[0,0]],[[2314,7226],[0,-8],[0,-8],[0,-8],[-3,0],[0,-7],[0,-8],[3,0],[0,-8],[0,-8]],[[2325,7093],[0,8],[0,8],[0,7],[0,8],[-2,0],[2,0],[-2,8],[-3,8],[0,8],[-3,0],[3,0],[0,8],[-3,0],[0,7],[0,8],[-3,0]],[[2331,7093],[-3,0]],[[2328,7093],[0,8]],[[2328,7093],[-3,0]],[[2334,7023],[0,8],[-3,0],[0,7],[3,0],[0,8],[0,8],[-3,0],[0,8],[0,8],[0,7],[-3,0],[3,8],[0,8]],[[2331,7093],[0,0]],[[2340,6999],[-3,0],[3,0]],[[2340,6999],[0,8],[-3,0],[0,8],[-3,0],[0,8]],[[2348,6976],[-3,0],[0,8],[0,7],[-3,0],[0,8],[-2,0]],[[2340,6999],[0,0]],[[6673,6984],[-3,0],[0,7],[0,8],[0,8],[-3,8],[0,8],[-3,0],[0,8],[-3,15],[-3,8],[0,8],[-2,0],[0,8],[-3,0],[0,7]],[[6673,6984],[-6,-8],[0,-8],[3,-23],[-3,0],[-9,-63],[0,-8],[-2,0],[0,-7],[0,-8]],[[6656,6859],[2,0]],[[6656,6859],[0,0]],[[6664,6859],[0,-8],[3,0],[3,-8]],[[6661,6859],[3,0]],[[6661,6859],[0,0]],[[6658,6859],[3,0]],[[6755,6945],[-3,0],[0,7],[0,24],[-17,0],[-6,0],[-3,0],[-2,8],[-12,7],[-3,0],[-2,0]],[[6707,6991],[0,0]],[[6707,6991],[-6,0]],[[6701,6991],[-6,-7],[-3,0]],[[6692,6984],[-11,0]],[[6681,6984],[-3,0],[0,-8],[-3,0]],[[6675,6976],[-2,0],[0,8]],[[6763,6937],[-2,0],[0,8]],[[6761,6945],[-3,0]],[[6758,6945],[0,0]],[[6758,6945],[-3,0]],[[6766,6937],[-3,0]],[[6766,6937],[0,15],[0,24],[0,23],[-5,0],[0,8],[-3,47],[3,0],[19,0],[0,16]],[[6562,6656],[3,0],[3,0],[3,7],[0,8],[2,0],[3,8],[0,8],[3,8],[3,7],[3,0]],[[6562,6656],[0,0]],[[6554,6648],[5,0],[0,8],[3,0]],[[6573,6726],[3,-8],[6,-8],[3,-8]],[[6437,6757],[3,-8],[3,-7],[3,0],[0,-16]],[[6446,6726],[3,0],[2,-8],[3,-8],[3,0]],[[6474,6718],[3,0]],[[6463,6710],[3,0],[2,8],[3,0],[3,0]],[[6460,6710],[3,0]],[[6457,6710],[3,0]],[[6477,6718],[3,0],[0,8],[0,8],[3,0],[2,8]],[[6434,6757],[3,0]],[[6432,6757],[2,0]],[[6426,6757],[3,0]],[[6426,6757],[0,0]],[[6432,6757],[0,0]],[[6429,6757],[3,0]],[[6378,6890],[3,0],[2,0],[3,8],[0,8],[-3,0],[0,7]],[[6400,6859],[0,8],[-2,0],[0,7],[2,0],[0,8],[-2,8],[0,8],[0,8]],[[6398,6906],[-3,-8]],[[6395,6898],[-3,0]],[[6392,6898],[-3,0],[-3,-16],[3,0],[-3,0],[-3,-8]],[[6378,6890],[0,0]],[[6375,6890],[3,0]],[[6375,6890],[0,0]],[[6372,6874],[0,8],[0,8],[3,0]],[[6383,6874],[-5,0]],[[6378,6874],[-3,0],[-3,0]],[[6398,6859],[2,0]],[[6389,6843],[0,8],[3,0],[3,8],[3,0]],[[6395,6835],[-3,8]],[[6392,6843],[-3,0]],[[6412,6781],[-3,7],[0,8],[0,8],[3,0],[-3,8],[-3,8],[-3,7],[0,8],[-3,8]],[[6400,6843],[-5,-8]],[[6420,6757],[0,8]],[[6420,6765],[-3,0],[0,8],[0,8],[-2,0],[-3,0]],[[6412,6781],[0,0]],[[6423,6757],[0,8]],[[6423,6765],[-3,0]],[[6426,6757],[-3,0]],[[6423,6757],[0,0]],[[6437,6757],[0,8],[0,8],[-3,0],[-2,8],[-6,15],[0,16],[0,8],[0,7],[6,16],[2,0],[-2,0],[0,8],[-3,0]],[[6409,6398],[-3,-16],[-3,-8],[0,-7],[-3,-8]],[[2912,6820],[0,0]],[[2915,6820],[3,0]],[[5989,5046],[3,8],[3,0],[6,0]],[[5986,5046],[3,0]],[[5975,5039],[9,7],[2,0]],[[5975,5023],[0,8],[0,8]],[[5975,5023],[0,0]],[[5978,4906],[-3,0],[0,8],[0,7],[0,8],[0,8],[-3,16],[-3,7],[0,8],[3,8],[0,8],[3,8],[3,0],[0,8],[0,15],[-3,0],[0,8]],[[5975,5023],[-3,0],[3,0]],[[5981,4914],[-3,-8]],[[5967,5039],[2,0]],[[5972,5039],[3,0]],[[5969,5039],[3,0]],[[6006,5093],[-3,0],[-2,8],[-15,8],[-8,15],[-3,0],[-14,8],[-3,8],[-3,8],[0,8]],[[6020,5101],[-5,0],[-3,-8],[-3,0],[-3,0]],[[5949,4835],[0,-23],[0,-8],[3,0],[3,0],[6,-15]],[[5947,5140],[5,16],[3,0]],[[5955,5156],[20,78],[3,15],[0,8],[-3,24],[0,31],[-11,16],[8,242]],[[5887,4812],[9,31]],[[5870,4828],[3,0],[0,-8],[3,0],[3,-8],[2,0]],[[5853,4781],[3,0],[3,0],[3,8],[0,7],[2,8],[0,8],[3,0],[0,8],[3,8]],[[5884,4812],[3,0]],[[5881,4812],[3,0]],[[5847,4789],[3,0],[0,-8],[3,0]],[[5828,4734],[2,0],[0,8],[3,0],[3,0],[0,8],[3,7],[3,0],[0,8],[3,8],[0,8],[2,8]],[[5822,4742],[3,0],[3,-8]],[[5759,5414],[0,0]],[[5830,5156],[0,258]],[[5830,5414],[-71,0]],[[5822,4773],[-3,8]],[[5819,4781],[0,8],[0,7],[-3,8],[3,0],[-3,16],[3,8],[0,7],[0,8],[0,16],[0,8],[6,8],[0,7],[3,8],[0,8],[2,8],[0,8],[-2,7],[0,8],[2,16],[-5,31],[-3,24],[0,7],[-3,8],[-6,133],[0,8],[17,0]],[[5947,5140],[8,-39],[3,-16],[6,-31],[3,-15]],[[5949,4835],[-2,24],[0,8],[2,0],[3,8],[3,7],[3,0],[0,8],[0,8],[3,8],[-3,0],[-3,0],[0,8],[-3,7],[-3,16],[-2,0],[0,8],[0,8],[-3,0],[0,7],[0,8],[0,16],[3,0],[0,8],[2,0],[0,8],[3,15],[3,0],[3,8],[0,8],[9,8]],[[5898,4843],[3,0],[0,-8],[0,-7],[3,0]],[[5896,4843],[2,0]],[[5941,4843],[3,0],[5,-8]],[[5935,4835],[3,0],[3,8]],[[5935,4835],[0,0]],[[5921,4812],[3,0],[0,8],[3,0],[3,0],[0,8],[2,7],[3,0]],[[5910,4828],[3,0],[2,0],[3,-16],[3,0]],[[5904,4828],[6,0]],[[5830,5156],[102,-8]],[[5941,5148],[3,0],[3,-8]],[[5932,5148],[9,0]],[[5870,4578],[-3,0]],[[5867,4554],[0,8],[3,8],[3,0],[0,8],[-3,0]],[[5870,4578],[0,0]],[[5924,4406],[-14,0],[-3,0],[-9,54],[-5,0]],[[5867,4554],[-11,0]],[[5856,4554],[-3,0],[-6,0]],[[5847,4554],[-2,0],[-3,0],[0,-8],[0,-15],[-3,0],[0,-8],[0,-8],[-3,-15]],[[5893,4460],[-3,-15],[-11,-24],[0,-7],[0,-8],[-6,-31],[-3,-8],[-3,0]],[[5867,4367],[-3,8],[-2,0]],[[5873,4554],[3,0],[8,-31],[6,-16],[3,0],[0,-47]],[[5867,4554],[6,0]],[[5842,4601],[-3,8],[-3,31],[-11,70],[-3,24],[0,8]],[[5822,4742],[0,23],[0,8]],[[5762,4867],[-5,8],[-9,0]],[[5765,4875],[-3,-8]],[[5796,4789],[-2,0],[-3,7],[-3,8],[0,8],[-3,8],[0,8],[3,0],[0,7],[-6,16],[-3,0],[-2,8],[-6,8],[-3,8],[-3,0]],[[5808,4773],[-3,8],[-3,0],[0,8],[-3,0],[-3,0]],[[5796,4789],[0,0]],[[5819,4781],[-11,-8]],[[6001,5054],[2,-8],[3,0],[6,0],[3,-7],[3,-16],[2,-16],[3,0],[-11,-47],[0,-7],[3,-8]],[[6009,5078],[6,-8],[11,0]],[[6001,5054],[2,8],[3,8],[0,8],[3,0]],[[5927,4593],[0,24]],[[5717,4914],[0,7],[3,16],[8,23],[6,32],[3,0],[0,8],[-3,7],[0,8],[-3,8],[0,8],[-3,0],[0,8],[0,7],[0,8],[3,24]],[[5748,4875],[-6,0],[0,7],[0,8],[3,8],[3,0],[0,8],[-3,8]],[[5745,4914],[-3,0],[-5,-8],[-3,-8],[-3,0]],[[5731,4898],[-3,0],[-3,8],[-2,0],[-3,0],[0,8],[-3,0]],[[5748,4875],[-14,-40],[-3,-7],[0,-8],[0,-24],[-6,-54],[-5,-8],[-9,-16],[-8,-31]],[[6006,4953],[3,0],[0,-8]],[[5998,4937],[3,8],[2,8],[3,0]],[[5992,4953],[3,-8],[3,-8]],[[5984,4921],[2,0],[0,8],[0,8],[3,8],[3,8]],[[6012,4945],[3,0]],[[6009,4945],[3,0]],[[5984,4929],[0,-8]],[[5981,4914],[0,7],[0,8],[3,0]],[[5981,4914],[3,0],[0,-8],[0,-16],[0,-8],[2,-7],[3,-16],[0,-8],[0,-8],[3,-39]],[[6015,4945],[0,-8],[3,0],[0,-8],[2,0]],[[6020,4929],[0,-8]],[[6020,4929],[0,0]],[[6020,4921],[3,0]],[[6020,4921],[0,0]],[[6023,4921],[0,-7],[0,-8],[3,-8],[0,-8],[3,0],[3,0],[0,-8],[3,0],[2,0],[0,-7],[3,0],[0,-8],[9,-8],[0,-8],[3,0],[2,-8],[9,0]],[[6023,4921],[0,0]],[[6020,5101],[0,-8],[6,-23]],[[6052,5132],[0,8],[2,0],[3,0],[3,8],[3,8],[0,15],[0,24]],[[6032,5132],[20,0]],[[6020,5101],[0,8],[9,23],[3,0]],[[6026,5070],[3,-8],[3,0],[5,-8],[3,-8],[3,-7],[3,-24],[8,-23],[3,0]],[[6083,5007],[3,0]],[[6057,4992],[14,15],[3,0],[9,0]],[[6063,5195],[-14,23],[-3,0],[0,8],[-3,8],[-3,15],[0,8],[-3,0],[-2,8],[-6,8],[-6,8],[-5,8],[-15,85],[3,8],[0,8],[0,8],[-3,16],[0,7],[0,8],[3,8],[0,8],[0,8],[-3,7],[0,8],[-2,0],[0,8],[-3,0],[0,8],[-3,0],[0,8],[0,7],[0,8],[0,8],[3,0],[-3,0],[0,8],[0,8],[8,15],[-11,24]],[[6063,5195],[8,-16],[3,0]],[[6074,5179],[26,8]],[[6026,4843],[3,0],[3,-8],[5,-23],[3,-16],[3,-7],[3,0],[0,-8]],[[6001,4804],[19,39],[6,0]],[[5995,4812],[6,-8]],[[5992,4804],[3,0],[0,8]],[[5924,4406],[0,-8],[3,0],[3,0],[0,-8],[2,0],[0,-8],[3,0],[0,-7],[3,0],[0,-8],[0,-8],[3,0],[0,-8],[3,-8],[0,-7],[0,-8],[3,0],[0,-8],[0,-8]],[[5949,4312],[0,0]],[[5947,4312],[2,0]],[[5924,4593],[-6,0],[-3,0]],[[5915,4593],[-2,0],[0,-8],[-3,0],[0,-7],[3,0],[0,-8],[-3,0],[0,-8],[-3,-8],[0,-8],[0,-7]],[[5927,4593],[-3,0]],[[5907,4539],[3,0],[-3,0]],[[5907,4539],[0,-8],[3,0],[0,-8]],[[5907,4539],[0,0]],[[5910,4523],[0,-8]],[[5910,4523],[0,0]],[[5910,4515],[3,0],[0,-8],[-3,0],[0,-7],[0,-8],[0,-8]],[[5910,4515],[0,0]],[[5913,4484],[0,0]],[[5910,4484],[3,0]],[[5913,4484],[0,-8],[2,-8],[0,-8],[0,-7],[0,-8],[3,0],[0,-8]],[[5918,4437],[-3,0],[3,0]],[[5918,4437],[0,-8]],[[5918,4429],[3,0],[0,-8],[0,-7],[3,-8]],[[5927,4593],[3,0],[2,-8],[6,0],[3,0],[0,-7]],[[5944,4585],[11,-39]],[[5941,4578],[3,0],[0,7]],[[5967,4554],[2,0],[0,-8],[6,-23],[3,-8],[3,-8],[3,0],[0,-7],[0,-8],[-3,-8],[0,-8],[3,0],[2,-8]],[[5955,4546],[3,0],[3,0],[6,8]],[[5862,4375],[0,-8],[0,-8],[0,-8],[0,-8],[2,-7],[0,-8],[3,0],[0,-8],[3,0],[0,-8],[3,-8],[3,0],[0,-8],[14,0]],[[5907,4359],[3,-8],[3,-15],[0,-8]],[[5890,4296],[3,0],[0,8],[0,8],[3,0],[0,8],[2,0],[0,8],[0,8],[0,7],[0,8],[0,8],[6,0],[3,0]],[[5791,4632],[0,-7],[0,-24],[0,-55],[0,-23],[0,-16],[0,-7],[3,-8],[0,-8],[2,-8],[9,-16],[3,0]],[[5808,4460],[3,0],[0,8],[5,0],[17,24],[3,8]],[[5862,4375],[0,23],[0,8],[0,8],[0,15],[0,8],[-3,0],[3,0],[0,8],[-3,0],[0,8],[-6,0],[0,7],[-3,0],[-3,0],[-2,8],[-3,0],[0,8],[-6,16],[0,8]],[[5847,4375],[-5,7]],[[5842,4382],[-43,-15]],[[5862,4375],[-15,0]],[[5924,4336],[3,0],[5,-16],[3,0],[9,-8],[3,0]],[[5913,4328],[8,0],[0,8],[3,0]],[[5949,4312],[15,0]],[[5913,4328],[5,-8],[3,-8],[3,-8],[0,-8],[3,0],[0,-7],[3,0],[0,-8],[-3,-8],[0,-8],[0,-23],[-3,0],[-3,-8],[-3,0],[-3,-8],[-2,-8],[-3,0]],[[5910,4218],[-3,8],[-3,0]],[[5904,4226],[-3,-8],[-5,-7],[0,-8]],[[6043,4320],[-23,-16]],[[6020,4304],[-56,8]],[[5964,4312],[0,-8],[0,-47],[0,-7],[0,-8],[3,-8],[0,-8],[0,-8],[-3,-7],[0,-16],[-3,-8],[0,-8],[-3,0],[-3,-8],[0,-7],[-3,-8],[0,-8]],[[4960,7234],[3,0],[-3,7]],[[4957,7234],[0,0]],[[4954,7218],[0,8]],[[4954,7226],[3,8]],[[4960,7234],[0,0]],[[4957,7234],[3,0]],[[4923,7234],[0,7]],[[4920,7234],[3,0]],[[4917,7234],[3,0]],[[4917,7234],[0,0]],[[4914,7226],[3,0],[0,8]],[[4914,7226],[0,0]],[[5028,6804],[0,8],[-3,0],[0,8],[-3,0],[0,7],[0,8],[0,8],[-3,0],[0,8],[3,8],[0,8],[0,7]],[[5028,6804],[0,0]],[[5056,7031],[0,0]],[[5056,7031],[3,0],[0,-8],[3,0],[3,-8]],[[4849,7241],[0,8],[3,0]],[[4849,7241],[0,0]],[[4846,7241],[3,0]],[[4855,7218],[-3,0]],[[4852,7218],[0,8],[-3,0],[0,8],[0,7]],[[4855,7218],[3,0],[0,8],[-3,0]],[[4855,7226],[0,-8]],[[4855,7218],[0,0]],[[4852,7210],[0,8]],[[4855,7210],[-3,0]],[[4852,7210],[0,0]],[[4858,7202],[0,8],[-3,0]],[[4855,7210],[0,0]],[[5025,7187],[0,8],[3,0],[0,7],[3,0]],[[5019,7179],[3,0],[0,8],[3,0]],[[5019,7179],[0,0]],[[5017,7171],[0,8]],[[5017,7179],[2,0]],[[5011,7124],[0,8],[3,0],[0,8],[-3,0],[0,8],[0,8],[3,0],[0,7],[-3,0],[3,0],[0,8],[0,8],[3,0]],[[4999,7132],[0,0]],[[4997,7132],[2,0]],[[4999,7132],[3,0]],[[5002,7132],[3,0],[0,-8],[3,0]],[[5002,7132],[0,0]],[[5008,7124],[3,0]],[[5008,7124],[0,0]],[[4985,7171],[-3,0]],[[4988,7163],[0,8],[-3,0]],[[4985,7171],[0,0]],[[4994,7163],[-3,0]],[[4991,7163],[-3,0]],[[4997,7156],[-3,7]],[[4994,7163],[0,0]],[[5002,7140],[0,8],[-3,8]],[[4999,7156],[-2,0]],[[4999,7140],[0,0]],[[4997,7132],[0,8],[2,0]],[[5002,7140],[0,0]],[[4999,7140],[3,0]],[[4971,7179],[0,0]],[[4974,7179],[0,-8],[3,0]],[[4971,7179],[3,0]],[[4980,7171],[2,0]],[[4980,7171],[0,0]],[[4977,7171],[0,0]],[[4977,7171],[3,0]],[[5017,6882],[2,-8],[3,0]],[[5014,6874],[3,0],[0,8]],[[5011,6874],[3,0]],[[5005,6843],[3,8],[0,8],[0,8],[3,7]],[[5002,6851],[0,0]],[[4994,6843],[3,0],[2,0],[0,8],[3,0]],[[5002,6851],[0,-8],[3,0]],[[4994,6843],[0,0]],[[4985,6820],[0,7],[3,8],[3,0],[0,8],[3,0]],[[5019,6976],[-2,0]],[[4900,6984],[-3,0],[0,-8],[0,-8]],[[4900,6968],[0,-8]],[[4897,6968],[3,0]],[[4903,6960],[0,-8],[3,0],[-3,0],[0,-7],[3,-8],[3,0],[0,-8],[3,0]],[[4900,6960],[3,0]],[[4912,7226],[2,0]],[[4906,7218],[0,8],[3,0],[3,0]],[[4903,7218],[3,0]],[[4900,7218],[3,0]],[[4897,7218],[3,0]],[[4895,7210],[0,8],[2,0]],[[4878,7218],[2,0]],[[4878,7210],[0,8]],[[4880,7218],[0,-8],[3,0],[3,0]],[[4880,7218],[0,0]],[[4869,7218],[3,-8]],[[4863,7202],[3,0],[3,8],[-3,0],[3,0],[0,8]],[[4889,7210],[3,0]],[[4886,7210],[3,0]],[[4875,7210],[3,0]],[[4875,7210],[0,0]],[[4892,7210],[0,0]],[[4872,7210],[3,0]],[[4872,7210],[0,0]],[[4895,7210],[0,0]],[[4892,7210],[3,0]],[[4863,7202],[0,0]],[[4858,7202],[3,0],[2,0]],[[4858,7202],[0,0]],[[4997,7132],[0,-8]],[[4997,7124],[2,0],[0,-8],[0,-7]],[[4999,7109],[0,0]],[[4999,7109],[-2,0],[0,-8]],[[4997,7101],[-3,0]],[[4994,7101],[0,-8],[3,-8],[-3,0]],[[4994,7085],[-3,0]],[[4991,7085],[-3,0],[0,-8],[0,-7],[3,0]],[[4991,7070],[0,0]],[[4971,7179],[-3,0]],[[4968,7179],[-3,0]],[[4965,7179],[-2,0],[0,-8]],[[4963,7171],[2,0],[0,-8],[-2,0],[0,-7],[0,-8],[0,-8],[2,0]],[[4963,7171],[0,0]],[[4965,7140],[3,0],[0,-8]],[[4965,7140],[0,0]],[[4985,7140],[0,0]],[[4980,7140],[2,0],[3,0]],[[4974,7140],[0,-8]],[[4968,7132],[3,0],[0,8],[3,0]],[[4980,7140],[0,0]],[[4977,7132],[3,0],[0,8]],[[4988,7140],[3,0],[-3,0]],[[4988,7140],[3,0],[0,-8],[3,-8]],[[4985,7140],[3,0]],[[4968,7132],[0,0]],[[4977,7132],[0,0]],[[4974,7132],[3,0]],[[4994,7124],[3,0]],[[4917,6999],[0,-8],[3,0]],[[4914,6999],[3,0]],[[4914,6999],[0,0]],[[4909,6984],[3,0],[0,7],[2,0],[0,8]],[[4920,6991],[0,0]],[[4909,6991],[0,-7]],[[4903,6984],[3,0],[3,7]],[[4900,6984],[3,0]],[[4977,7195],[-3,0],[-3,0]],[[4971,7195],[-3,0],[0,-8]],[[4968,7187],[3,0]],[[4971,7187],[3,0],[3,0]],[[4977,7187],[3,0]],[[4980,7187],[0,-8]],[[4977,7195],[0,0]],[[4977,7187],[0,8]],[[5019,6976],[0,8],[-2,0],[-3,0]],[[5014,6984],[0,7]],[[5014,6984],[-3,0]],[[5011,6984],[0,0]],[[5011,6976],[0,8]],[[5011,6984],[-3,0],[3,0]],[[5017,6976],[-3,0]],[[5014,6976],[-3,0]],[[5017,6976],[0,0]],[[5830,1758],[0,-8],[-2,0]],[[5828,1750],[-3,0]],[[5825,1750],[-3,0]],[[5822,1750],[0,-8]],[[5816,1750],[-3,0]],[[5813,1750],[0,-8]],[[5813,1750],[-2,0]],[[5822,1750],[-3,0],[-3,0]],[[5811,1750],[0,0]],[[5811,1750],[-3,-8]],[[5808,1742],[-3,0]],[[5805,1742],[0,-8]],[[5805,1734],[-3,0]],[[5802,1734],[-3,-8],[3,0],[0,-7]],[[5802,1719],[0,0]],[[5802,1719],[0,-8]],[[5802,1711],[-3,0]],[[5799,1711],[-3,0]],[[5796,1711],[0,0]],[[5796,1711],[-2,0],[0,-8],[-3,-8],[0,-8],[-3,0]],[[5785,1695],[-3,0]],[[5782,1695],[-3,0],[0,-8],[-2,0]],[[5788,1687],[0,8],[-3,0]],[[5785,1695],[0,0]],[[5777,1687],[0,0]],[[5777,1687],[-3,0]],[[5774,1687],[0,0]],[[5774,1687],[-3,0],[-3,-7]],[[5768,1680],[0,0]],[[5768,1680],[-3,0],[0,-8],[-3,0],[0,-8],[0,-8],[-3,0]],[[5759,1656],[0,0]],[[5853,1750],[0,0]],[[5856,1750],[0,-8]],[[5853,1750],[3,0]],[[5864,1742],[3,0]],[[5862,1742],[2,0]],[[5859,1742],[0,-8]],[[5856,1742],[3,0]],[[5862,1742],[0,0]],[[5873,1742],[3,0],[0,-8]],[[5876,1734],[0,-8]],[[5870,1742],[3,0]],[[5859,1734],[3,8]],[[5870,1742],[0,0]],[[5867,1742],[3,0]],[[5879,1734],[0,-8],[2,0]],[[5876,1734],[3,0]],[[5884,1726],[0,-7],[3,0],[0,-8],[3,-8]],[[5881,1726],[3,0]],[[5893,1711],[3,-8]],[[5893,1703],[0,8]],[[5893,1703],[0,0]],[[5890,1703],[3,0]],[[5833,1765],[0,8],[-3,0],[-2,0],[-3,0],[-3,0],[0,8],[0,8],[3,8],[0,15],[0,-7],[3,7],[0,8],[2,8],[0,8],[3,0],[3,0],[0,-8],[3,0],[3,0],[0,8],[3,8],[0,7],[0,8],[0,-8],[2,8],[-2,0],[0,8],[-3,0],[3,0],[2,0],[3,0],[0,8],[0,-8],[3,8]],[[5853,1750],[0,8],[3,0],[0,7],[3,0],[0,8],[0,8],[3,0],[2,0],[3,0],[0,8],[3,0],[-3,8]],[[5867,1797],[-3,0],[-2,0],[0,8],[-3,0],[0,7],[3,0],[0,8],[2,0],[3,0],[3,0],[0,8],[3,8],[-3,0],[3,0],[0,8],[0,7],[3,0],[0,8],[-3,0],[0,-8],[-3,0],[0,8],[0,-8],[0,8],[-3,0],[0,-8],[3,0],[-3,0],[0,-7],[0,7],[-3,0],[0,-7],[-2,7],[0,8],[0,8],[0,8]],[[5862,1875],[2,0]],[[5864,1875],[3,8],[0,7],[-3,0],[-2,-7]],[[5845,1765],[0,-7],[2,0],[0,-8]],[[5839,1758],[0,7],[3,0],[3,0]],[[5833,1765],[0,-7]],[[5833,1758],[3,0]],[[5830,1758],[3,0]],[[5836,1758],[3,0]],[[5836,1758],[0,0]],[[5850,1750],[0,0]],[[5847,1750],[3,0]],[[5850,1750],[3,0]],[[5811,1906],[-3,0],[0,8],[-3,0],[-3,0],[-3,0],[0,8],[0,7]],[[5828,1890],[-3,8],[-3,0],[-3,8],[0,8],[-3,8]],[[5816,1922],[0,-8],[-3,0],[-2,0],[0,-8]],[[5836,1898],[0,0]],[[5836,1898],[-3,0],[-3,-8]],[[5850,1890],[0,8],[-3,0],[-2,0]],[[5845,1898],[-3,0]],[[5842,1898],[-3,0]],[[5839,1898],[-3,0]],[[5830,1890],[0,0]],[[5830,1890],[-2,0]],[[5847,1890],[3,0]],[[5850,1883],[-3,0],[0,7]],[[5853,1875],[-3,8]],[[5850,1883],[0,0]],[[5862,1883],[-3,0],[-3,0],[0,7],[3,0],[3,0],[0,8],[2,0],[0,8],[3,0],[3,0],[0,-8],[3,-8],[3,0],[-3,0],[0,-7],[0,-8],[3,0],[3,0],[-3,-8],[3,0],[2,0],[3,0],[3,0],[3,0],[3,0],[3,0],[2,0],[0,8],[3,0],[0,8],[0,7],[3,0],[0,8],[3,0],[0,8],[3,0],[3,0],[2,0],[3,0],[3,8],[-3,8],[3,0],[0,7],[0,8],[3,0],[3,0],[3,0],[0,-8],[2,0],[3,0],[3,8],[-3,8],[0,8],[-3,0],[0,8],[0,8],[3,0],[0,7],[0,-7],[3,0],[3,0],[0,7],[3,0],[3,0],[0,-7],[0,7],[2,0],[0,-7],[0,7],[3,0],[3,0]],[[5864,1875],[0,8],[-2,0]],[[5862,1875],[0,0]],[[5856,1875],[3,0],[3,0]],[[5856,1875],[0,0]],[[5853,1875],[3,0]],[[5828,1476],[0,8]],[[5828,1484],[-3,0],[3,0]],[[5828,1476],[0,0]],[[5825,1476],[3,0]],[[5825,1476],[0,0]],[[5825,1469],[0,7]],[[5822,1469],[3,0]],[[5822,1469],[0,0]],[[5791,1469],[3,0],[2,0],[0,-8]],[[5791,1469],[0,0]],[[5819,1469],[3,0]],[[5819,1469],[0,0]],[[5785,1461],[3,0],[0,8],[3,0]],[[5816,1461],[0,8],[3,0]],[[5785,1469],[0,-8]],[[5779,1453],[3,0],[0,8],[3,0]],[[5799,1461],[3,0],[0,-8],[3,0]],[[5796,1461],[3,0]],[[5816,1461],[0,0]],[[5813,1453],[0,8],[3,0]],[[5777,1461],[0,-8],[2,0]],[[5774,1461],[3,0]],[[5774,1461],[0,0]],[[5811,1461],[0,-8]],[[5811,1453],[2,0]],[[5808,1453],[3,0]],[[5805,1453],[0,0]],[[5813,1453],[0,0]],[[5808,1453],[0,0]],[[5805,1453],[3,0]],[[5759,1656],[-2,0],[-3,16],[5,15],[-5,0],[0,8],[-3,0],[0,-8],[0,-7],[0,-8],[-3,0],[0,-8],[0,-8],[-3,0],[-3,8],[0,8],[0,8],[0,7],[-8,0],[0,8],[-3,0],[0,8],[3,8],[-3,8],[-3,0],[3,15],[0,8],[0,8],[-3,0],[-3,0],[-8,15],[3,8],[-3,8],[-6,0],[0,16],[-3,0],[3,15],[-3,0],[6,0],[0,8],[-8,0],[0,-8],[-3,0],[0,-7],[-3,0],[0,-16],[-3,0],[-3,0],[0,23],[-3,0]],[[5759,1656],[0,-8],[-2,-8],[0,-7],[0,-8],[-3,0],[0,-8],[3,0],[-3,-23],[-3,-16],[-9,-31],[-2,-8],[0,-8],[2,0],[0,-8],[3,0]],[[5745,1523],[3,-8],[3,0],[0,-7],[3,0],[3,-16],[2,0],[0,-8],[3,-8],[3,-7],[3,0]],[[5745,1523],[0,0]],[[5771,1469],[0,-8],[3,0]],[[5768,1469],[3,0]],[[5774,1461],[0,-16],[0,-8],[0,-7],[0,-8],[-3,0],[0,-8]],[[5771,1414],[-6,0]],[[5765,1414],[-3,-8],[-3,0],[-2,0],[-3,-8],[-3,0],[-3,0],[-3,-8],[0,-7],[0,-8],[-5,0],[-3,0]],[[5737,1375],[0,0]],[[5737,1375],[0,-8]],[[5737,1367],[-3,0]],[[5935,1719],[0,7]],[[5913,1719],[0,0]],[[5921,1719],[3,0]],[[5918,1719],[3,0]],[[5910,1719],[3,0]],[[5904,1711],[3,0],[0,8],[3,0]],[[5915,1719],[3,0]],[[5913,1719],[2,0]],[[5927,1719],[3,-8]],[[5924,1719],[3,0]],[[5932,1719],[3,0]],[[5930,1711],[2,8]],[[5904,1711],[0,0]],[[5901,1711],[3,0]],[[5898,1711],[3,0]],[[5896,1703],[0,8],[2,0]],[[5896,1703],[0,0]],[[5876,1617],[3,8],[0,8],[2,0],[3,0],[0,7],[3,0],[3,0],[0,8],[3,0],[0,8],[-3,0],[0,8],[3,0],[0,8],[0,8],[0,7],[0,8],[3,0],[0,8]],[[5896,1703],[-3,0]],[[5876,1625],[0,-8]],[[5870,1601],[0,8],[0,8],[3,0],[3,8]],[[5873,1508],[3,0],[0,-8],[0,-8],[3,-8],[2,0],[0,-8],[-2,0],[0,-7],[-3,0],[3,-8],[-3,0],[3,0],[2,0],[0,-8],[0,8],[3,0],[3,0],[0,-8],[3,0],[3,0],[3,0],[2,-8],[3,0],[3,0],[0,-8],[0,-7],[3,0],[0,-8]],[[5734,1367],[0,-8],[3,0],[0,-8],[-3,0],[0,-7],[-3,-8],[-3,0]],[[5728,1336],[-3,0]],[[5725,1336],[-2,0],[-3,-8],[-6,0],[0,-8]],[[5714,1320],[-3,0]],[[5711,1320],[-3,0],[0,-8],[3,0],[0,-7],[0,-8],[3,-8],[-3,0]],[[5706,1289],[0,0]],[[5706,1289],[0,-8],[-3,0],[-3,-8],[0,-8],[-6,-15],[0,-8],[6,0]],[[5711,1289],[0,0]],[[5711,1289],[-3,0],[-2,0]],[[5703,1242],[8,0],[3,0],[3,-8],[3,0],[0,-8],[-6,-7],[0,-8],[3,0]],[[5700,1242],[3,0]],[[5717,1211],[3,0],[3,-8],[-3,0],[0,-8]],[[5717,1211],[0,0]],[[5592,1359],[-3,0],[0,8],[3,0],[0,8],[0,8],[-3,7],[0,8],[0,8],[0,8],[-2,0],[0,16],[0,7],[0,8],[0,8],[-3,0],[0,8],[-3,0],[0,8],[-3,0]],[[5578,1469],[-3,0]],[[5575,1469],[-3,0]],[[5572,1469],[0,-8],[-3,-8],[-2,-8]],[[5567,1445],[-3,0],[-3,0]],[[5561,1445],[0,-8],[-3,0],[0,-7],[-3,-8],[0,-8]],[[5555,1414],[0,0]],[[5706,1351],[-3,8],[-3,0],[-3,8],[-3,0],[-3,0],[0,8],[-2,0],[-6,8]],[[5683,1383],[-6,-24],[0,-8],[0,-7],[-3,-8],[-2,0]],[[5728,1367],[-3,0],[0,8],[-2,0],[-3,0]],[[5720,1375],[-3,0]],[[5717,1375],[-3,0]],[[5714,1375],[-3,-8],[-3,0],[0,-8],[-2,-8]],[[5734,1367],[-3,8]],[[5731,1375],[-3,-8]],[[5598,1351],[-3,0],[0,8]],[[5595,1359],[3,0]],[[5595,1359],[0,0]],[[5595,1359],[-3,0]],[[5601,1351],[-3,0]],[[5598,1351],[0,0]],[[5604,1344],[-3,0],[0,7]],[[5601,1351],[0,0]],[[5604,1305],[0,7],[-3,8],[0,8],[3,8],[0,8]],[[5604,1344],[0,0]],[[5629,1281],[-3,0],[0,8],[-3,0],[0,8],[-2,8],[0,7],[0,8],[2,8],[0,8]],[[5623,1336],[-2,0],[-3,-8],[-3,-8],[-3,0],[-3,0],[0,-8]],[[5672,1336],[-3,0],[-3,0]],[[5666,1336],[0,0]],[[5666,1336],[-3,0]],[[5663,1336],[-3,-8],[-3,0],[0,-8],[-2,0],[-3,0],[0,-8],[-3,-7],[-3,0],[-3,-8],[-3,0],[0,-8],[0,-8],[-2,0],[-3,0]],[[5609,1312],[-3,8]],[[5606,1320],[0,-8],[0,-7],[-2,0]],[[5635,1281],[-3,0]],[[5632,1281],[-3,0]],[[6318,5851],[0,8],[0,8],[0,7],[0,8],[-3,8],[-3,8],[0,8],[-2,0],[0,7],[0,8],[0,8],[0,8],[2,0],[3,8],[3,8],[3,0],[0,7],[0,8],[-3,8],[-3,0]],[[6301,5851],[6,0]],[[6270,5781],[3,0],[0,7],[0,8],[0,8],[3,8],[2,8],[12,8],[3,0],[2,7],[0,8],[3,0],[0,8],[3,0]],[[6315,5851],[3,0]],[[6307,5851],[8,0]],[[6250,5788],[3,-7],[3,0],[5,0]],[[6244,5773],[3,8],[0,7],[3,0]],[[6267,5781],[3,0]],[[6261,5781],[6,0]],[[6324,5999],[3,0]],[[6321,5999],[3,0]],[[6312,5968],[-2,0],[-3,0],[-3,0],[-3,8],[-3,8],[-3,0]],[[6295,5984],[-2,0],[-12,-16],[-3,0],[0,-8],[-2,-7],[-3,0],[-6,-8],[-3,-8],[-8,-16],[-3,-8],[0,-7],[-3,0],[0,-8]],[[6315,5976],[-3,-8]],[[6250,5898],[-3,8]],[[6247,5906],[0,-8],[-3,-8],[3,-8],[-3,-8]],[[6244,5874],[-2,8]],[[6242,5882],[-3,0],[0,-8],[0,-7],[3,0],[0,-8],[-3,0],[-3,0],[-3,0],[-3,-8],[-3,0],[-2,0],[0,-8]],[[6222,6109],[3,0],[8,-8]],[[6205,6101],[17,8]],[[6242,6101],[8,0],[3,-8],[6,-8],[0,-7],[2,0]],[[6233,6101],[6,0],[3,0]],[[6199,6101],[6,0]],[[6267,6085],[3,0],[0,-7],[0,-8],[3,0]],[[6261,6078],[3,0],[3,7]],[[6290,6070],[3,0],[5,-24],[0,-15],[3,0],[0,-8],[3,0],[8,0],[0,-8],[3,0],[6,-8],[0,-8]],[[6284,6062],[6,8]],[[6276,6070],[2,0],[3,-8],[3,0]],[[6273,6070],[3,0]],[[6315,5976],[0,8],[0,8],[3,0],[0,7],[3,0]],[[6137,6265],[-3,0],[-3,0],[0,8],[-3,8],[-3,7],[0,8],[0,8],[3,31]],[[6151,6265],[-14,0]],[[6159,6273],[3,0],[20,-8],[0,-8],[3,0],[3,0],[3,-8],[14,0]],[[6151,6265],[8,8]],[[6210,6249],[3,0],[6,-7],[3,-8],[5,0],[3,0],[0,-8],[0,-8],[3,0],[0,-8],[6,-7],[-3,-8],[-26,-39],[-2,-8],[-3,0],[0,-8],[0,-23],[0,-8],[-6,-8]],[[6205,6249],[3,0],[2,0]],[[6199,6101],[0,0]],[[6199,6101],[-11,-8],[-12,-15],[-5,0],[-9,-16],[-3,0],[-2,-8]],[[6335,5359],[65,15],[3,0]],[[6312,5374],[9,-15],[3,0],[3,0],[8,0]],[[6327,5999],[0,8],[-3,0],[0,8],[3,0],[0,8],[5,15],[12,47],[0,8],[3,8],[2,0],[3,8],[14,15]],[[6327,5999],[2,0],[0,-7],[3,0],[0,-8],[0,-8],[9,-8],[3,0],[3,0],[0,-8],[2,0],[3,-7],[3,-8],[3,0],[3,0],[3,0],[5,-16],[3,0]],[[6378,5929],[3,0],[2,-8],[0,-8],[3,0],[9,-7],[0,-8],[3,0],[0,-110],[0,-7],[11,-16],[6,-16],[2,-7],[3,-8],[0,-8],[0,-8],[0,-15],[-8,-172],[-9,-157]],[[6372,5929],[6,0]],[[6395,5187],[8,187]],[[6312,5374],[-11,32],[-3,8],[0,7],[-3,0],[0,8],[3,8],[0,8],[0,8],[3,0],[0,7],[-3,0],[0,8],[-3,0],[0,8],[-2,8],[-3,8]],[[6233,5398],[3,16],[0,7],[0,8],[3,0],[3,8],[0,8],[0,8],[0,7]],[[6239,5281],[0,-16],[3,-8]],[[6236,5281],[3,0]],[[6242,5265],[2,0],[0,-8],[0,-8],[3,0],[6,0],[3,-7],[3,-8]],[[6242,5257],[0,8]],[[6267,5257],[0,-8],[3,0],[0,-7],[3,0],[0,-8],[3,-8],[2,0],[0,-8]],[[6259,5234],[2,0],[0,15],[3,0],[0,8],[3,0]],[[6278,5218],[0,0]],[[6312,5374],[0,-7],[0,-8],[-2,0],[0,-8],[0,-16],[0,-7],[0,-8],[-3,0],[-3,0],[-3,-8],[-3,0],[0,-8],[0,-8],[-3,0],[-5,-15],[-3,-8],[0,-8],[3,0],[0,-8],[0,-15],[-3,-8],[3,-8],[-3,-8],[0,-8]],[[6287,5210],[0,0]],[[6244,5773],[-2,8],[-3,15],[0,8],[-3,0],[-3,0],[0,8],[-3,0],[3,23],[-3,8],[-5,0]],[[6244,5773],[0,-8],[-2,-8],[0,-8],[0,-7],[0,-16],[0,-8]],[[6182,5906],[-3,0],[0,7],[0,8],[0,8],[0,8]],[[6188,5828],[-3,0],[0,7],[-3,0],[3,24],[-3,8],[0,7],[0,8],[3,24],[-3,0]],[[6182,5906],[0,0]],[[6225,5843],[-3,8],[-9,0]],[[6213,5851],[-3,0],[-2,0],[0,-8],[-3,0],[0,-8],[-3,0],[-3,0]],[[6199,5835],[-3,0]],[[6196,5835],[-8,-7]],[[6256,5640],[-3,0],[0,8],[-6,23],[0,8],[0,8],[-3,16],[-2,0],[0,7],[0,8]],[[6273,5609],[-3,0],[0,8],[0,7],[0,8],[0,8],[-3,0],[-6,0]],[[6261,5640],[-5,0]],[[6290,5492],[-9,23],[0,8],[0,16],[0,15],[3,8],[0,8],[0,23],[0,8],[0,8],[-3,0],[-3,8]],[[6278,5617],[-5,-8]],[[6227,5460],[-2,8],[0,8],[-3,0]],[[6222,5476],[0,-8],[-3,0],[0,-8],[3,-7],[-3,0],[0,-8],[0,-8],[-3,0],[0,-8],[-3,0],[-3,0],[-2,-8],[0,-7],[2,0],[3,0],[0,-8],[-3,-8],[3,-8],[0,-8],[0,-8],[3,0],[3,-7],[3,0]],[[6242,5460],[0,8],[-3,0]],[[6239,5468],[-3,-8],[-3,0],[-3,0],[-3,0]],[[6230,5398],[3,0]],[[6227,5398],[3,0]],[[6222,5367],[3,0],[0,7],[2,16],[0,8]],[[6236,5281],[-3,0],[0,-8],[-3,0],[0,-8]],[[6236,5398],[3,0],[0,-8],[-3,-8],[0,-8],[3,-7],[0,-8],[-3,0],[0,-8]],[[6233,5398],[3,0]],[[6236,5351],[-3,0]],[[6233,5351],[-3,0],[-3,0]],[[6227,5351],[-2,0]],[[6225,5351],[0,-23],[0,-8],[2,0]],[[6230,5320],[3,0],[0,-8],[3,-16],[0,-7],[0,-8]],[[6227,5320],[3,0]],[[6278,5476],[3,0],[0,8],[6,0],[3,8]],[[6276,5484],[2,0],[0,-8]],[[6247,5437],[3,0],[0,8],[3,0],[6,15],[5,8],[3,0],[0,8],[3,0],[3,0],[0,8],[3,0]],[[6242,5460],[2,0],[3,-15],[0,-8]],[[6242,5718],[-3,8]],[[6239,5726],[-3,0],[-3,-8],[3,-8],[0,-7],[-3,0],[0,-8],[-6,-8],[-2,0],[-3,-8],[0,-8],[3,0],[2,-8],[-2,0],[-3,-7],[-3,0],[-3,-8],[-8,-16],[0,-8],[-3,-7],[-3,0]],[[6162,5663],[-3,8],[-2,0],[0,8],[-3,0]],[[6154,5679],[-3,0],[-3,0],[-3,0]],[[6171,5656],[-3,0],[0,7]],[[6168,5663],[-3,0],[-3,0]],[[6191,5609],[-3,0],[0,8],[0,7],[-3,8],[-3,0],[0,8],[0,8],[3,0],[0,8],[-3,0],[0,7]],[[6182,5663],[-3,-7],[-5,0],[-3,0]],[[6202,5617],[-3,0],[-3,0]],[[6196,5617],[-3,-8],[-2,0]],[[6179,5937],[3,0],[0,16],[3,0],[0,7],[3,8],[3,0],[0,8],[-3,0],[-3,8],[-3,0],[0,8],[-3,31],[-3,0],[-2,8],[0,7],[-3,0],[-3,0],[0,8],[-9,0],[-2,0],[0,8]],[[6086,6085],[-3,0],[-6,24],[-3,0],[-5,8]],[[6069,6117],[-3,0],[-3,0],[-3,0],[-6,-8],[-2,0],[-3,0]],[[6049,6109],[-3,0],[-3,0]],[[6043,6109],[-3,0],[-3,0]],[[6137,6054],[-6,0],[0,8],[-3,0],[-3,0],[-3,8],[0,8],[0,7],[0,16],[-2,8]],[[6120,6109],[-3,-8],[-3,0],[0,-8],[0,-8],[-3,0]],[[6111,6085],[-6,0],[-2,0],[-3,0],[-3,0]],[[6097,6085],[-9,0],[-2,0]],[[6145,6054],[-3,0],[0,8]],[[6142,6062],[-3,0],[0,-8],[-2,0]],[[6145,6054],[0,0]],[[6148,6046],[-3,8]],[[6157,6054],[-3,0]],[[6154,6054],[-3,0],[-3,-8]],[[6137,5945],[0,8],[-3,0],[0,7],[0,8],[-3,0],[-3,0],[-3,0],[0,8],[-3,0],[0,8],[0,8],[-2,0]],[[6120,5992],[-6,-8]],[[6114,5984],[-3,0],[-3,8],[-3,0]],[[6105,5992],[-8,-8],[-3,-8]],[[6097,5976],[3,0],[0,-8],[0,-8],[0,-15],[0,-8],[3,0],[2,-8],[3,0],[0,-8],[-3,-8],[0,-7],[0,-8],[0,-8],[3,0]],[[6094,5976],[3,0]],[[6162,5937],[-3,0],[-2,8],[-3,0],[-3,0],[0,8],[-3,0]],[[6148,5953],[0,-8]],[[6148,5945],[-3,8],[-3,0]],[[6142,5953],[-3,-8],[-2,0]],[[6179,5937],[-3,0]],[[6176,5937],[-11,0],[-3,0]],[[6108,5890],[3,0],[3,-8],[3,0],[0,-8],[5,-7],[0,-8],[0,-8],[3,-8],[3,0],[0,-8],[0,-15],[0,-24],[0,-8],[-3,0]],[[6108,5890],[0,0]],[[6125,5788],[-3,0]],[[6122,5788],[-2,0],[0,-7],[-3,0]],[[6117,5781],[-3,0]],[[6114,5781],[-3,0],[0,-8],[0,-8]],[[5241,5054],[-6,-39],[0,-39],[0,-8],[0,-8],[0,-7],[0,-8],[-3,0],[0,-8],[-3,0],[0,-8],[0,-8]],[[5172,5000],[0,-8],[3,-16],[3,-23],[0,-8],[3,-8],[0,-16]],[[5172,5000],[-5,15],[0,8],[0,8],[-6,47]],[[5172,5000],[-2,-16],[-3,-8],[-3,0]],[[5164,4976],[0,0]],[[5164,4976],[-6,-8],[0,-8],[-3,-15],[-5,-16],[-6,-8]],[[5144,4921],[-3,8]],[[5141,4929],[-3,0],[0,-8],[0,-7]],[[5138,4914],[-2,0]],[[5136,4914],[0,-8],[-3,0],[0,-8],[0,-8],[-3,0]],[[5130,4890],[0,0]],[[5130,4890],[-3,0],[-3,-8]],[[5124,4882],[-3,0]],[[5121,4882],[0,-7],[0,-8],[6,0],[0,-8],[-3,0],[0,-8],[0,-8],[0,-8],[0,-7]],[[5127,4828],[0,-8],[3,0]],[[5127,4828],[0,0]],[[5124,4828],[3,0]],[[5258,5046],[-6,8]],[[5252,5054],[-11,0]],[[5170,5304],[17,0],[2,0],[-5,-15],[0,-8],[0,-8],[0,-8],[0,-8],[3,0],[2,-8],[0,-7],[6,-8],[3,-16],[3,0],[14,-31],[6,-8],[3,-8],[5,-39],[0,-8],[3,0],[3,-7],[3,0],[0,-16],[3,-47]],[[5170,5304],[0,0]],[[5258,5046],[2,0],[0,-15],[3,-8],[0,-16],[3,-7],[3,-8],[0,-8],[3,-8]],[[5275,4984],[2,0],[3,0],[0,-8],[3,0],[3,-8],[3,0],[0,-8],[3,-7],[0,-8],[0,-8],[-9,-8],[0,-8],[3,-7],[0,-8],[0,-8],[0,-8],[0,-8],[-3,0]],[[5272,4976],[3,8]],[[7640,5742],[-3,0],[0,7]],[[7640,5726],[0,8],[0,8]],[[7640,5742],[0,0]],[[7608,5656],[0,-8],[3,0]],[[7600,5640],[3,0],[3,8],[0,8],[2,0]],[[7611,5656],[3,0],[0,-8]],[[7611,5648],[0,8]],[[7614,5648],[3,0]],[[7611,5648],[0,0]],[[7591,5710],[3,0],[0,8],[0,8],[3,0],[0,8],[0,8],[0,7],[-3,8],[3,0],[0,8],[0,8],[0,8],[0,7],[-3,0],[0,8],[0,8],[0,8],[0,8]],[[7583,5718],[3,0]],[[7586,5718],[3,0],[0,-8],[2,0]],[[7594,5820],[0,8],[3,7]],[[7631,5796],[-3,8],[0,8],[0,8]],[[7637,5781],[-3,0],[0,7],[0,8]],[[7634,5796],[-3,0]],[[7637,5749],[0,8],[0,8],[0,8],[0,8]],[[7637,5781],[0,0]],[[7586,5703],[-3,0],[3,15]],[[7589,5687],[0,8],[-3,8]],[[7586,5703],[0,0]],[[7591,5679],[0,8],[-2,0]],[[7589,5687],[0,0]],[[7591,5679],[0,0]],[[7591,5671],[0,8]],[[7594,5663],[-3,0],[0,8]],[[7591,5671],[3,0]],[[7594,5656],[0,7]],[[7594,5663],[3,0],[-3,0]],[[7594,5663],[0,0]],[[7594,5656],[0,0]],[[7600,5640],[-3,0],[0,8],[-3,8]],[[7637,5749],[-3,-7]],[[7634,5742],[0,0]],[[7634,5742],[-3,0],[0,-8],[0,-8],[0,-8],[-3,0]],[[7628,5718],[-3,0]],[[7625,5718],[0,0]],[[7625,5718],[0,-8],[-2,0],[0,-7],[2,0],[-2,0],[2,-8],[-2,0]],[[2961,2867],[-3,0],[0,8],[-3,0],[0,8],[0,7]],[[2955,2890],[-3,0]],[[2975,2804],[-3,0],[0,8],[-3,0],[0,8],[-3,0],[0,8],[-3,0],[3,0],[-3,8],[0,7],[0,8],[-2,8],[0,8]],[[2961,2867],[0,0]],[[2983,2804],[3,0],[0,-7],[3,0],[3,0],[0,-8],[3,0]],[[2980,2804],[3,0]],[[2980,2804],[0,0]],[[2978,2797],[0,7]],[[2978,2804],[2,0]],[[2975,2804],[0,0]],[[2975,2804],[3,0]],[[2997,2789],[0,-8],[3,0]],[[2995,2789],[2,0]],[[3000,2781],[3,0],[0,-8],[3,0],[0,-8],[0,-15],[0,-8],[0,-8],[-3,0],[0,-8],[-3,0],[-3,0],[0,-8],[-2,0],[0,-7],[0,-8]],[[3000,2781],[0,0]],[[2972,2797],[-3,0],[-3,7],[-5,8],[0,8],[-3,0]],[[2958,2820],[0,-8],[0,-8],[-3,0],[3,0],[0,-7],[0,-8],[0,-8],[3,0],[0,-8],[2,-15],[0,-8],[0,-8],[3,0],[0,-8],[0,-8],[0,-8],[0,-7],[0,-8]],[[2975,2804],[0,-7],[-3,0]],[[2972,2797],[0,0]],[[2980,2711],[0,-8]],[[2980,2703],[3,0],[3,0]],[[2978,2703],[2,0]],[[2978,2703],[0,0]],[[2972,2703],[3,0],[3,0]],[[2966,2703],[-3,0]],[[2963,2703],[3,-8]],[[2972,2703],[0,0]],[[2966,2695],[3,0],[0,8],[3,0]],[[3003,2968],[0,-7],[-3,-24],[-3,-8],[0,-7],[0,-8],[3,0],[0,-8],[3,0],[0,-8],[3,-8],[3,0],[0,-7],[3,0],[0,-8],[0,-8],[0,-8],[0,-8],[2,0],[6,-8]],[[3023,2843],[3,0],[3,0],[2,-7],[6,-8]],[[3020,2843],[3,0]],[[3048,2836],[3,0]],[[3046,2828],[2,0],[3,0],[-3,0],[0,8]],[[3054,2836],[0,0]],[[3051,2836],[3,0]],[[3037,2828],[9,0]],[[3037,2828],[0,0]],[[2980,2976],[0,-8]],[[2980,2968],[3,0],[3,-7]],[[2972,2968],[6,0],[2,0]],[[3000,2968],[0,0]],[[2992,2961],[3,0],[2,7],[3,0]],[[3003,2968],[0,0]],[[3000,2968],[3,0]],[[2972,2968],[0,0]],[[2969,2968],[3,0]],[[2969,2968],[0,0]],[[2989,2961],[0,0]],[[2986,2961],[3,0]],[[2986,2961],[0,0]],[[2989,2961],[3,0]],[[3009,2992],[5,0],[12,23],[3,0],[2,0],[3,8],[3,0],[0,8],[3,8],[0,8],[3,0],[0,7],[0,8],[5,8]],[[3006,3000],[3,0],[0,-8]],[[3003,2968],[0,8],[3,8],[0,8],[0,8]],[[2935,3281],[3,0],[3,-8],[3,0],[2,0],[3,-8],[3,0]],[[2915,3218],[3,0],[3,0],[3,8],[3,0],[5,0],[3,8],[3,8],[-3,8],[0,7],[0,16],[0,8]],[[2915,3218],[0,0]],[[2912,3211],[0,7],[3,0]],[[2912,3211],[0,0]],[[2910,3187],[2,0],[0,8],[-2,0],[0,8],[0,8],[2,0]],[[2907,3195],[3,-8]],[[2895,3179],[3,0],[3,0],[0,8],[3,0],[0,8],[3,0]],[[2941,2906],[-3,-8],[0,-8],[-3,-7],[3,0],[0,-8]],[[2938,2875],[3,0],[3,-8],[0,-8],[0,-8]],[[2938,2875],[0,0]],[[2944,2851],[0,0]],[[2944,2851],[0,-8],[0,-7]],[[2944,2836],[0,-8]],[[2944,2836],[-3,0]],[[2941,2836],[0,-8],[0,-8],[-3,0]],[[2938,2820],[-3,0]],[[2935,2820],[-3,-8],[3,0],[0,-8]],[[2938,2820],[0,0]],[[2935,2804],[-3,0],[-3,0],[0,8]],[[2929,2812],[-2,0],[0,-8],[0,-7],[2,0],[0,-8],[0,-8],[0,-8],[3,-8],[0,-7],[0,-8],[-3,0]],[[2929,2750],[0,0]],[[2929,2750],[-5,0],[-3,0]],[[2878,3382],[-3,0],[-2,8],[0,8],[-3,8],[-3,0],[-6,0],[-3,8],[-2,8],[-3,0],[-3,7]],[[2893,3375],[-3,0],[0,7],[-3,0],[0,8],[-3,0]],[[2884,3390],[-3,-8],[-3,0]],[[2907,3312],[3,8],[0,8],[0,8],[0,15],[0,8],[-3,8],[-3,8],[-3,0],[-3,0]],[[2898,3375],[-3,0],[-2,0]],[[2898,3320],[3,0],[3,-8],[3,0]],[[2895,3179],[3,8],[0,8],[0,8],[3,8],[0,7],[0,8],[-8,39],[0,8],[0,8],[0,16],[0,7],[0,8],[2,8],[3,0]],[[2938,3101],[-6,8],[0,8],[0,8],[0,7],[0,8],[0,8],[3,0],[0,8],[0,8],[3,0],[0,8],[0,7],[-3,0],[-3,0]],[[2932,3179],[-3,-7],[-2,0],[-3,-8],[-3,-8],[0,-8],[-3,0],[0,-8],[0,-8],[-3,0],[0,-7],[-3,0],[-5,-8]],[[2907,3117],[-3,0],[0,8],[-3,0],[0,7],[0,8],[0,8],[-3,0],[0,16],[-3,8],[0,7]],[[2895,3179],[0,0]],[[2893,3172],[-3,0],[0,7],[0,8],[-3,0],[0,8]],[[2887,3195],[-3,0],[0,-8],[0,-8],[-3,0]],[[2881,3179],[-3,0],[-3,0],[0,8],[-2,0]],[[2873,3187],[-3,-8]],[[2895,3179],[-2,-7]],[[2938,3008],[3,0],[0,7],[3,0],[0,8],[2,0],[0,8],[-2,0],[0,8],[-3,8],[0,15],[0,8],[0,8],[0,8],[-3,7],[0,8]],[[2938,3101],[-9,-15],[-5,0]],[[2924,3086],[-3,0]],[[2921,3086],[-6,-8],[-3,0],[-2,0]],[[2910,3078],[-3,0]],[[2907,3078],[-3,0],[-3,0],[0,-8],[0,-8],[0,-15],[0,-8],[-3,0]],[[2898,3039],[-3,0],[-5,0],[-3,0],[0,8],[-3,0],[-3,0]],[[2881,3047],[-3,0],[-3,-8]],[[2850,3429],[-3,16],[0,8],[0,8],[-3,7],[0,8],[3,8],[0,8],[3,0],[0,8],[0,7],[0,8],[0,16],[3,8],[-3,0],[0,8],[0,7],[0,8],[0,8],[-3,0],[0,8],[0,8],[-3,7],[0,8],[0,8],[0,8]],[[2850,3429],[-3,0],[0,-7],[0,-8],[0,-8],[3,-16],[0,-8],[3,0],[3,-7],[2,0],[3,0],[0,-8],[0,-8],[0,-8],[-3,0],[0,-8],[0,-7],[-2,0],[-3,0]],[[2850,3336],[-3,0]],[[2847,3336],[0,-8],[0,-8],[-3,-8],[0,-8]],[[2844,3304],[3,0]],[[2853,3336],[0,0]],[[2853,3336],[-3,0]],[[2969,2968],[0,-7],[-3,0],[0,-8],[-3,-8],[-2,0],[0,-8]],[[2963,2937],[3,0],[0,-8],[0,-7],[-3,-8],[0,-8],[0,-8],[-2,0],[-3,-8],[-3,0]],[[2961,2937],[2,0]],[[2946,2890],[-2,0],[0,8],[-3,0],[0,8]],[[2952,2890],[-3,0]],[[2949,2890],[-3,0]],[[2952,2890],[0,0]],[[2969,2968],[-3,0],[0,8],[0,16],[0,8],[-3,0],[0,8],[-2,0],[-3,0]],[[2958,3008],[-3,-8],[0,-8],[-3,0]],[[2941,2984],[0,8],[-3,0],[0,8],[0,8]],[[2952,2992],[0,0]],[[2952,2992],[-3,0],[-3,0]],[[2946,2992],[-2,0]],[[2944,2992],[-3,-8]],[[2921,2914],[3,0],[3,0]],[[2910,2859],[0,8]],[[2910,2867],[2,0],[3,8],[3,8],[3,0],[0,7],[-3,0],[3,0],[0,8],[0,8],[0,8]],[[2932,2914],[3,0],[3,0]],[[2929,2914],[3,0]],[[2927,2914],[2,0]],[[2927,2914],[0,0]],[[2938,2914],[3,-8]],[[2938,2914],[0,0]],[[2924,3015],[3,0],[2,-7],[3,-8]],[[2895,3000],[6,0],[9,8],[2,0],[3,0],[6,7],[3,0]],[[2932,3000],[6,8]],[[2895,3008],[0,-8]],[[2890,3000],[3,0],[2,8]],[[2887,3000],[3,0]],[[2884,2984],[3,0],[0,8],[0,8]],[[2881,2984],[3,0]],[[3054,2836],[0,-8],[0,-8],[0,-8],[0,-8],[-3,0],[0,-7],[-3,0],[-2,-24],[-3,0],[0,-8],[0,-7],[0,-8],[0,-8],[0,-8],[-3,0],[0,-8]],[[3040,2726],[-3,0]],[[3037,2726],[0,-8],[0,-7],[-3,0],[0,-8],[0,-8],[3,0]],[[3037,2695],[0,-8],[0,-8],[0,-7],[0,-8],[0,-8]],[[3037,2695],[0,0]],[[3057,2836],[20,-24]],[[3054,2836],[3,0]],[[3077,2812],[17,24]],[[2921,2750],[0,-8],[0,-8],[0,-8],[0,-8],[3,0],[-3,0],[0,-7],[3,0]],[[2927,2711],[2,0],[0,-8],[0,-8],[3,0],[0,-8],[0,-8],[0,-7]],[[2924,2711],[3,0]],[[2907,2836],[-3,-8],[0,-8],[0,-8],[-3,0],[0,-8]],[[2904,2804],[3,0],[3,0],[0,-7],[0,-8],[0,-8],[-3,0],[0,-8],[3,0],[-3,0],[0,-8],[3,0],[2,0],[0,-7],[3,0],[3,-8],[3,0]],[[2901,2804],[3,0]],[[2907,2836],[0,7],[0,8],[3,0],[0,8]],[[2870,3047],[0,0]],[[2875,3039],[-2,0],[-3,8]],[[2881,2984],[0,8],[-3,0],[0,8],[0,8],[0,7],[-3,0],[0,8],[0,8],[0,8]],[[2881,2984],[0,-8],[0,-8],[3,-7],[0,-8],[3,0],[0,-8]],[[2887,2945],[3,0],[0,-8],[0,-8],[3,0],[0,-7],[2,-8]],[[2887,2945],[0,0]],[[2898,2914],[3,0],[0,-8],[3,0],[3,0],[0,-8],[0,-15],[3,0],[0,-8],[-3,0],[0,-8],[3,0]],[[2895,2914],[3,0]],[[2907,2836],[-3,0],[-3,0],[-3,0]],[[2898,2836],[0,0]],[[2898,2836],[-3,0],[0,-8],[-2,-8],[-3,-8]],[[3009,2703],[3,-8],[0,-8],[2,0],[-2,0],[2,-8],[-2,0],[0,-7],[2,0],[3,0]],[[3006,2687],[3,8],[0,8]],[[2995,2703],[2,-8],[3,0]],[[3003,2695],[3,0],[0,-8]],[[3000,2695],[3,0]],[[3023,2679],[3,0]],[[3023,2672],[0,7]],[[3026,2679],[0,-7],[3,0]],[[3026,2679],[0,0]],[[3031,2672],[0,-8],[3,0],[0,-8],[3,0]],[[3029,2672],[2,0]],[[3020,2672],[3,0]],[[3017,2672],[3,0]],[[2986,2703],[0,-8],[-3,0]],[[2983,2695],[0,0]],[[2983,2695],[-3,0],[0,-8],[0,-8],[0,-7],[-2,-8],[0,-8],[-3,0]],[[2946,2640],[-2,0],[0,8],[-3,0],[0,8],[-3,0],[0,8],[-3,0],[-3,8]],[[2975,2656],[-3,0]],[[2972,2656],[0,-8]],[[2972,2648],[-3,0],[-3,0]],[[2966,2648],[-3,0],[-2,0],[-3,0]],[[2958,2648],[-3,0]],[[2955,2648],[0,-8],[-3,0],[0,-7],[-3,0]],[[2949,2633],[0,7]],[[2949,2640],[0,8]],[[2949,2640],[-3,0]],[[2989,2703],[-3,0]],[[2986,2703],[0,0]],[[2995,2703],[-3,0]],[[2992,2703],[-3,0]],[[2989,2703],[0,0]],[[3043,2601],[0,8],[-3,0],[0,8],[0,8],[-3,8],[0,7],[0,8],[0,8]],[[2932,2672],[-5,-8],[-3,0],[0,-8],[0,-8],[-3,0]],[[3046,2593],[0,8],[-3,0]],[[3043,2601],[0,0]],[[3051,2593],[0,8]],[[3051,2601],[-3,0]],[[3048,2601],[-2,-8]],[[3060,2531],[0,8],[3,0],[0,8],[2,0],[-2,7],[-3,0],[0,8],[-3,0],[0,8],[-3,8],[3,0],[0,8],[-3,0],[0,7],[0,8]],[[3054,2601],[-3,0]],[[3043,2601],[-3,-15],[0,-8],[-3,0],[0,-8],[0,-8]],[[3037,2562],[-3,0]],[[3034,2562],[-3,0],[-2,-8],[0,-7],[-3,-8],[-3,-8],[3,0],[0,-8],[3,0],[0,-8],[-3,-7],[0,-8],[-3,0]],[[3065,2515],[-2,8],[-3,8]],[[3071,2508],[-3,0],[-3,0],[0,7]],[[3065,2515],[0,0]],[[3074,2500],[-3,0],[0,8]],[[3071,2508],[0,0]],[[3074,2500],[0,0]],[[3060,2531],[-3,0],[0,8],[-3,0]],[[3054,2539],[-3,-8],[0,-8],[0,-8],[-3,-7],[-2,0],[0,-8],[-3,-8],[0,-8],[-3,0],[0,-8],[-3,0],[-3,-7],[-3,-8]],[[3060,2531],[0,0]],[[2864,2945],[3,0],[-3,0]],[[2864,2945],[0,-8]],[[2864,2937],[3,0]],[[2861,2937],[3,0]],[[2867,2937],[0,0]],[[2870,2937],[0,-8]],[[2867,2937],[3,0]],[[2870,2929],[0,0]],[[2870,2929],[-3,0],[0,-7],[3,0]],[[2873,2922],[2,0],[0,-8],[-2,0],[2,0],[0,-8]],[[2870,2914],[0,8]],[[2870,2922],[3,0]],[[2870,2922],[0,0]],[[2870,2914],[0,0]],[[2875,2906],[0,0]],[[2875,2906],[0,-8],[3,0],[0,-8],[-3,0],[0,-7],[-2,0],[0,-8]],[[2822,3375],[0,7],[-3,0],[0,8],[-3,8],[3,8],[0,8],[3,0],[0,8],[0,7],[0,8],[0,8],[0,8],[0,8],[0,7],[0,8],[-3,8],[0,8]],[[2839,3304],[0,8],[0,8],[0,8],[-3,8],[0,7],[-3,0],[0,8],[-3,0],[-3,8],[0,8],[-3,8],[-2,0]],[[2822,3375],[0,0]],[[2762,3523],[3,0],[3,8]],[[2751,3531],[3,0],[0,-8],[2,0]],[[2759,3523],[3,0]],[[2756,3523],[3,0]],[[2802,3422],[0,15],[-3,0],[0,8],[0,8],[3,0],[0,8],[3,0]],[[2799,3422],[3,0]],[[2796,3382],[3,0]],[[2799,3382],[0,8],[0,8],[0,8],[0,8],[0,8]],[[2799,3343],[-3,0],[3,8],[-3,0],[0,8],[3,0],[3,0],[0,8],[0,8],[3,0],[0,7],[-3,0]],[[2802,3382],[-3,0]],[[2799,3382],[0,0]],[[2802,3328],[-3,8],[0,7]],[[2799,3343],[0,0]],[[2802,3304],[0,8],[3,8],[0,8],[-3,0]],[[2802,3328],[0,0]],[[2793,3390],[-3,0],[-2,8],[2,0],[0,8],[-2,0],[-3,8],[0,8]],[[2785,3422],[-3,-8],[3,-8],[0,-8],[-3,0],[0,-8],[-9,0],[0,-8],[-2,-7],[-3,0],[0,-8],[-3,-8],[0,-8]],[[2796,3382],[0,8]],[[2796,3390],[-3,0]],[[2858,3218],[-2,0],[0,8],[0,8],[0,8],[-3,0],[0,8],[0,7],[3,0],[-3,0],[0,8],[-3,0],[0,8],[0,8],[0,8],[-3,8],[0,7]],[[2870,3179],[0,8],[0,16],[0,8],[-3,0],[0,7],[-3,0],[-3,0],[-3,0]],[[2858,3218],[0,0]],[[2867,3179],[0,8]],[[2867,3187],[-3,0],[-3,0]],[[2861,3187],[-3,0]],[[2858,3187],[0,0]],[[2870,3179],[0,0]],[[2870,3179],[-3,0]],[[2867,3179],[0,0]],[[2844,3304],[-3,0]],[[2841,3304],[-2,0]],[[2810,3250],[-3,0],[0,7],[0,8],[-2,8],[-3,0],[-3,0],[0,8],[3,8],[-3,0],[3,15]],[[2839,3304],[0,-7],[2,0],[0,-8],[0,-8],[3,0],[0,-8],[0,-8]],[[2844,3265],[0,0]],[[2844,3265],[-3,0],[0,-8],[0,-7],[-2,0]],[[2819,3257],[-3,0]],[[2816,3257],[-3,0]],[[2827,3257],[-3,0],[-2,0]],[[2822,3257],[-3,0]],[[2813,3257],[0,0]],[[2813,3257],[-3,0],[0,-7]],[[2830,3242],[0,8],[-3,0],[0,7]],[[2827,3257],[0,0]],[[2836,3250],[0,0]],[[2836,3250],[-3,0],[0,-8],[-3,0]],[[2839,3250],[0,0]],[[2839,3250],[-3,0]],[[2802,3304],[-3,0],[-3,0]],[[2796,3304],[-6,-7],[0,-8]],[[2870,3047],[0,7],[0,8],[-3,0],[0,8],[0,8],[0,8],[-3,0],[0,7],[3,8],[3,24],[3,0],[0,7],[2,0],[-2,0],[0,8],[-3,0],[0,8],[-3,0],[-3,8],[-3,8],[0,8],[-3,0],[0,7],[0,8]],[[2870,3047],[-6,-8],[-3,0],[0,-8],[0,-8],[-3,0],[-2,0],[0,-8],[-3,0]],[[2847,3031],[-3,0]],[[2847,3031],[0,8],[-3,0]],[[2844,3039],[0,-8]],[[2844,3031],[0,-8],[-3,0]],[[2853,3015],[-3,0],[0,8],[-3,8]],[[2847,3031],[0,0]],[[2850,3226],[-3,0]],[[2850,3226],[0,-8],[0,-7],[3,0],[3,-8],[2,-8],[0,-8]],[[2844,3218],[3,0],[0,8]],[[2841,3218],[3,0]],[[2830,3172],[3,7],[0,8],[0,8],[3,8],[3,8],[2,0],[0,7]],[[2830,3172],[0,0]],[[2822,3148],[0,8],[0,8],[2,0],[3,8],[3,0]],[[7033,6335],[0,8]],[[7033,6343],[-3,0],[3,0]],[[7033,6343],[0,8],[-3,0],[0,8]],[[7030,6359],[-3,-8],[-3,0],[0,-8],[-3,0]],[[7021,6343],[0,0]],[[7021,6343],[-2,0],[-3,0]],[[7016,6343],[0,0]],[[7036,6312],[-3,0],[0,8],[0,7],[0,8]],[[7041,6281],[0,7],[0,8],[3,8],[-3,0]],[[7041,6304],[0,8]],[[7041,6304],[-3,0]],[[7036,6296],[0,16]],[[7036,6312],[0,0]],[[7038,6304],[0,0]],[[7038,6304],[-2,0],[0,-8]],[[7075,6577],[3,0],[3,0],[0,-7]],[[7084,6570],[3,0]],[[7081,6570],[3,0]],[[7087,6570],[0,-8],[-3,-8]],[[7087,6570],[0,0]],[[7084,6554],[0,8]],[[7084,6554],[-3,-8],[3,0]],[[7084,6546],[0,-8],[-3,0]],[[7084,6546],[0,0]],[[7081,6538],[0,0]],[[7081,6538],[0,-7],[-3,0],[0,-8],[-3,0],[-3,0],[0,-8],[3,0],[0,-8],[0,-8],[3,-7],[0,-8]],[[7084,6492],[3,0],[2,0],[-2,-8],[0,-8],[-3,0],[0,-8]],[[7078,6484],[3,0],[3,8]],[[7070,6484],[-3,0]],[[7067,6484],[0,-8],[-3,0]],[[7075,6476],[-3,0],[0,8],[-2,0]],[[7070,6484],[0,0]],[[7081,6476],[-3,0],[0,8]],[[7078,6484],[-3,0],[0,-8]],[[7084,6468],[-3,8]],[[7081,6476],[0,0]],[[7064,6476],[-6,0]],[[7058,6476],[-3,0],[0,-8]],[[7055,6468],[0,0]],[[7055,6468],[-2,0],[0,-8]],[[7053,6460],[0,0]],[[7053,6460],[-3,0],[3,0]],[[7053,6460],[0,-8],[2,0],[0,-7]],[[7058,6445],[0,0]],[[7055,6445],[3,0]],[[7058,6445],[3,0],[-3,-8],[-3,0],[0,-8],[-2,0]],[[7053,6429],[0,8]],[[7053,6437],[-3,0],[0,-8],[0,-8],[-3,0],[0,-8]],[[7053,6429],[0,0]],[[7047,6413],[0,0]],[[7047,6413],[0,-7],[6,-16]],[[7053,6390],[-3,0]],[[7050,6390],[-3,0],[0,-8],[-3,-8]],[[7044,6374],[-3,0]],[[7041,6374],[0,-7],[-3,0],[0,-8],[0,-8],[3,0],[0,-8],[0,-8],[0,-8],[6,-39]],[[7118,6484],[3,0],[0,8],[3,0]],[[7002,6078],[14,0],[3,0]],[[6996,6078],[6,0]],[[6942,5796],[6,8],[3,0],[0,8],[0,8],[2,0],[0,8],[3,0],[0,7],[0,8],[3,0],[0,8],[3,8],[0,8],[0,7],[0,8],[3,0],[-3,8],[-6,31],[0,8],[0,8],[-3,39],[0,8],[3,15],[0,8],[3,8],[3,8],[0,8],[6,0],[2,0],[6,7],[3,8],[6,16],[2,0],[3,0],[0,8],[3,0],[0,8],[3,0]],[[7047,6288],[-3,0],[0,-7]],[[7044,6281],[-3,0]],[[7041,6281],[0,-16],[0,-8],[-3,-8],[0,-7],[-2,-8],[0,-8],[-3,-8],[3,0]],[[7036,6218],[0,-8]],[[7036,6210],[0,-7],[-3,-8],[0,-8],[-3,-8],[-3,-8],[-3,0],[0,-8],[0,-15],[3,0],[0,-8]],[[7027,6140],[0,-16],[-3,0],[0,-7],[-3,-8],[0,-8],[0,-8],[-2,0],[0,-8],[-3,0],[3,-7]],[[7027,6140],[0,0]],[[7126,6468],[0,8],[3,0],[0,8],[-3,8]],[[7126,6492],[-2,0]],[[7118,6484],[-3,0],[0,-8],[3,0]],[[7121,6476],[3,0],[0,-8],[2,0]],[[7118,6476],[3,0]],[[7112,6499],[-3,0],[3,0]],[[7112,6499],[-3,0],[0,8],[-3,0]],[[7106,6507],[-2,0],[-3,0],[0,-8],[-3,0],[0,-7]],[[7115,6499],[0,0]],[[7115,6499],[-3,0]],[[7115,6492],[0,7]],[[7115,6492],[3,0]],[[7098,6492],[-3,0]],[[7095,6492],[-3,0],[0,-8],[0,-8],[0,-8],[-3,0],[0,-8],[-2,0]],[[7098,6492],[0,0]],[[7118,6484],[0,8]],[[7118,6484],[0,0]],[[7087,6460],[0,0]],[[7087,6460],[-3,0],[0,-8],[0,-7],[3,0],[-3,0],[0,-8]],[[7078,6445],[-3,0]],[[7075,6445],[0,-8]],[[7084,6437],[-3,0],[0,8],[-3,0]],[[7078,6445],[0,0]],[[7078,6437],[0,-8],[-3,0]],[[7075,6437],[3,0]],[[7072,6429],[0,0]],[[7072,6429],[-2,0],[0,-8],[-3,0],[0,-8],[0,-7],[3,-8]],[[7075,6429],[0,0]],[[7075,6429],[-3,0]],[[7070,6398],[2,0],[-2,-8],[2,0]],[[7070,6398],[0,0]],[[7072,6390],[0,-8],[0,-8],[-2,-7],[0,-8],[-3,0],[0,-8],[-3,-8],[0,-8],[-3,-8],[0,-7],[0,-8],[0,-8],[-3,0],[0,-8]],[[7072,6390],[0,0]],[[7053,6296],[0,0]],[[7053,6296],[-3,0]],[[7058,6296],[-3,0]],[[7055,6296],[-2,0]],[[7050,6296],[0,0]],[[7050,6296],[-3,0],[0,-8]],[[7047,6288],[0,0]],[[7132,6507],[3,0]],[[7132,6507],[0,0]],[[7126,6492],[3,0],[0,7],[3,0],[0,8]],[[7124,6492],[0,0]],[[7041,6031],[-3,0],[-2,7],[-3,8],[-3,16],[0,8],[-3,8],[-3,0],[-3,0]],[[7021,6078],[-2,0]],[[3224,8569],[-3,0],[0,-7]],[[3221,8562],[-2,0]],[[3219,8562],[-3,0]],[[3216,8562],[0,0]],[[3216,8562],[-3,0],[-3,-8],[3,0],[3,0]],[[3216,8554],[3,0],[0,-8],[-3,0],[-3,-8]],[[3216,8554],[0,0]],[[3213,8538],[-3,8]],[[3210,8546],[0,-8],[3,0]],[[3213,8538],[3,0],[0,-8]],[[3213,8538],[0,0]],[[3216,8530],[0,0]],[[3216,8530],[-3,0],[3,0]],[[3216,8530],[0,-7],[-3,0],[0,-8],[-3,0],[0,-8],[0,-8],[3,0]],[[3224,8499],[3,0],[-3,0]],[[3224,8499],[-3,0]],[[3221,8499],[0,-8],[0,-7],[0,-8],[0,-8],[3,0],[3,0],[0,-8],[-3,0]],[[3216,8491],[0,8]],[[3216,8499],[3,0],[2,0]],[[3213,8499],[3,0]],[[3213,8499],[0,0]],[[3224,8460],[-3,0],[-2,0],[-3,0],[0,8]],[[3216,8468],[-3,0],[0,-8],[-3,0],[3,0],[-3,-8],[3,0]],[[3216,8452],[3,0]],[[3213,8452],[3,0]],[[3221,8452],[3,0]],[[3219,8452],[2,0]],[[3227,8452],[0,-8],[3,0]],[[3224,8452],[3,0]],[[3241,8452],[3,0],[3,0],[0,-8],[3,0],[0,-7],[-3,0],[-3,0],[-3,0]],[[3238,8444],[3,0],[0,8]],[[3238,8444],[0,0]],[[3230,8444],[3,0],[3,0],[2,0]],[[3241,8437],[-3,0]],[[3238,8437],[-2,0]],[[3236,8437],[0,0]],[[3236,8437],[-3,0],[0,-8],[0,-8],[3,0]],[[3238,8429],[0,-8]],[[3238,8421],[3,0],[-3,-8]],[[3236,8421],[2,0]],[[3238,8413],[0,0]],[[3238,8413],[-2,0],[-3,0],[-3,-8],[0,-7],[-3,0],[-3,0],[0,-8]],[[3227,8390],[0,-8]],[[3224,8390],[3,0]],[[3227,8382],[3,0],[0,-8],[3,0],[0,-8]],[[3227,8382],[0,0]],[[3236,8366],[2,0],[0,-7],[3,0]],[[3233,8366],[3,0]],[[3247,8359],[0,-8],[-3,0],[-3,0],[0,-8],[0,-8],[3,0],[-3,0],[0,-8]],[[3241,8327],[-3,0],[0,-8]],[[3244,8359],[3,0]],[[3241,8359],[3,0]],[[3241,8359],[0,0]],[[3241,8327],[0,-8]],[[3241,8319],[3,0],[-3,0]],[[3241,8319],[0,-7],[-3,0],[0,-8],[0,-8]],[[3238,8319],[3,0]],[[3238,8296],[0,0]],[[3238,8296],[-2,0],[0,-8],[-3,0],[0,-8],[0,-7],[3,0],[2,-8],[0,-8],[-2,0]],[[3236,8257],[-3,0]],[[3233,8257],[-3,0],[3,0]],[[3233,8257],[0,-8]],[[3236,8249],[2,0],[0,-8],[-2,0],[0,-7]],[[3233,8249],[3,0]],[[3238,8234],[3,0],[-3,0]],[[3238,8234],[3,0],[0,-8]],[[3236,8234],[2,0]],[[3244,8226],[3,0]],[[3241,8226],[3,0]],[[3250,8226],[3,0],[-3,0]],[[3247,8226],[3,0]],[[3250,8226],[0,0]],[[3244,8226],[0,-8]],[[3244,8218],[0,0]],[[3244,8218],[-3,0],[0,-8],[3,0],[0,-8]],[[3244,8202],[0,-8],[0,-7],[-3,0],[3,-8],[3,0]],[[3244,8202],[0,0]],[[3250,8179],[3,0]],[[3247,8179],[3,0]],[[3255,8179],[-2,0]],[[3253,8179],[-3,-8]],[[3250,8171],[0,0]],[[3250,8171],[-3,0],[3,0]],[[3250,8171],[-3,0],[-3,0],[3,-8]],[[3159,8171],[-3,0]],[[3156,8171],[3,-8],[0,-8],[-3,0],[3,0],[0,-7],[0,-8],[3,0],[0,-8]],[[3179,8140],[-3,0],[0,8],[-3,0],[-3,0],[0,7],[-2,0],[-3,8],[-3,0],[0,8]],[[3162,8171],[-3,0]],[[3253,8171],[0,-8],[-3,0]],[[3250,8163],[-3,0]],[[3247,8163],[0,-8],[0,-7],[0,-8],[-3,0]],[[3250,8163],[3,8]],[[3159,8124],[-3,0],[0,8],[-3,0],[-2,0],[0,8],[-3,0],[-3,8],[-3,0],[0,7],[-3,0]],[[3139,8155],[0,-7],[0,-8],[3,0],[0,-8],[3,0],[3,-8],[0,-8],[-3,0],[-3,0],[0,-7]],[[3142,8109],[3,0],[-3,0]],[[3216,8124],[-3,0],[0,8],[-3,8],[-3,0],[-3,0],[0,8]],[[3204,8148],[-2,-8],[-3,-8]],[[3244,8140],[-3,0]],[[3241,8140],[0,-8],[-3,0],[0,-8],[3,0],[3,-8]],[[3187,8124],[0,8],[-2,0],[0,8],[-3,0],[-3,0]],[[3179,8140],[0,0]],[[3196,8132],[-3,0]],[[3196,8132],[0,-8],[-3,0]],[[3199,8132],[0,0]],[[3199,8132],[-3,0]],[[3233,8116],[0,8],[-3,0],[-3,8],[-3,0],[-3,0]],[[3221,8132],[0,-8],[-2,0]],[[3162,8132],[-3,0]],[[3159,8132],[0,-8]],[[3193,8124],[-3,0]],[[3190,8124],[-3,0]],[[3219,8124],[-3,0]],[[3216,8124],[0,0]],[[3244,8116],[-3,0]],[[3241,8116],[-3,0]],[[3238,8116],[-2,0]],[[3236,8116],[-3,0]],[[3142,8109],[-3,7],[-3,0]],[[3136,8116],[0,-7],[-2,0]],[[3134,8109],[0,0]],[[3134,8109],[-3,0],[0,-8],[0,-8],[3,-8],[-3,0],[-3,-8],[0,-7],[3,0],[0,-8],[3,0],[0,-8],[2,0],[-2,0],[2,0],[0,-8],[3,0],[0,-8],[3,0],[3,-8],[3,0],[3,0],[2,-7],[-2,0],[0,-8],[0,-8],[0,-8]],[[3145,8007],[0,0]],[[3145,8007],[-3,0],[0,-8],[-3,0],[0,-8],[3,0],[0,-7],[3,-8]],[[3148,7999],[-3,8]],[[3151,7999],[-3,0]],[[3148,7999],[0,0]],[[3168,7991],[2,-7]],[[3170,7984],[0,-8]],[[3159,7976],[3,0],[0,8],[3,0],[0,7],[3,0]],[[3148,7984],[0,-8],[3,0],[2,-8]],[[3145,7976],[3,8]],[[3170,7984],[-2,0]],[[3168,7984],[0,-8],[2,-8],[0,-8]],[[3247,7984],[0,-8],[3,0],[0,-8],[3,0],[0,-8]],[[3230,7921],[0,8],[0,8],[3,8]],[[3233,7945],[0,7]],[[3233,7952],[-3,0],[0,8],[0,8],[3,0],[3,0],[5,8],[3,0],[3,8]],[[3159,7976],[0,0]],[[3156,7968],[0,8],[3,0]],[[3153,7968],[3,0]],[[3153,7968],[0,0]],[[3170,7960],[-2,8]],[[3168,7968],[0,-8],[0,-8],[0,-7]],[[3168,7945],[2,0]],[[3253,7960],[-3,0]],[[3250,7960],[-3,0],[-3,0],[-3,0]],[[3241,7960],[0,0]],[[3241,7960],[-3,0],[-2,0],[0,-8],[-3,0]],[[3233,7945],[3,0],[2,-8]],[[3168,7945],[-3,-8],[3,0],[0,-8],[0,-8],[2,0]],[[3238,7937],[0,0]],[[3241,7937],[3,0],[-3,0]],[[3241,7937],[3,0],[0,-8],[0,-8],[3,0],[0,-8]],[[3247,7913],[-3,0]],[[3238,7937],[3,0]],[[3170,7937],[3,0],[0,-8],[3,0],[0,-8],[3,0]],[[3170,7921],[0,8],[0,8]],[[3230,7921],[0,0]],[[3227,7913],[3,0],[-3,0]],[[3227,7913],[0,8],[3,0]],[[3187,7921],[0,-8]],[[3187,7921],[0,0]],[[3185,7921],[2,0]],[[3182,7921],[3,0]],[[3193,7921],[0,-8],[3,0]],[[3187,7913],[3,0],[3,8]],[[3182,7921],[0,0]],[[3179,7921],[3,0]],[[3244,7913],[-3,8]],[[3241,7921],[0,-8],[3,0]],[[3227,7913],[0,0]],[[3221,7882],[3,0],[0,8],[3,0],[0,8],[0,7],[-3,8],[3,0]],[[3196,7913],[0,-8],[3,-7]],[[3196,7913],[0,0]],[[3199,7905],[0,-7]],[[3199,7898],[3,0],[2,0]],[[3210,7898],[3,0],[3,-8],[3,0],[0,-8],[2,0]],[[3207,7890],[3,0],[0,8]],[[3207,7898],[0,-8]],[[3204,7898],[3,0]],[[3431,7913],[0,-8],[0,-7],[0,-8],[0,-8],[0,-8],[0,-8]],[[3247,7913],[6,0],[2,0],[3,0],[6,0],[6,0],[5,0],[6,0],[6,0],[5,0],[9,0],[8,0],[9,0],[8,0],[9,0],[8,0],[9,0],[11,0],[6,0],[6,0],[8,0],[6,0],[8,0],[6,0],[6,0],[2,0],[6,0],[3,0],[6,0],[2,0],[3,0]],[[5391,5218],[-9,-8],[-14,-23],[-6,-8],[-48,-78],[-8,-8],[-12,-15],[-5,-8],[-3,0]],[[5272,5062],[-12,8]],[[5260,5070],[-2,-24]],[[5286,5070],[-6,0]],[[5280,5070],[-3,-8],[-5,0]],[[5391,5218],[6,16],[22,23],[74,0]],[[5391,5218],[0,-226],[-3,0],[0,-8],[3,-8],[-3,0]],[[5388,4976],[-3,0]],[[5385,4976],[-8,-16],[-6,0]],[[5371,4960],[0,0]],[[5371,4960],[-3,0],[-11,-31],[0,-8],[-6,-15],[0,-8]],[[6131,2828],[-3,0],[0,8],[0,7],[0,8],[0,8],[0,8],[0,8],[3,0],[0,8],[3,0],[0,7],[0,8],[3,0],[0,8],[0,8],[2,0],[0,8],[0,7],[0,8],[0,8],[0,8],[3,0],[0,8]],[[6131,2797],[-3,7],[3,0],[0,8],[3,0],[0,8],[0,8]],[[6134,2828],[-3,0]],[[6139,2750],[-2,0],[0,8],[0,7],[-3,0],[0,8],[0,8],[-3,8],[0,8]],[[6131,2797],[0,0]],[[6009,2570],[3,-8],[0,-8],[3,0]],[[6006,2570],[3,0]],[[6003,2570],[3,0]],[[5986,2492],[0,8],[3,0],[0,8],[0,7],[0,8],[3,0],[3,8],[0,8],[0,8],[3,0],[0,7],[0,8],[3,0],[0,8],[2,0]],[[6018,2554],[2,-7],[3,0],[3,0],[6,-8]],[[6015,2554],[3,0]],[[6188,2804],[0,-7]],[[6188,2797],[3,0],[2,0]],[[6179,2781],[3,0],[0,8],[3,0],[0,8],[3,0]],[[6196,2797],[3,0]],[[6193,2797],[3,0]],[[6179,2781],[0,0]],[[6162,2758],[0,7]],[[6162,2765],[3,0],[3,0],[0,8],[3,0],[3,0],[0,8],[2,0],[3,0]],[[6159,2765],[3,0]],[[6145,2742],[3,8],[3,0],[3,0],[3,8],[2,0],[0,7]],[[6142,2750],[3,-8]],[[6139,2750],[3,0]],[[6139,2750],[0,-8],[-2,0],[-3,0],[-6,-8],[-3,0]],[[6125,2734],[0,8],[-3,0]],[[6122,2742],[0,-8]],[[6122,2734],[-2,0]],[[6120,2734],[-3,0],[0,-8],[-3,0],[-3,0],[0,-8],[-3,0],[-3,-7]],[[6105,2711],[0,0]],[[6105,2711],[-2,-8],[-3,0],[-3,-8],[-3,0],[0,-8],[0,-8],[-3,0]],[[5961,1961],[3,0],[0,-8],[3,0],[2,0],[3,-8],[3,0]],[[5955,1953],[6,8]],[[5975,1945],[3,0],[0,-8],[3,-8],[0,-7],[3,0],[0,-8],[0,-8],[0,-8],[0,-8],[2,0],[0,-7],[3,0],[0,-8],[0,-8]],[[5975,1945],[0,0]],[[5969,2187],[3,0],[0,-8],[3,0]],[[5975,2179],[3,0],[3,-7]],[[5975,2179],[0,0]],[[5984,2172],[2,0],[0,-8]],[[5981,2172],[3,0]],[[5992,2172],[3,0]],[[5989,2164],[0,8],[3,0]],[[5986,2164],[3,0]],[[5986,2164],[0,0]],[[6052,2469],[0,15],[0,8],[0,8],[0,15]],[[6083,2656],[3,0],[2,8],[0,8],[3,0],[0,7]],[[6083,2656],[0,0]],[[6080,2640],[0,8],[3,8]],[[6077,2640],[3,0]],[[6066,2640],[3,0],[8,0]],[[6091,2679],[14,0],[3,0],[0,-7],[0,-8],[3,0]],[[6114,2672],[3,0],[0,-8],[3,0]],[[6111,2664],[3,0],[0,8]],[[6122,2664],[3,0]],[[6120,2664],[2,0]],[[6125,2664],[3,0],[0,-8],[3,0],[0,-8],[3,0],[0,-8],[3,0]],[[6125,2664],[0,0]],[[6137,2640],[2,0],[3,-7],[3,0],[0,-8],[3,0],[3,-8],[0,-8],[3,0],[0,-8],[0,-8],[0,-7],[0,-8],[3,0],[0,-8],[0,-8],[0,-8],[0,-7],[2,0],[0,-8],[0,-8]],[[6137,2640],[0,0]],[[6052,2469],[-3,0],[0,7],[-3,0],[0,8],[0,8],[-3,8],[0,8],[-3,0],[0,7],[0,8],[-3,8],[-2,0],[-3,8]],[[6020,2429],[3,0],[0,8],[0,8],[0,8],[-3,0],[-2,0],[0,8],[2,8],[-2,7],[2,8],[0,8],[0,8],[0,8],[3,7],[0,8],[3,0],[3,0],[0,8],[3,8]],[[6012,2437],[3,0],[0,-8],[3,0],[0,-7]],[[6015,2375],[-3,0],[0,8],[-3,0],[0,7],[-3,0],[0,8],[3,0],[0,8],[3,0],[0,8],[-3,0],[0,8],[3,7],[0,8]],[[6020,2429],[0,0]],[[6018,2422],[2,7]],[[6012,2304],[0,8],[0,8],[-3,0],[3,0],[0,24],[3,23],[0,8]],[[6015,2375],[0,0]],[[6012,2304],[0,0]],[[6009,2289],[0,8],[3,0],[3,0],[0,7]],[[6015,2304],[-3,0]],[[6006,2297],[0,-8],[3,0]],[[6003,2289],[0,8],[3,0]],[[6003,2289],[0,0]],[[6015,2187],[0,8],[3,0],[0,8],[-3,8],[-3,0],[0,23],[-3,0],[-3,0],[-5,24],[0,7],[0,8],[-3,0],[0,8],[3,8],[2,0]],[[6060,2445],[-3,0],[0,8],[-3,0],[0,8],[-2,8]],[[6074,2390],[0,8],[3,0],[-3,0],[0,8],[0,8],[0,8],[-3,0],[-2,0],[0,7],[-3,8],[3,0],[-3,0],[-3,0],[0,8]],[[6063,2445],[-3,0]],[[6074,2383],[3,0],[0,7]],[[6077,2390],[-3,0]],[[6015,2187],[-3,0],[0,-8]],[[6012,2179],[-3,0]],[[6009,2179],[-3,0]],[[6006,2179],[-3,0]],[[6003,2179],[-2,0],[-3,-7],[-3,0]],[[5995,2172],[0,0]],[[5995,2172],[-3,-8],[0,-8],[-3,0],[3,-8],[3,-8],[0,-7],[0,-8],[3,0],[0,-8],[0,-8],[0,-8],[-3,0],[0,-7],[0,-8],[3,-8],[0,-8],[3,0],[2,0],[0,-8],[3,-8],[0,-7],[3,0],[0,-8],[3,0],[0,-8],[0,-8],[-3,0],[3,0],[0,-8]],[[6012,2015],[3,0],[-3,-7],[0,-8]],[[6012,2015],[0,0]],[[6012,2000],[3,0],[-3,0]],[[6012,2000],[0,-8],[0,-8],[0,-8],[0,-7]],[[6012,2000],[0,0]],[[6012,1969],[3,0]],[[6012,1969],[0,0]],[[6015,1969],[0,-16],[3,-16]],[[6015,1969],[0,0]],[[6026,1937],[3,-8],[-6,-7],[0,-8],[3,0],[3,-8]],[[6018,1937],[2,0],[3,0],[3,0]],[[6035,2203],[2,0],[3,8],[3,0],[3,0]],[[6035,2203],[0,0]],[[6023,2187],[3,0],[0,8],[3,0],[3,8],[3,0]],[[6020,2187],[3,0]],[[6020,2187],[0,0]],[[6018,2187],[2,0]],[[6015,2187],[3,0]],[[6381,2469],[0,-8],[2,0],[0,-8]],[[6381,2469],[0,0]],[[6378,2469],[3,0]],[[6375,2469],[3,0]],[[6372,2469],[3,0]],[[6389,2469],[3,0],[0,-8],[3,0],[0,-8],[3,0]],[[6383,2453],[3,8],[3,0],[0,8]],[[6400,2453],[3,0],[3,0],[3,0]],[[6400,2453],[0,0]],[[6398,2453],[2,0]],[[6372,2469],[0,0]],[[6361,2453],[3,8],[2,0],[3,0],[0,8],[3,0]],[[6355,2461],[3,0]],[[6358,2461],[0,-8]],[[6361,2461],[0,-8]],[[6358,2461],[3,0]],[[6361,2453],[0,0]],[[6349,2422],[0,7],[0,8],[3,0],[0,8],[0,8],[3,8]],[[6344,2429],[3,0]],[[6347,2429],[0,-7]],[[6344,2422],[0,7]],[[6347,2429],[2,-7]],[[6344,2422],[0,-8],[0,-8],[0,-8],[0,-8],[-3,0],[0,-7],[0,-8],[0,-8],[3,0],[0,-8],[3,0],[-3,0],[3,-8]],[[6349,2351],[0,-7],[0,-8],[0,-8]],[[6347,2351],[2,0]],[[6349,2328],[0,-8],[0,-8],[3,0],[0,-8],[-3,0],[0,-7]],[[6329,2429],[-2,0]],[[6327,2429],[0,-7],[-3,0],[-3,0],[0,-8],[3,0],[0,-8],[0,-8],[0,-8],[3,0],[0,-7],[0,-8],[0,-8],[2,-8],[-2,0],[0,-8]],[[6327,2351],[2,0],[0,-7],[-2,0]],[[6338,2422],[-3,0],[0,7],[-3,0]],[[6332,2429],[-3,0]],[[6341,2422],[0,0]],[[6341,2422],[-3,0]],[[6344,2422],[-3,0]],[[6310,2351],[-3,0],[0,8]],[[6315,2344],[-3,7]],[[6312,2351],[-2,0]],[[6327,2344],[0,7]],[[6327,2351],[-3,0],[0,-7],[-3,0]],[[6318,2344],[-3,0]],[[6315,2344],[0,0]],[[6318,2344],[0,0]],[[6321,2344],[-3,0]],[[6349,2297],[0,0]],[[6352,2297],[3,0],[0,-8],[3,0]],[[6349,2297],[3,0]],[[6358,2289],[3,0]],[[6361,2289],[0,-8]],[[6358,2289],[0,0]],[[6403,2289],[0,-8]],[[6398,2281],[2,8],[3,0]],[[6361,2289],[3,0],[0,-8],[0,-8],[2,0]],[[6392,2289],[3,0],[0,-8],[3,0]],[[6392,2281],[0,8]],[[6398,2289],[0,-8]],[[6389,2289],[3,-8]],[[6383,2273],[3,0],[3,0],[0,8],[0,8]],[[6383,2273],[0,0]],[[6378,2265],[3,0],[0,8],[2,0]],[[6366,2273],[3,0],[0,-8],[3,0]],[[6366,2273],[0,0]],[[6372,2273],[3,-8]],[[6372,2265],[0,8]],[[6378,2265],[0,0]],[[6375,2265],[3,0]],[[6417,2765],[3,0],[-3,0]],[[6417,2765],[0,-7]],[[6412,2750],[0,8],[3,0],[-3,0],[3,0],[0,7],[2,0]],[[6417,2758],[3,-8],[3,0]],[[6417,2758],[0,0]],[[6426,2750],[3,0],[0,-8],[3,0]],[[6423,2750],[3,0]],[[6440,2750],[0,-8],[3,0]],[[6434,2742],[3,0],[3,8]],[[6434,2742],[0,0]],[[6432,2742],[2,0]],[[6443,2742],[0,-8],[3,0],[0,-8],[3,0],[0,-8],[2,0],[0,-7],[3,-8],[0,-8],[3,-8]],[[6443,2742],[0,0]],[[6409,2453],[0,-8],[3,0],[0,-8],[0,-8],[0,-7],[0,-8],[0,-8],[0,-8],[0,-8],[-3,0],[0,-7],[3,-8],[-3,-8],[0,-8],[0,-8],[3,-7],[-3,-8],[0,-8],[0,-8]],[[6409,2320],[0,-8],[0,-8],[-3,0]],[[6406,2304],[0,-7],[0,-8],[-3,0]],[[6417,2515],[-2,0],[0,8],[0,8],[-3,0],[0,8],[0,8],[-3,0],[3,0],[-3,7],[0,8]],[[6412,2469],[3,0],[0,7],[0,8],[0,8],[0,8],[2,0],[0,8],[0,7]],[[6417,2515],[0,0]],[[6412,2469],[0,0]],[[6409,2453],[3,8],[0,8]],[[6417,2586],[3,0]],[[6415,2578],[2,0],[0,8]],[[6420,2586],[0,-8],[3,0]],[[6420,2586],[0,0]],[[6412,2578],[3,0]],[[6412,2578],[0,0]],[[6409,2562],[0,8],[0,8],[3,0]],[[6415,2578],[0,0]],[[6426,2578],[0,-8],[3,0],[0,-8],[0,-8],[3,0],[-3,0],[0,-7],[3,0]],[[6432,2547],[0,-8]],[[6423,2578],[3,0]],[[6423,2578],[0,0]],[[6437,2547],[0,0]],[[6434,2547],[3,0]],[[6432,2547],[2,0]],[[6457,2687],[0,0]],[[6454,2679],[3,0]],[[6457,2679],[0,8]],[[6454,2679],[0,0]],[[6451,2664],[0,8]],[[6451,2672],[3,0],[0,7]],[[6449,2664],[2,0]],[[6446,2656],[3,0],[0,8]],[[6446,2656],[0,0]],[[6443,2656],[3,0]],[[6443,2656],[0,0]],[[6443,2648],[-3,0],[0,8],[3,0]],[[6443,2640],[0,8]],[[6443,2648],[0,0]],[[6437,2547],[3,0],[0,7],[0,8],[3,0],[0,8],[3,0],[0,8],[0,8],[-3,0],[-3,7],[0,8],[3,0],[0,8],[0,8],[0,8],[0,8],[0,7]],[[6443,2640],[0,0]],[[6403,2281],[0,-8],[0,-8],[0,-7],[3,0]],[[6406,2258],[0,-8]],[[6417,2273],[0,-8],[3,0]],[[6415,2258],[0,7],[0,8],[2,0]],[[6420,2265],[3,0],[0,-7],[3,0]],[[6420,2265],[0,0]],[[6426,2258],[3,0]],[[6426,2258],[0,0]],[[6412,2258],[3,0]],[[6409,2258],[3,0]],[[6409,2258],[0,0]],[[6406,2258],[3,0]],[[6406,2250],[0,0]],[[6457,2679],[3,0],[0,-7]],[[6466,2679],[2,-7],[0,-8],[0,-8],[0,-8],[3,-8],[-3,0],[0,-7],[0,-8],[3,0],[0,-8],[0,-8]],[[6466,2672],[0,7]],[[6463,2679],[3,-7]],[[6460,2672],[3,7]],[[6103,3750],[0,7]],[[6100,3750],[3,0]],[[6097,3742],[3,8]],[[6097,3742],[0,0]],[[6108,3789],[6,7],[0,8],[-3,8],[0,8],[-3,16],[-5,15]],[[6108,3789],[0,0]],[[6108,3773],[0,8],[-3,0],[3,8]],[[6108,3765],[3,8]],[[6111,3773],[-3,0]],[[6108,3765],[0,0]],[[6105,3765],[3,0]],[[6105,3765],[0,0]],[[6103,3757],[2,0],[0,8]],[[6100,3757],[0,8],[-3,0]],[[6097,3765],[0,-8]],[[6097,3757],[-3,0]],[[6094,3757],[-3,0],[0,-7]],[[6103,3757],[0,0]],[[6103,3757],[-3,0]],[[6148,3843],[0,16],[0,8],[0,15],[0,8],[3,0],[0,8],[11,8],[0,8],[3,0],[0,7],[3,8],[-3,32],[0,7],[6,0],[-3,0],[0,8],[-3,0],[0,8],[-3,0],[0,8],[-3,0],[0,8],[-2,7],[0,8],[-3,0],[0,8],[0,8],[0,8],[0,7],[3,0],[0,8],[2,24],[3,0],[0,8],[3,0],[0,7],[0,8],[0,8],[0,16]],[[6097,3742],[0,-8]],[[6097,3742],[3,-8],[0,-8],[3,-15],[2,0],[-2,0],[2,0],[0,-8],[3,-8],[3,0],[3,-8],[3,-8]],[[6120,3679],[0,-7],[-3,0],[0,-8],[8,-24],[0,-8]],[[6117,3679],[3,0]],[[6074,4101],[-3,8],[0,86]],[[6074,4086],[0,7],[0,8]],[[6074,4101],[0,0]],[[6077,4086],[0,0]],[[6077,4086],[-3,0]],[[6088,4039],[-2,0],[0,7],[0,8],[-3,0],[0,8],[0,8],[0,8],[-3,0],[0,8],[-3,0]],[[6100,4007],[0,8],[-3,8],[-3,8],[-3,15]],[[6091,4046],[-3,-7]],[[6088,4039],[0,0]],[[6117,3961],[-3,0],[0,15],[-3,0],[0,8],[0,8],[-3,0],[0,8],[-3,0],[0,7],[-2,0],[-3,0]],[[6100,4007],[0,0]],[[6131,3914],[-3,23],[0,8],[-3,8],[0,8],[0,7],[-3,0]],[[6122,3968],[0,0]],[[6122,3968],[-2,0]],[[6120,3968],[0,0]],[[6120,3968],[0,-7],[-3,0]],[[6128,3914],[3,0]],[[6125,3906],[3,8]],[[6103,3914],[2,0]],[[6100,3914],[3,0]],[[6105,3914],[3,0],[0,-8],[0,-8],[3,0]],[[6105,3914],[0,0]],[[6097,3914],[3,0]],[[6103,3851],[2,8],[3,0],[3,8],[0,8],[0,7],[0,8],[-3,0],[-11,8],[0,8],[0,8]],[[6125,3906],[0,0]],[[6122,3906],[3,0]],[[6122,3906],[0,0]],[[6120,3906],[2,0]],[[6120,3906],[0,0]],[[6117,3898],[3,0],[0,8]],[[6114,3898],[0,0]],[[6111,3898],[3,0]],[[6117,3898],[0,0]],[[6114,3898],[3,0]],[[6094,3742],[-3,0],[0,8]],[[6097,3742],[-3,0]],[[6094,3742],[0,0]],[[6088,3851],[-2,0],[0,8]],[[6086,3859],[-3,0]],[[6083,3859],[0,0]],[[6083,3859],[-3,0],[0,-8],[-3,0],[0,-8],[0,-7],[0,-8],[3,-8]],[[6091,3843],[-3,0],[-2,0],[2,8]],[[6088,3851],[0,0]],[[6103,3851],[-3,-8],[0,-7],[0,-8]],[[6097,3828],[-3,8],[3,0],[0,7],[-3,0]],[[6094,3843],[-3,0]],[[6100,3828],[-3,0]],[[6097,3828],[0,0]],[[6080,3820],[0,0]],[[6083,3820],[0,-8],[0,-8]],[[6080,3820],[3,0]],[[6086,3804],[0,-8],[0,-7],[2,-8],[0,-8],[0,-8]],[[6083,3804],[3,0]],[[6088,3765],[-2,0]],[[6086,3765],[0,-8],[0,-7],[2,0],[3,0]],[[6037,3914],[0,7],[-2,0],[-3,8],[0,8]],[[6046,3898],[0,8],[3,0],[0,8],[-3,0],[0,7],[-3,0]],[[6043,3921],[-3,0],[0,-7]],[[6040,3914],[0,0]],[[6040,3914],[-3,0]],[[6043,3898],[3,0]],[[6043,3898],[0,0]],[[6040,3898],[3,0]],[[6040,3898],[0,0]],[[6037,3851],[0,8],[3,0],[0,8],[0,8],[0,7],[0,8],[-3,0],[0,8],[3,0]],[[6145,3851],[0,0]],[[6145,3851],[-3,0],[0,-8]],[[6148,3851],[0,0]],[[6148,3851],[-3,0]],[[6148,3843],[0,8]],[[6142,3843],[-3,0]],[[6139,3843],[0,0]],[[6139,3843],[15,-62],[3,-16],[0,-47],[0,-7],[0,-8],[0,-8],[-6,-23],[0,-8],[-3,0]],[[6148,3664],[-3,0]],[[6145,3664],[12,-47]],[[6139,3617],[0,8],[-2,0],[0,7],[-3,0],[0,8],[-3,0]],[[6131,3640],[-3,-8],[-3,0]],[[6125,3632],[0,0]],[[6148,3617],[-3,0],[-3,0]],[[6142,3617],[0,0]],[[6142,3617],[-3,0]],[[6157,3617],[0,0]],[[6151,3609],[0,8],[-3,0]],[[6148,3617],[0,0]],[[6157,3617],[-3,0]],[[6154,3617],[0,0]],[[6154,3617],[0,-8],[-3,0]],[[6159,3851],[0,-8],[3,0]],[[6154,3843],[3,0],[0,8],[2,0]],[[6148,3843],[6,0]],[[6165,3843],[0,-7],[3,0],[3,0],[0,-8]],[[6162,3843],[3,0]],[[6171,3828],[3,0],[0,-16],[2,0],[0,-8],[3,0],[0,-8],[0,-7]],[[6171,3828],[0,0]],[[6179,3789],[0,-8],[3,0],[0,-8],[0,-8],[3,-8],[0,-7],[0,-8],[0,-8],[3,-8],[0,-8],[0,-7],[0,-8],[0,-8],[3,0],[0,-8]],[[6179,3789],[0,0]],[[6191,3687],[22,31],[14,0]],[[6122,3601],[3,16],[0,15]],[[6122,3601],[0,0]],[[6120,3601],[2,0]],[[6029,3851],[0,8],[0,8],[-3,0],[0,8]],[[6026,3875],[-3,0]],[[6023,3875],[-3,0]],[[6020,3875],[0,0]],[[6020,3875],[-2,0],[0,-8],[0,-8],[-3,0],[0,-8],[0,-8]],[[6035,3851],[-3,0]],[[6032,3851],[-3,0]],[[6037,3851],[-2,0]],[[6035,3851],[0,0]],[[6037,3851],[0,0]],[[6046,3851],[3,0]],[[6046,3843],[0,8]],[[6043,3851],[0,-8],[3,0]],[[6040,3851],[3,0]],[[6049,3851],[0,-8],[3,0],[0,-7]],[[6049,3851],[0,0]],[[6040,3851],[0,0]],[[6037,3851],[3,0]],[[6049,3836],[-3,0]],[[6046,3836],[0,7]],[[6046,3836],[-3,0],[0,-8],[0,-8],[0,-8],[3,-8],[0,-8],[-3,0],[3,-7],[-3,0],[0,-8],[-8,-8]],[[6052,3836],[-3,0]],[[6049,3836],[0,0]],[[6035,3773],[-3,0]],[[6032,3773],[0,-8],[0,-8],[3,0],[0,-15]],[[8332,3742],[0,0]],[[8309,3672],[3,7],[3,0],[2,0],[3,16],[0,8],[3,0],[-3,8],[3,23],[0,8],[3,0],[3,0]],[[8329,3742],[3,0]],[[8309,3672],[0,-8],[0,-8],[-3,-8],[0,-8],[-3,0],[0,-8],[-3,0],[-2,0],[0,-7],[0,-8],[-6,-31]],[[8269,3875],[3,0],[0,7],[3,0],[0,8],[3,0],[0,8]],[[8266,3875],[3,0]],[[8261,3804],[2,0],[0,8],[0,8],[-2,0],[2,8],[0,8],[3,0],[0,7],[3,0],[0,8],[0,8],[-3,0],[0,8],[-3,0],[3,8]],[[8269,3875],[0,0]],[[8261,3812],[0,-8]],[[8258,3812],[3,0]],[[8255,3812],[3,0]],[[8244,3796],[5,8],[3,0],[0,8],[3,0]],[[8241,3796],[3,0]],[[8238,3789],[3,7]],[[8229,3796],[3,0],[3,0],[3,-7]],[[8201,3734],[3,0],[0,8],[3,0],[0,8],[3,0],[2,7],[3,0],[0,8],[0,8],[3,0],[0,8],[3,0],[3,0],[3,8],[2,0],[0,7]],[[8201,3734],[0,0]],[[8198,3718],[-3,0],[0,8],[3,0],[0,8],[3,0]],[[8198,3625],[0,7],[3,0],[0,8],[3,0],[0,8],[-3,0],[0,8],[0,8],[-3,23],[0,8],[0,8],[0,8],[0,7]],[[8198,3718],[0,0]],[[8329,3742],[0,-8],[3,0],[0,-8],[0,-8],[0,-7],[0,-8],[0,-8],[2,0],[0,-8],[0,-8],[0,-7],[3,0]],[[8337,3672],[0,-8]],[[8340,3672],[3,0],[3,0],[5,0],[3,0],[3,-8]],[[8337,3672],[3,0]],[[8312,3836],[0,7]],[[8312,3843],[0,8],[0,8],[0,8],[0,8],[0,7],[0,8],[3,0],[0,8],[-3,8],[-3,0]],[[8309,3906],[-3,0],[-3,0],[0,-8],[-8,0]],[[8295,3898],[-3,0],[-3,0],[0,8],[-3,0]],[[8286,3906],[0,-8]],[[8286,3898],[0,0]],[[8286,3898],[-3,0],[-2,0]],[[8281,3898],[-3,0]],[[8334,3765],[-2,0],[0,8],[-3,0],[-3,8],[0,8],[-3,0],[0,7],[0,8],[-3,8],[0,8],[0,8],[0,8],[0,7],[0,8]],[[8320,3851],[-3,0]],[[8317,3851],[0,0]],[[8317,3851],[-2,-8],[-3,0]],[[8332,3742],[2,0],[0,8],[0,7],[0,8]],[[8334,3765],[0,0]],[[8281,3921],[0,8],[2,8],[3,8],[3,0],[0,8],[0,8]],[[8281,3898],[0,8],[0,8],[0,7]],[[8281,3921],[0,0]],[[7923,3672],[-3,0],[0,-8],[-2,0],[-3,-8]],[[7994,3476],[-3,0]],[[7991,3476],[0,-8],[-3,0]],[[7946,3632],[0,-7],[3,0],[0,-8],[0,-8],[3,0]],[[7954,3609],[3,0],[0,-8],[0,-8],[3,0],[0,-7]],[[7952,3609],[2,0]],[[7952,3609],[0,0]],[[7966,3593],[3,-7],[2,0],[0,-8],[0,-8]],[[7960,3586],[3,0],[0,7],[3,0]],[[7969,3570],[0,0]],[[7969,3570],[0,-8],[-3,0],[-3,-8],[-3,0],[3,0],[0,-7],[3,-8],[3,0]],[[7971,3570],[0,0]],[[7971,3570],[-2,0]],[[7969,3539],[2,0]],[[7969,3539],[0,0]],[[7974,3539],[0,-8],[3,0],[0,-8],[0,-8]],[[7971,3539],[3,0]],[[7971,3539],[0,0]],[[7977,3515],[3,0],[3,0],[3,-8]],[[7977,3515],[0,0]],[[7986,3507],[2,0],[0,-7],[3,-8],[0,-8],[0,-8]],[[7986,3507],[0,0]],[[8039,3554],[-2,0]],[[8037,3554],[0,-7],[-3,0]],[[8045,3531],[0,8],[0,8],[-3,0],[0,7],[-3,0]],[[8039,3554],[0,0]],[[8034,3547],[0,0]],[[8034,3547],[-3,0],[0,-8],[0,-8],[-3,0],[0,-8],[-3,0],[-3,0],[-2,-8],[-3,0],[-3,0],[-3,-8],[-3,0],[0,-7],[0,-8],[0,-8],[0,-8],[0,-8]],[[8048,3531],[-3,0]],[[8045,3531],[0,0]],[[8048,3531],[0,0]],[[8051,3523],[0,8]],[[8051,3531],[-3,0]],[[8003,3468],[-3,0],[-3,0],[-3,8]],[[8008,3468],[-3,0]],[[8005,3468],[-2,0]],[[7937,3757],[0,8]],[[7937,3765],[0,8]],[[7926,3718],[3,0],[0,8],[3,0],[0,8],[3,0],[0,8],[0,8],[2,0],[0,7]],[[7926,3718],[0,0]],[[7920,3718],[6,0]],[[7918,3718],[2,0]],[[7923,3672],[0,7],[0,8],[-3,0],[0,8],[-2,8],[0,8],[0,7]],[[7920,3718],[0,0]],[[7940,3640],[-3,0],[-2,8],[-3,8],[-3,8],[0,8],[0,7],[-3,0]],[[7926,3679],[-3,-7]],[[7946,3632],[-3,0],[0,8]],[[7943,3640],[-3,0]],[[8014,3718],[-3,0]],[[8011,3718],[-3,-7],[-3,0]],[[8014,3718],[0,0]],[[8005,3711],[-2,0],[-3,0],[-3,0]],[[7997,3711],[-11,-16],[0,-8],[0,-8],[2,0],[-2,0],[0,-7],[-3,0],[3,0],[0,-8],[-3,0]],[[7983,3664],[-3,8],[0,7],[-3,0]],[[7977,3679],[0,-7],[0,-8],[-3,0]],[[7971,3664],[-2,0]],[[7969,3664],[-3,0],[3,0]],[[7969,3664],[0,-8],[-3,-8],[-3,0]],[[7974,3664],[-3,0]],[[7971,3664],[0,0]],[[7963,3648],[0,0]],[[7963,3648],[-3,-8],[-3,0]],[[7957,3640],[-3,0],[-2,0],[0,8]],[[7952,3648],[-3,-8],[-3,0],[0,-8]],[[7892,3914],[0,-8],[0,-8],[0,-8],[3,0],[3,-8]],[[7901,3890],[0,-8],[2,0],[0,-7],[3,0],[3,0]],[[7898,3882],[3,8]],[[7909,3875],[0,-8],[3,0],[0,-8],[-3,0],[0,-8],[0,-8],[-3,0],[3,0],[0,-7],[0,-8],[3,0],[0,-8],[3,0],[0,-8],[5,-16],[3,-7],[3,0],[3,-8],[3,0],[3,-8],[2,0]],[[7909,3875],[0,0]],[[7983,3796],[-9,-7]],[[7974,3789],[-3,0]],[[7971,3789],[-2,0],[-3,0],[-3,-8],[0,-8],[-3,0],[0,-8],[-3,0]],[[7957,3765],[-3,0],[0,8],[-2,0],[0,8],[-3,0]],[[7949,3781],[-3,0]],[[7946,3781],[-3,0]],[[7943,3781],[-3,0],[0,-8],[-3,0]],[[7881,3921],[-3,0]],[[7878,3921],[0,-7],[3,0],[0,-8],[2,0],[0,-8],[0,-8],[-2,0]],[[7889,3906],[0,8],[-3,0],[-3,0],[0,7],[-2,0]],[[7881,3921],[0,0]],[[7892,3914],[-3,-8]],[[7881,3890],[-3,0],[-3,0],[0,8]],[[7875,3898],[-3,0],[0,-8],[-3,0],[-3,0],[0,-8],[-2,-7]],[[7892,3914],[0,7],[0,8],[0,8],[0,8],[-3,0],[0,8],[0,8],[6,7],[3,0],[0,8],[0,8],[0,8],[-3,8],[0,7],[0,8],[0,8],[0,8],[0,8],[0,7],[0,8]],[[7838,4187],[-3,0]],[[7835,4187],[-3,0],[0,-8],[-2,-8],[0,-7],[0,-8],[-3,0]],[[7827,4156],[0,0]],[[7827,4156],[0,-8],[-3,0],[0,-8],[0,-8],[3,0],[0,-7],[0,-8],[3,0],[0,-8],[-3,0],[0,-8],[0,-8]],[[7827,4093],[0,0]],[[7827,4093],[0,-7],[0,-8],[3,0],[0,-8],[2,0],[-2,0],[0,-8],[2,0],[-2,0],[0,-8],[0,-8],[2,0],[0,-7],[0,-8],[0,-8]],[[8218,3328],[-3,-8],[0,-8],[0,-8],[0,-7],[0,-8],[-3,0],[0,-8],[-2,0]],[[8207,3281],[-3,0]],[[8204,3281],[0,-8],[0,-8],[0,-8],[0,-7],[3,0],[0,-8],[0,-8],[0,-8]],[[8210,3281],[-3,0]],[[8207,3281],[0,0]],[[8207,3226],[-3,8]],[[8204,3234],[0,-8],[-3,0],[-3,-8],[0,-7],[-3,0]],[[8139,3320],[-3,-8],[0,-8],[0,-7],[-3,0]],[[8133,3297],[-3,0]],[[8130,3297],[0,-8],[-3,-8],[3,0]],[[8133,3281],[0,-8],[0,-8],[0,-8],[3,-7]],[[8130,3281],[3,0]],[[8082,3351],[3,8],[0,8],[0,8]],[[8079,3359],[0,-8]],[[8082,3359],[0,-8]],[[8079,3359],[3,0]],[[8187,3242],[-3,0],[0,8],[-3,7]],[[8181,3257],[-3,-7]],[[8176,3250],[0,0]],[[8176,3250],[-3,0],[0,-8],[-3,-8]],[[8178,3250],[-2,0]],[[8193,3218],[0,16],[0,8],[-3,0]],[[8190,3242],[0,0]],[[8190,3242],[-3,0]],[[8187,3242],[0,0]],[[8193,3211],[0,7]],[[8193,3218],[0,0]],[[8079,3351],[-3,0]],[[8071,3351],[0,8]],[[8071,3359],[-3,0],[0,-8],[0,-8],[0,-15],[3,0],[0,-8],[-3,-8],[0,-8]],[[8076,3351],[-3,0],[-2,0]],[[8071,3351],[0,0]],[[8079,3359],[-3,0],[0,8],[0,8]],[[8553,3875],[0,7],[0,8],[0,8],[-3,0],[-3,8],[-3,0],[0,8],[0,7],[-3,0]],[[8510,3921],[3,8],[3,0]],[[8507,3929],[3,-8]],[[8496,3914],[3,7],[3,0],[3,8],[2,0]],[[8493,3921],[3,0],[0,-7]],[[8490,3898],[-2,0],[0,8],[2,8],[3,7]],[[8490,3890],[0,8]],[[8490,3898],[0,0]],[[8451,3695],[-3,8],[0,8],[0,7],[-3,8],[0,8],[0,8],[-3,0],[-3,8],[0,7],[3,0],[0,8],[0,8],[0,8],[0,8]],[[8513,3609],[-8,8],[-3,0],[-3,0]],[[8519,3601],[-3,8],[-3,0]],[[8513,3609],[0,0]],[[8448,3687],[0,8],[3,0]],[[8448,3687],[0,0]],[[8445,3632],[0,8],[3,0],[0,8],[-3,0],[0,8],[0,8],[0,8],[-3,0],[0,7],[6,8]],[[8442,3640],[0,-8],[3,0]],[[8439,3601],[3,8],[-3,16],[0,7],[3,8]],[[8436,3601],[3,0]],[[8439,3578],[0,8],[0,7],[-3,0],[0,8]],[[8499,3617],[6,15],[0,8],[0,8],[-3,0],[-3,0],[0,8],[-3,0],[0,8],[-3,0],[-3,8],[-14,7],[-5,8],[0,8],[-6,8]],[[8465,3703],[0,8]],[[8465,3703],[-3,0]],[[8462,3703],[-3,0],[-3,0]],[[8456,3703],[-3,0],[-2,0],[0,-8]],[[8496,3617],[-3,0],[0,8],[-3,0],[-2,0]],[[8488,3625],[-3,0]],[[8499,3617],[-3,0]],[[8876,3515],[11,39],[-28,32],[-3,0],[3,7],[0,8],[3,8],[3,0],[-3,8],[3,0],[5,15]],[[5340,8046],[0,-8],[0,-8],[3,0]],[[5337,8046],[3,0]],[[5337,8046],[0,0]],[[5334,8046],[3,0]],[[5334,8038],[0,8]],[[5328,8038],[3,0],[3,8]],[[5328,8038],[0,0]],[[5326,8038],[2,0]],[[5343,8030],[0,-7]],[[5343,8030],[0,0]],[[5331,7866],[0,-7]],[[5334,7859],[0,0]],[[5331,7859],[3,0]],[[5334,7859],[3,0],[-3,0]],[[5334,7859],[3,0],[0,-8],[3,0]],[[5340,7851],[0,-8]],[[5340,7851],[0,0]],[[5340,7843],[0,0]],[[5340,7843],[-3,0],[3,0]],[[5340,7843],[0,-8]],[[5337,7835],[0,0]],[[5337,7835],[-3,0],[0,-8]],[[5340,7835],[0,0]],[[5340,7835],[-3,0]],[[5334,7827],[0,0]],[[5334,7827],[3,0],[-3,0]],[[5334,7827],[0,-7],[-3,0]],[[5331,7820],[0,0]],[[5331,7820],[0,-8]],[[5331,7812],[0,-8]],[[5334,7812],[3,0],[0,-8]],[[5331,7804],[3,0]],[[5334,7804],[-3,8]],[[5331,7812],[3,0]],[[5331,7804],[0,0]],[[5337,7804],[0,0]],[[5337,7804],[-3,0]],[[5337,7804],[0,-8]],[[5337,7796],[-3,0]],[[5354,7882],[0,0]],[[5360,7882],[-3,0]],[[5357,7882],[-3,0]],[[5360,7882],[2,0],[-2,0]],[[5360,7882],[0,0]],[[5368,7866],[-6,0],[0,8],[-2,0],[0,8]],[[5377,7843],[-3,0],[0,8],[-3,0],[3,0],[0,8],[3,0],[-3,0],[0,7],[-3,0],[-3,0]],[[5368,7866],[0,0]],[[5382,7835],[0,8]],[[5382,7843],[-3,0]],[[5379,7843],[-2,0]],[[5377,7843],[0,0]],[[5379,7843],[0,0]],[[5399,7843],[-2,0]],[[5397,7843],[0,-8]],[[5397,7835],[2,0],[-2,0]],[[5397,7835],[0,-8]],[[5391,7827],[0,8]],[[5391,7835],[-3,0],[-3,0]],[[5385,7835],[-3,0]],[[5394,7827],[0,8]],[[5394,7835],[-3,0]],[[5397,7835],[-3,0]],[[5360,8062],[2,0],[-2,0]],[[5360,8062],[0,8]],[[5360,8062],[0,0]],[[5357,8046],[0,8],[0,8],[3,0]],[[5360,8046],[-3,0]],[[5357,8046],[0,0]],[[5360,8030],[0,8]],[[5360,8038],[2,0],[-2,0]],[[5360,8038],[2,0],[0,8],[-2,0]],[[5360,8046],[0,0]],[[5360,8038],[0,0]],[[5357,8038],[3,0]],[[5354,8030],[3,0],[0,8]],[[5354,8030],[0,0]],[[5351,8023],[0,7],[3,0]],[[5379,7999],[0,-8]],[[5379,7991],[3,0]],[[5385,7991],[3,0],[-3,-7],[3,0],[3,0]],[[5382,7991],[3,0]],[[5394,7984],[0,0]],[[5391,7984],[3,0]],[[5391,7984],[0,0]],[[5397,7984],[0,-8],[0,-8],[0,-8]],[[5394,7984],[3,0]],[[5397,7960],[0,0]],[[5397,7960],[-3,0],[0,-8]],[[5397,7960],[0,-8]],[[5397,7952],[-3,0]],[[5397,7952],[2,0]],[[5397,7952],[0,0]],[[5399,7952],[-2,-7],[2,0],[-2,0],[0,-8],[0,-8],[0,-8],[2,0],[3,0],[0,-8]],[[5399,7952],[0,0]],[[5405,7913],[3,0]],[[5402,7913],[3,0]],[[5411,7913],[3,-8],[2,0],[3,0],[3,0]],[[5408,7913],[3,0]],[[5425,7905],[0,-7]],[[5425,7898],[0,-8],[-3,-8]],[[5422,7905],[0,-7],[3,0]],[[5422,7905],[0,0]],[[5280,7796],[3,8],[-3,0],[0,8]],[[5280,7796],[0,0]],[[5280,7780],[0,8],[-3,0],[0,8],[3,0]],[[5277,7780],[3,0]],[[5277,7773],[0,7]],[[5277,7773],[0,0]],[[5275,7765],[0,8],[2,0]],[[5275,7765],[0,0]],[[5275,7757],[-3,0],[0,8],[3,0]],[[5289,7741],[0,8],[-3,0],[3,0],[-3,8],[-3,0]],[[5283,7757],[-6,0],[-2,0]],[[5289,7726],[0,8],[3,0],[0,7]],[[5292,7741],[-3,0]],[[5297,7726],[0,-8],[3,0]],[[5294,7718],[0,8],[3,0]],[[5292,7726],[2,-8]],[[5289,7726],[3,0]],[[5309,7726],[0,0]],[[5309,7718],[0,8]],[[5300,7718],[0,0]],[[5309,7718],[0,0]],[[5306,7718],[3,0]],[[5303,7718],[0,0]],[[5300,7718],[3,0]],[[5306,7718],[0,0]],[[5303,7710],[0,8]],[[5303,7718],[3,0]],[[5300,7718],[0,-8]],[[5303,7710],[0,0]],[[5300,7710],[3,0]],[[5289,7726],[0,-8],[3,0],[-3,0],[3,-8],[0,-8],[-3,-7],[0,-8],[-3,-8],[-3,0]],[[5345,7788],[0,8],[-2,0],[-3,0]],[[5340,7796],[-3,0]],[[5377,7788],[-3,0],[0,8],[-3,0]],[[5371,7796],[-3,0],[3,0]],[[5371,7796],[0,-8],[0,-8],[-3,0]],[[5377,7788],[0,0]],[[5388,7788],[-3,0]],[[5385,7788],[0,0]],[[5385,7788],[-3,0],[-3,0]],[[5348,7788],[-3,0]],[[5345,7788],[0,0]],[[5379,7788],[0,0]],[[5379,7788],[-2,0]],[[5360,7788],[0,0]],[[5360,7788],[-3,0]],[[5357,7788],[0,0]],[[5362,7780],[0,8]],[[5362,7788],[-2,0]],[[5365,7788],[0,0]],[[5365,7788],[-3,-8]],[[5357,7788],[-3,0]],[[5354,7788],[0,-8],[3,0]],[[5351,7773],[0,7],[0,8]],[[5351,7788],[-3,0]],[[5368,7780],[-3,0],[3,0]],[[5368,7780],[-3,0],[0,8]],[[5357,7780],[0,-7]],[[5357,7780],[0,0]],[[5368,7780],[0,0]],[[5357,7773],[0,0]],[[5357,7773],[-3,0]],[[5354,7773],[0,0]],[[5354,7773],[-3,0]],[[5334,7796],[0,-8],[-3,0],[-3,0]],[[5328,7788],[0,0]],[[5328,7788],[-2,-8],[0,-7],[-3,0]],[[5323,7773],[-3,0]],[[5320,7773],[0,0]],[[5320,7773],[0,-8],[-3,0]],[[5323,7773],[0,0]],[[5314,7765],[-3,0]],[[5311,7765],[-2,0]],[[5317,7765],[-3,0]],[[5314,7765],[0,0]],[[5309,7765],[-3,0]],[[5306,7765],[0,0]],[[5306,7765],[0,-8]],[[5306,7757],[3,0],[-3,0]],[[5306,7757],[0,0]],[[5306,7757],[0,-8],[3,-8]],[[5309,7741],[0,0]],[[5309,7741],[0,-7],[0,-8]],[[5320,7741],[3,0]],[[5317,7741],[3,0]],[[5317,7741],[0,0]],[[5317,7734],[-3,0],[0,7],[3,0]],[[5323,7741],[3,0],[-3,0]],[[5323,7741],[3,0],[0,-7]],[[5326,7734],[-3,0],[3,0]],[[5323,7741],[0,0]],[[5328,7734],[0,-8],[3,0]],[[5331,7726],[-3,0],[0,-8],[3,0]],[[5326,7734],[2,0]],[[5326,7734],[0,0]],[[5317,7726],[0,8]],[[5317,7734],[0,0]],[[5314,7726],[3,8]],[[5314,7726],[0,0]],[[5311,7726],[3,0]],[[5331,7726],[0,-8]],[[5311,7726],[0,0]],[[5309,7726],[2,0]],[[5337,7718],[0,0]],[[5331,7718],[3,0],[3,0]],[[5337,7718],[0,-8]],[[5337,7710],[3,0]],[[5340,7710],[0,0]],[[5337,7710],[0,-8]],[[5337,7702],[3,0]],[[5337,7702],[0,-7],[3,0]],[[5340,7695],[-3,0],[3,0]],[[5340,7695],[3,-8]],[[5343,7687],[-3,0]],[[5340,7695],[0,0]],[[5340,7687],[0,0]],[[5343,7687],[0,-8]],[[5343,7679],[0,0]],[[5345,7679],[0,-8],[3,0],[-3,0],[3,0],[-3,0],[0,-8],[3,0],[-3,0],[0,-8]],[[5345,7655],[3,0]],[[5343,7679],[2,0]],[[5348,7655],[0,0]],[[5345,7655],[0,0]],[[5343,7655],[0,0]],[[5343,7655],[0,-7],[0,-8],[-3,0]],[[5345,7655],[-2,0]],[[5340,7640],[-3,0]],[[5337,7640],[-3,0],[0,-8]],[[5334,7632],[0,-8],[3,0],[0,-15],[0,-8],[0,-8]],[[5334,7632],[0,0]],[[5337,7593],[0,-8]],[[5337,7593],[0,0]],[[5337,7585],[0,-8]],[[5337,7585],[0,0]],[[5337,7570],[0,7]],[[5337,7577],[-3,0]],[[5334,7577],[-3,0]],[[5337,7577],[0,0]],[[5331,7577],[0,0]],[[5331,7577],[-3,0],[0,-7],[-2,0]],[[5326,7570],[0,0]],[[5326,7570],[-3,0],[0,-8]],[[5328,8030],[3,-7]],[[5337,8030],[0,-7],[3,0]],[[5334,8023],[3,7]],[[5331,8023],[0,0]],[[5340,8023],[3,0]],[[5331,8023],[3,0]],[[5354,7882],[-3,0]],[[5348,7882],[-3,0]],[[5345,7882],[0,-8],[-2,0],[-3,0]],[[5351,7882],[0,0]],[[5351,7882],[-3,0]],[[5340,7874],[0,0]],[[5340,7874],[0,-8],[-3,0]],[[5337,7866],[0,0]],[[5337,7866],[-3,0]],[[5334,7866],[-3,0]],[[5343,8023],[2,0],[3,0],[3,0]],[[5351,8023],[0,0]],[[5320,7882],[0,8]],[[5320,7890],[-3,-8]],[[5317,7882],[0,0]],[[5323,7882],[-3,0]],[[5320,7882],[0,0]],[[5326,7882],[-3,0]],[[5323,7882],[0,0]],[[5323,7874],[0,8]],[[5323,7866],[0,8]],[[5331,7866],[0,0]],[[5331,7866],[-3,0]],[[5328,7866],[-2,0],[0,-7]],[[5326,7859],[2,0]],[[5323,7866],[0,0]],[[5320,7866],[3,0]],[[5326,7859],[-3,0],[-3,7]],[[5328,7859],[0,0]],[[5326,7859],[0,0]],[[5377,7991],[2,0]],[[5377,7991],[0,0]],[[5371,7984],[3,0],[3,0],[0,7]],[[5362,7984],[3,0]],[[5360,7976],[0,8],[2,0]],[[5368,7984],[3,0]],[[5365,7984],[3,0]],[[5371,7984],[0,0]],[[5357,7976],[3,0]],[[5357,7968],[0,8]],[[5360,7960],[0,8],[-3,0]],[[5357,7968],[0,0]],[[5362,7952],[-2,8]],[[5360,7960],[2,0]],[[5362,7952],[0,0]],[[5362,7937],[0,8],[3,0],[-3,0],[-2,7],[2,0]],[[5365,7929],[0,8]],[[5365,7937],[-3,0]],[[5362,7929],[3,0]],[[5360,7921],[2,0],[-2,0]],[[5360,7921],[2,0],[3,0],[0,8]],[[5362,7929],[0,0]],[[5360,7921],[0,0]],[[5351,7913],[3,0],[0,8],[6,0]],[[5351,7913],[0,0]],[[5354,7882],[0,8],[-3,0],[0,8],[0,7],[0,8]],[[5371,7999],[0,0]],[[5354,8023],[0,-8],[3,0],[3,-8],[2,0],[3,0]],[[5365,8007],[0,-8]],[[5351,8023],[3,0]],[[5368,8007],[0,-8]],[[5365,8007],[3,0]],[[5368,7999],[3,0]],[[5399,7843],[6,0],[0,-8],[3,0],[0,-8]],[[5399,7843],[0,0]],[[5405,7827],[0,0]],[[5405,7827],[-3,-7]],[[5408,7827],[-3,0]],[[5408,7827],[0,0]],[[5402,7820],[0,0]],[[5402,7820],[-3,0],[0,-8]],[[5399,7812],[0,0]],[[5399,7812],[-2,0]],[[5399,7812],[0,-8],[-2,0]],[[5397,7804],[0,0]],[[5397,7804],[-3,0]],[[5394,7804],[0,0]],[[5394,7804],[0,-8],[-3,0]],[[5391,7796],[0,0]],[[5391,7796],[-3,0],[0,-8]],[[5416,7890],[0,-8],[3,0]],[[5414,7882],[2,8]],[[5411,7882],[3,0]],[[5411,7882],[0,0]],[[5419,7882],[3,0]],[[5419,7882],[0,0]],[[5408,7882],[3,0]],[[5405,7882],[3,0]],[[5405,7882],[0,0]],[[5399,7882],[3,0],[3,0]],[[5397,7882],[2,0]],[[5397,7843],[0,8],[-3,8],[3,0],[0,7],[0,8],[0,8]],[[5422,7882],[0,0]],[[5425,7866],[0,8],[0,8],[-3,0]],[[5467,7874],[-2,8]],[[5465,7882],[-3,0],[-3,-8],[-3,0]],[[5456,7874],[-3,0]],[[5453,7874],[-3,0],[-2,-8]],[[5433,7866],[-2,0]],[[5431,7866],[-3,0]],[[5428,7866],[-3,0]],[[5425,7866],[0,0]],[[5442,7859],[-3,7],[-3,0]],[[5436,7866],[-3,0]],[[5448,7866],[-3,0]],[[5445,7866],[-3,-7]],[[5394,7780],[-3,0],[0,8],[-3,0]],[[5388,7788],[0,0]],[[5394,7780],[0,0]],[[5249,7726],[3,0],[3,0]],[[5249,7726],[0,0]],[[5246,7726],[3,0]],[[5241,7718],[0,8],[5,0]],[[5258,7726],[0,-8],[-3,-8],[3,0],[2,0],[0,-8],[-2,0]],[[5255,7726],[3,0]],[[5241,7718],[0,0]],[[5238,7718],[3,0]],[[5235,7718],[3,0]],[[5229,7718],[3,0],[3,0]],[[5258,7702],[0,0]],[[5258,7702],[0,-7]],[[5260,7695],[0,0]],[[5258,7695],[2,0]],[[5317,7882],[-3,0],[3,0]],[[5317,7882],[-3,0],[0,-8],[-3,0]],[[5309,7874],[-3,0]],[[5306,7874],[-3,0],[0,-8]],[[5309,7866],[0,8]],[[5309,7874],[0,0]],[[5311,7874],[0,0]],[[5311,7874],[0,-8],[-2,0]],[[5303,7866],[-3,0]],[[5300,7866],[0,0]],[[5300,7866],[-3,0]],[[5297,7866],[0,-7]],[[5297,7859],[-3,0],[0,-8]],[[5297,7859],[0,-8],[3,0],[-3,0],[0,-8]],[[5297,7843],[-3,0]],[[5294,7843],[-2,0],[0,-8],[0,-8]],[[5292,7827],[-3,0]],[[5289,7827],[-3,0]],[[5286,7827],[0,0]],[[5286,7827],[-3,-7],[-3,0],[3,0],[0,-8],[-3,0]],[[5272,7827],[3,0],[-3,0]],[[5272,7827],[3,0],[0,-7]],[[5272,7820],[0,7]],[[5269,7820],[3,0]],[[5269,7820],[0,0]],[[5277,7820],[0,-8],[3,0]],[[5275,7820],[2,0]],[[5266,7812],[0,8],[3,0]],[[5266,7812],[0,0]],[[5260,7812],[3,0],[3,0]],[[5260,7812],[0,0]],[[5258,7804],[2,0],[0,8]],[[5280,7812],[0,0]],[[5255,7804],[3,0]],[[5252,7804],[3,0]],[[5252,7804],[0,0]],[[5246,7796],[0,8],[3,0],[3,0]],[[5243,7796],[3,0]],[[5241,7780],[2,8],[0,8]],[[5232,7788],[3,0]],[[5235,7788],[0,-8]],[[5232,7780],[0,8]],[[5238,7788],[0,0]],[[5235,7788],[3,0]],[[5241,7788],[0,-8]],[[5238,7788],[3,0]],[[5300,7945],[-3,0],[0,7],[-3,0]],[[5294,7952],[0,0]],[[5294,7952],[-2,0]],[[5292,7952],[-3,0],[0,-7]],[[5306,7937],[3,0],[0,8],[0,7]],[[5309,7952],[-3,0],[0,-7],[-3,0],[-3,0]],[[5272,7945],[-3,0],[0,7],[-3,0]],[[5266,7952],[0,-7]],[[5286,7945],[0,7]],[[5286,7945],[3,0]],[[5289,7945],[0,-8],[3,0],[0,-8],[-3,-8]],[[5286,7945],[0,0]],[[5266,7945],[0,0]],[[5275,7929],[0,8],[2,0],[-2,0],[0,8]],[[5275,7945],[-3,0]],[[5266,7945],[-3,0]],[[5263,7945],[0,-8],[-3,0],[-2,0],[-6,0],[0,-8]],[[5306,7937],[0,0]],[[5306,7929],[3,0],[-3,0]],[[5306,7929],[0,8]],[[5252,7929],[-3,0]],[[5306,7929],[0,0]],[[5306,7921],[0,8]],[[5277,7913],[-2,0],[0,8],[2,0]],[[5277,7921],[0,8]],[[5277,7929],[-2,0]],[[5311,7913],[0,8],[-2,0]],[[5309,7921],[-3,0]],[[5306,7921],[0,0]],[[5289,7921],[-3,0]],[[5286,7921],[-3,0],[-3,0]],[[5280,7921],[0,0]],[[5280,7921],[-3,0]],[[5277,7921],[0,-8]],[[5314,7905],[0,8],[-3,0]],[[5311,7913],[0,0]],[[5314,7905],[0,0]],[[5317,7882],[0,8],[0,8],[3,0],[-3,0],[3,7]],[[5320,7905],[-3,0]],[[5317,7905],[0,0]],[[5317,7905],[-3,0]],[[5436,7952],[0,8],[-3,0],[0,8]],[[5433,7968],[-2,-8]],[[5431,7960],[-3,0]],[[5428,7960],[0,8]],[[5428,7960],[-3,0]],[[5431,7960],[0,0]],[[5425,7960],[0,0]],[[5425,7960],[-3,0],[0,-8],[3,0],[-3,0],[0,-7],[3,0]],[[5436,7937],[3,0],[0,8],[3,0],[0,7],[-3,0]],[[5439,7952],[-3,0]],[[5425,7945],[3,0]],[[5425,7945],[0,0]],[[5433,7945],[0,0]],[[5431,7945],[2,0]],[[5428,7945],[0,0]],[[5428,7945],[3,0]],[[5433,7945],[3,0]],[[5436,7945],[0,-8]],[[5436,7945],[0,0]],[[5294,8007],[-2,0]],[[5297,8007],[-3,0]],[[5294,8007],[0,0]],[[5300,8007],[-3,0]],[[5297,8007],[0,0]],[[5294,8007],[0,-8],[3,0],[0,-8]],[[5303,7999],[-3,8]],[[5300,8007],[0,0]],[[5303,7991],[3,0],[0,8],[-3,8]],[[5303,8007],[0,-8]],[[5300,7999],[0,-8]],[[5297,7991],[3,8]],[[5303,7991],[0,0]],[[5300,7991],[3,0]],[[5294,8038],[-2,0]],[[5294,8030],[0,8]],[[5294,8038],[0,0]],[[5294,8030],[0,0]],[[1815,6038],[-3,0]],[[8564,7468],[3,0],[0,-8]],[[8564,7468],[0,0]],[[8550,7460],[11,8],[3,0]],[[8544,7468],[3,0],[0,-8],[3,0]],[[8544,7460],[0,8]],[[8567,7460],[0,-8],[0,-7]],[[8567,7460],[0,0]],[[8567,7445],[0,0]],[[8567,7445],[0,-8],[3,0],[-3,-8],[3,0],[-3,0],[3,-8],[3,0],[-3,-8],[3,0]],[[8573,7413],[2,0],[0,-7]],[[8573,7413],[0,0]],[[8575,7406],[3,0]],[[8575,7406],[0,0]],[[8592,7406],[3,0]],[[8590,7398],[2,0],[0,8]],[[8615,7406],[0,-8],[0,-8],[3,0],[0,-8],[3,0],[3,0],[5,-8]],[[8615,7406],[0,0]],[[8612,7406],[3,0]],[[8609,7406],[3,0]],[[8595,7406],[0,-8],[3,0]],[[8595,7406],[0,0]],[[8609,7406],[0,0]],[[8607,7398],[0,8],[2,0]],[[8590,7406],[0,0]],[[8584,7398],[3,8],[3,0]],[[8581,7406],[0,-8]],[[8578,7406],[3,0]],[[8584,7406],[0,-8]],[[8581,7398],[3,0]],[[8590,7406],[0,-8]],[[8604,7398],[3,0]],[[8604,7398],[0,0]],[[8601,7398],[3,0]],[[8598,7398],[3,0]],[[8641,7382],[2,0],[3,0],[0,-8]],[[8632,7382],[3,0],[3,0],[3,0]],[[8632,7382],[0,0]],[[8629,7382],[3,0]],[[8629,7382],[0,0]],[[8629,7374],[0,8]],[[8649,7374],[3,0],[0,-8],[3,0],[0,-7],[-3,0],[0,-8],[0,-8],[0,-8],[3,0]],[[8646,7374],[3,0]],[[8658,7343],[0,-8],[3,0]],[[8655,7335],[0,8],[3,0]],[[8663,7335],[3,0],[3,0],[0,-8],[-3,0],[0,-7],[3,-8],[0,-8],[3,0],[0,-8],[3,0]],[[8661,7335],[2,0]],[[8692,7327],[0,-7],[3,-8],[-3,-8],[3,-8],[0,-8],[2,0],[0,-7],[3,0],[0,-8],[3,0],[0,-8],[0,-8],[3,0]],[[8683,7312],[3,8],[3,7],[3,0]],[[8683,7320],[0,-8]],[[8675,7296],[5,0],[3,0],[0,8],[-3,0],[0,8],[3,0]],[[8683,7312],[-3,0],[0,8],[3,0]],[[8746,7288],[0,-7]],[[8746,7281],[2,0],[0,-8],[0,-8],[6,-8],[3,0],[0,-8],[3,0],[0,-8],[3,0]],[[8740,7273],[0,8],[3,0],[3,0]],[[8734,7288],[3,0],[0,-7],[3,-8]],[[8709,7249],[5,8],[0,8],[0,8],[3,0],[3,0],[3,8],[8,0],[0,7],[3,0]],[[8706,7257],[3,0],[0,-8]],[[8706,7257],[0,0]],[[8765,7249],[3,-8]],[[8763,7241],[0,8],[2,0]],[[8768,7241],[3,8],[3,0]],[[8227,5781],[-3,0],[0,-8],[3,0],[0,-8],[0,-8],[2,0],[-2,-8]],[[8227,5749],[-3,0]],[[8224,5749],[0,-7],[0,-8],[0,-8],[0,-8],[-3,0],[0,-8]],[[8221,5710],[-3,0]],[[8218,5710],[-3,0],[0,-7],[-3,-8],[0,-8],[-2,0],[0,-8],[0,-8],[0,-8],[0,-7],[0,-8],[0,-8],[-3,0],[0,-8],[-3,0],[0,-8],[-3,0],[-3,-7]],[[8198,5617],[0,7]],[[8198,5624],[-3,0],[0,-7]],[[8195,5617],[-2,0]],[[8193,5617],[0,0]],[[8193,5617],[-3,0],[0,-8]],[[8190,5609],[0,0]],[[8190,5609],[0,-8],[3,-8],[-3,0]],[[8190,5593],[0,0]],[[8190,5593],[0,-8],[-3,0]],[[8184,5578],[0,7]],[[8184,5585],[-3,0]],[[8181,5585],[0,0]],[[8181,5585],[-3,0]],[[8178,5585],[0,-7],[3,0],[-3,-8],[3,0],[0,-8]],[[8187,5585],[-3,0]],[[8176,5562],[-3,0]],[[8173,5562],[-3,0]],[[8181,5562],[-3,0]],[[8178,5562],[-2,0]],[[8170,5562],[0,0]],[[8170,5562],[0,-8],[-3,-8],[-3,-7]],[[8164,5539],[0,7]],[[8164,5546],[-3,-7]],[[8337,5796],[3,0]],[[8340,5796],[3,0],[0,-8]],[[8340,5796],[0,0]],[[8346,5796],[0,-8]],[[8346,5788],[3,0]],[[8343,5788],[3,0]],[[8351,5788],[0,-7],[3,0],[0,-8]],[[8349,5788],[2,0]],[[8360,5781],[3,0],[0,-8],[-3,0],[0,-8],[3,0],[0,-8],[3,0],[0,-15],[2,0],[-2,-8],[0,-8],[2,0],[0,-8],[0,-15],[3,0],[3,-8]],[[8354,5773],[3,0],[0,8],[3,0]],[[8422,5999],[0,16],[0,8],[-3,0],[0,8],[0,7],[-2,0],[0,8],[2,0],[0,8],[0,8],[-2,0]],[[8417,6062],[-3,0]],[[8414,6062],[0,0]],[[8414,6062],[-3,0]],[[8411,6062],[-3,0]],[[8448,5984],[0,8],[-3,0],[0,7],[0,8],[-3,0],[0,8]],[[8442,6015],[-3,0],[0,-8],[0,-8],[-3,0]],[[8436,5999],[0,0]],[[8436,5999],[-2,0],[0,-7],[-3,0]],[[8428,5999],[-3,0]],[[8425,5999],[-3,0]],[[8431,5992],[-3,0],[0,7]],[[8428,5999],[0,0]],[[8462,5992],[-3,0]],[[8459,5992],[-3,0],[0,-8],[-3,0]],[[8465,5976],[0,8],[0,8],[-3,0]],[[8462,5992],[0,0]],[[8453,5984],[0,8]],[[8453,5984],[-2,0]],[[8451,5984],[-3,0]],[[8448,5984],[0,0]],[[8451,5984],[0,0]],[[7328,6624],[3,0]],[[8014,5781],[0,-8],[3,-8],[0,-8],[3,-8]],[[8022,5765],[3,0],[0,-8],[3,0]],[[8020,5749],[0,8],[0,8],[2,0]],[[8031,5757],[0,-8],[3,0],[0,-7],[0,-8],[3,0]],[[8028,5757],[3,0]],[[8045,5734],[3,0],[0,-8],[3,0]],[[8039,5726],[3,0],[0,8],[3,0]],[[8037,5734],[2,0],[0,-8]],[[8037,5734],[0,0]],[[8056,5734],[0,-8],[3,0],[3,0],[-3,0],[0,-8],[3,0],[0,-8],[-3,0],[3,0],[0,-7],[-3,0],[0,-8],[0,-8],[-3,0]],[[8054,5726],[0,8],[2,0]],[[8051,5726],[3,0]],[[8051,5726],[0,0]],[[8056,5687],[-2,0]],[[8054,5687],[-3,0],[0,-8],[-3,0]],[[8048,5679],[0,0]],[[8048,5679],[0,-8]],[[8048,5679],[-3,0]],[[8045,5679],[0,-8],[0,-8],[-3,0]],[[7861,6132],[-3,0],[0,-8],[0,-7],[-3,0],[0,-8],[3,0],[-3,-8]],[[7855,6101],[-3,0],[0,8],[0,8]],[[7852,6117],[-3,0],[-2,0],[0,-8],[2,0],[0,-8],[0,-8],[-2,0],[0,-8],[0,-7],[0,-8],[0,-8],[-3,-8],[-3,0]],[[7841,6054],[0,8],[-3,0]],[[7838,6062],[0,8]],[[7838,6062],[0,-8],[-3,0],[-3,0],[0,-8]],[[8558,7249],[3,0],[3,-8],[3,-7]],[[8558,7241],[0,8]],[[8570,7234],[3,0]],[[8567,7234],[3,0]],[[8573,7234],[0,-8],[2,0],[0,-8],[3,0],[0,-8],[0,-8]],[[8573,7234],[0,0]],[[8592,7218],[0,-8],[0,-8],[0,-7],[3,0],[0,-8]],[[8595,7187],[-3,0],[3,0]],[[8581,7202],[3,8],[3,0],[0,8],[3,0],[2,0]],[[8578,7202],[3,0]],[[8578,7202],[0,0]],[[8595,7187],[0,-8],[3,0],[0,-8],[3,-8],[0,-7],[3,0],[0,-8]],[[8595,7187],[0,0]],[[8607,7148],[2,0],[0,-8],[-2,0],[0,-8],[-3,0],[0,-8],[0,-8],[0,-7],[3,0]],[[8604,7148],[3,0]],[[8607,7109],[2,0],[0,-8],[3,-16],[0,-8],[3,0],[0,-7],[3,0],[-3,0],[3,0],[0,-8],[-3,0],[0,-8],[-3,0],[0,-8]],[[8607,7109],[0,0]],[[8615,7046],[0,0]],[[8612,7046],[3,0]],[[8374,6984],[3,0],[0,7],[3,0],[0,8]],[[8366,6952],[-3,-7]],[[8431,7077],[0,-7],[-3,0],[0,-8],[-3,0]],[[8425,7062],[0,0]],[[8425,7062],[-3,0],[0,-8]],[[8422,7054],[3,0]],[[8422,7054],[0,-8],[-3,-8],[3,0],[3,-7],[3,0]],[[8431,7031],[0,-8],[3,0],[0,-8]],[[8428,7031],[3,0]],[[8442,7015],[0,-8],[0,-8],[0,-8]],[[8439,7015],[3,0]],[[8434,7015],[5,0]],[[8434,7015],[0,0]],[[8445,6991],[0,-7],[3,0],[0,-8],[3,0]],[[8442,6991],[3,0]],[[8363,6945],[0,-8],[0,-8],[3,0],[0,-8],[-3,0],[0,-8],[3,0],[0,-7],[-6,-8],[0,-8],[0,-8],[3,0],[0,-8],[3,0]],[[8368,6874],[3,0],[0,-7],[3,0],[3,0]],[[8366,6874],[2,0]],[[8377,6867],[3,0],[3,0]],[[8380,6999],[3,-8],[2,0],[0,-7],[3,0],[3,0],[-3,-8]],[[8388,6976],[3,0]],[[8385,6976],[-2,0]],[[8383,6976],[0,-8],[0,-8],[0,-8],[2,0],[0,-7],[3,0]],[[8388,6945],[0,-8]],[[8388,6976],[-3,0]],[[8391,6945],[0,0]],[[8388,6945],[3,0]],[[8394,6945],[0,-8],[0,-8],[3,0],[0,-8],[0,-8]],[[8391,6945],[3,0]],[[8371,7031],[-3,0],[-2,0],[0,7],[-3,0],[0,8],[-3,0],[0,8],[-3,0]],[[8357,7054],[-3,0],[0,-8],[-3,0]],[[8351,7046],[0,0]],[[8351,7046],[-2,0],[2,0]],[[8351,7046],[3,-8],[-3,0]],[[8351,7038],[0,0]],[[8351,7038],[-2,0]],[[8349,7038],[0,-7]],[[8349,7038],[-3,0]],[[8346,7038],[-3,-7],[0,-8],[-3,0]],[[8377,7031],[-3,0]],[[8374,7031],[-3,0]],[[8380,7023],[3,8],[-3,0]],[[8380,7031],[-3,0]],[[8340,7023],[-3,0]],[[8337,7023],[-3,0],[-2,0],[0,-8],[5,-16],[0,-8],[-3,0],[-5,-7],[-3,0],[0,-8],[-3,0],[3,-8],[0,-8]],[[8326,6960],[3,0],[-3,0]],[[8380,7023],[0,0]],[[8380,6999],[-3,0],[-3,8],[0,8],[0,8],[3,0],[3,0]],[[8326,6960],[0,0]],[[8326,6960],[-3,0],[0,-8],[3,-7],[3,0]],[[8357,6945],[3,0],[3,0]],[[8351,6929],[3,8],[-3,0],[3,8],[3,0]],[[8329,6945],[3,0],[0,-8],[2,0]],[[8329,6945],[0,0]],[[8346,6945],[0,-8],[3,0],[2,-8]],[[8343,6945],[3,0]],[[8337,6945],[3,0]],[[8334,6937],[3,8]],[[8343,6945],[0,0]],[[8340,6945],[3,0]],[[8334,6937],[0,0]],[[8482,6257],[0,8],[0,8],[-3,0]],[[8479,6273],[0,0]],[[8488,6257],[-3,0]],[[8485,6257],[-3,0]],[[8490,6249],[-2,8]],[[8488,6257],[0,0]],[[8380,6804],[0,8],[3,0],[0,8],[2,0],[0,7],[3,0],[3,0],[0,8],[0,8]],[[8377,6812],[3,-8]],[[8374,6804],[3,8]],[[8374,6804],[0,0]],[[8371,6804],[3,0]],[[8371,6804],[0,0]],[[8368,6804],[3,0]],[[8363,6804],[0,0]],[[8351,6781],[3,0],[0,7],[3,0],[0,8],[3,0],[0,8],[3,0]],[[8368,6804],[0,0]],[[8366,6804],[2,0]],[[8366,6804],[0,0]],[[8363,6804],[3,0]],[[8351,6788],[0,-7]],[[8346,6773],[3,0],[-3,0]],[[8346,6773],[0,8],[3,0],[0,7],[2,0]],[[8343,6773],[3,0]],[[8323,6687],[-3,0],[0,8],[0,7],[0,8],[3,0],[0,8],[3,0],[0,8],[3,0],[3,0],[0,8],[2,0],[0,8],[3,7],[0,8],[3,0],[0,8],[0,8],[3,0]],[[8326,6679],[-3,0],[0,8]],[[8323,6687],[0,0]],[[8448,6288],[0,0]],[[8445,6288],[3,0]],[[8451,6288],[0,-7],[2,0],[0,-8],[3,0],[0,-8],[3,0]],[[8448,6288],[3,0]],[[8445,6288],[0,0]],[[8442,6281],[3,7]],[[8476,6273],[3,0]],[[8471,6265],[2,0],[0,8],[3,0]],[[8465,6265],[0,0]],[[8459,6265],[3,0],[3,0]],[[8465,6265],[3,-8]],[[8471,6265],[0,0]],[[8468,6257],[3,0],[0,8]],[[8490,6312],[0,0]],[[8490,6312],[-2,0],[0,-8],[-3,0],[0,-8]],[[8485,6296],[0,0]],[[8485,6296],[0,-8],[0,-7],[-3,0]],[[8482,6281],[-3,0]],[[8479,6281],[0,-8]],[[8431,6593],[3,0]],[[8428,6585],[0,8],[3,0]],[[8425,6593],[3,-8]],[[8417,6562],[2,0],[0,8],[0,7],[3,8],[3,8]],[[8363,6585],[3,-8],[2,0],[0,-7],[0,-8],[3,0],[0,-8],[0,-8],[3,0]],[[8374,6546],[0,-8]],[[8360,6577],[3,0],[0,8]],[[8357,6577],[3,0]],[[8351,6554],[0,8],[0,8],[3,7],[3,0]],[[8414,6562],[3,0]],[[8405,6538],[3,0],[0,8],[0,8],[3,0],[0,8],[3,0]],[[8394,6562],[3,0],[3,0],[0,-8],[2,-8],[-2,0],[2,0],[0,-8]],[[8394,6562],[0,0]],[[8391,6562],[3,0]],[[8391,6546],[0,8],[0,8]],[[8377,6554],[3,0],[0,-8],[3,0]],[[8374,6546],[3,0],[0,8]],[[8388,6546],[3,0]],[[8383,6546],[2,0],[3,0]],[[8405,6538],[0,0]],[[8402,6538],[3,0]],[[8544,7460],[-3,0],[0,-8],[-8,0]],[[8533,7452],[0,0]],[[8533,7452],[0,-7],[0,-8],[0,-8],[-3,-8]],[[8516,7429],[0,8],[-3,0],[-3,0],[0,8],[-3,0],[-2,0]],[[8505,7445],[0,-8],[-3,-8],[0,-8],[-3,0],[3,0],[3,0]],[[8530,7421],[-3,0],[0,8],[-3,0],[0,8],[-2,0]],[[8522,7437],[-3,-8],[-3,0]],[[8507,7421],[3,0],[0,-8],[0,-7],[3,0],[0,-8],[3,0],[0,-8],[0,-8],[-3,0],[-3,-8],[0,-8],[0,-7],[0,-8],[0,-8],[3,-8],[3,-8],[3,0],[0,-7],[0,-16]],[[8505,7421],[2,0]],[[8541,7327],[0,-7],[3,0],[0,-8],[0,-8],[3,0],[3,0],[0,-8],[-3,0],[0,-8],[3,-7],[3,-8],[0,-8],[0,-8]],[[8519,7304],[3,0],[5,8],[3,0],[3,8],[6,0],[0,7],[2,0]],[[8553,7257],[-3,0]],[[8550,7257],[0,-8],[-3,0],[3,0],[0,-8],[3,0],[3,0],[2,0]],[[8507,7937],[-2,0],[-3,8],[-3,0],[-3,0],[0,7],[-3,0],[-3,0],[-2,8],[8,16],[6,8],[0,7],[3,0],[0,8],[-3,0],[0,8],[-3,0],[0,8],[-3,0],[-3,0]],[[8541,7859],[-2,7],[-3,0],[0,8],[-3,0],[0,8],[-3,8],[0,8],[3,0],[-6,23],[3,0],[0,8],[3,0],[-3,0],[-3,8],[-3,0],[-2,8],[-3,0],[0,7],[-3,0]],[[8516,7952],[-3,-7],[-3,-8],[-3,0]],[[8618,7851],[-3,8],[-3,0],[0,7],[-3,0],[0,8],[-2,8],[-3,0],[-6,0]],[[8598,7882],[0,-8],[-3,0],[-3,0],[0,-8],[-2,0],[-3,-7]],[[8587,7859],[-6,7]],[[8581,7866],[-3,-7]],[[8578,7859],[-3,0],[-2,0]],[[8573,7859],[-6,0]],[[8550,7859],[-3,0],[-3,0]],[[8544,7859],[-3,0]],[[8567,7859],[-3,0]],[[8564,7859],[-3,0],[0,-8],[-3,0],[-2,0]],[[8556,7851],[-3,0],[0,8],[-3,0]],[[8550,7859],[0,0]],[[8621,7843],[0,8],[-3,0]],[[8618,7851],[0,0]],[[8624,7827],[2,8],[-2,0],[0,8]],[[8624,7843],[-3,0]],[[8624,7827],[0,0]],[[8621,7827],[3,0]],[[8621,7827],[0,0]],[[8618,7820],[3,0],[0,7]],[[8618,7820],[0,0]],[[8612,7788],[0,8],[3,0],[3,0],[0,8],[0,8],[0,8]],[[8609,7788],[3,0]],[[8604,7765],[3,0],[-3,8],[3,0],[2,0],[-2,0],[0,7],[2,0],[0,8]],[[8604,7765],[0,0]],[[8604,7757],[0,8]],[[8601,7726],[0,8]],[[8601,7734],[0,7],[0,8],[0,8],[3,0]],[[8604,7757],[-3,8],[3,0]],[[8598,7726],[0,8],[3,0]],[[8601,7718],[0,8]],[[8601,7726],[-3,0]],[[8601,7718],[0,0]],[[8601,7702],[3,0],[0,8],[-3,0],[3,0],[-3,8]],[[8601,7702],[0,0]],[[8598,7687],[3,8],[0,7]],[[8592,7695],[3,0],[3,-8]],[[8581,7609],[0,7]],[[8581,7616],[3,0],[0,8],[-3,8],[0,8],[0,8],[3,0],[0,7],[0,8],[3,0],[3,16],[0,8],[2,8]],[[8573,7640],[2,0],[0,-8],[0,-8],[3,0],[0,-8],[3,0]],[[8544,7507],[-3,0],[-2,0],[-6,16],[0,7],[-3,0],[-3,0],[-3,8],[0,8],[-2,0],[2,8],[0,8],[3,0],[3,8],[3,0],[8,15],[3,0],[0,8],[3,0],[0,8],[6,0],[3,8],[2,7],[12,16],[3,8]],[[8553,7507],[0,8],[-3,0]],[[8550,7515],[-3,-8],[-3,0]],[[8547,7491],[3,0],[3,8],[3,8]],[[8556,7507],[0,8]],[[8556,7507],[-3,0]],[[8541,7491],[3,0],[3,0]],[[8544,7460],[-5,8],[0,8],[0,8],[0,7],[2,0]],[[8550,7210],[6,8],[0,8],[2,0],[0,8],[0,7]],[[8547,7210],[3,0]],[[8539,7195],[2,0],[3,7],[0,8],[3,0]],[[8522,7202],[2,-7],[3,0],[3,-8],[3,0]],[[8519,7179],[3,8],[0,8],[0,7]],[[8539,7195],[0,0]],[[8533,7187],[3,0],[0,8],[3,0]],[[8513,7187],[3,0],[3,-8]],[[8502,7171],[3,0],[2,0],[0,8],[0,8],[3,0],[3,0]],[[8499,7171],[0,0]],[[8496,7171],[3,0]],[[8496,7171],[0,0]],[[8482,7148],[0,8]],[[8482,7156],[11,15],[3,0]],[[8502,7171],[0,0]],[[8499,7171],[3,0]],[[8439,7163],[3,0],[0,-7],[0,-8],[3,0],[3,0],[0,-8],[3,0],[0,-8],[2,0],[0,-8],[0,-8],[0,-7],[3,0]],[[8436,7156],[3,0],[0,7]],[[8436,7156],[0,0]],[[8431,7077],[5,8],[0,8],[0,8],[-2,0],[0,8],[0,7],[0,8],[0,8],[2,0],[0,8],[-2,0],[0,8],[-3,0],[3,0],[0,8],[2,0]],[[8479,7156],[3,0]],[[8456,7109],[0,7],[3,0],[3,8],[0,8],[3,0],[3,0],[0,8],[3,8],[2,0],[3,8],[3,0]],[[8383,7179],[2,0]],[[8380,7171],[3,0],[0,8]],[[8391,7179],[0,-8],[3,0],[0,-8],[3,0],[0,-7],[0,-8],[3,0],[0,-8],[0,-8]],[[8385,7179],[3,0],[3,0]],[[8374,7171],[3,0],[3,0]],[[8374,7171],[0,0]],[[8371,7171],[3,0]],[[8357,7124],[3,0],[0,8],[3,0],[3,0],[0,8],[0,8],[-3,8],[3,7],[5,8]],[[8306,7148],[0,-8]],[[8306,7140],[3,0],[-3,0]],[[8306,7140],[3,-8],[0,-8],[0,-8],[0,-7],[0,-8]],[[8300,7140],[6,0]],[[8283,7070],[0,7],[-2,0],[0,8],[2,0],[0,8],[3,8],[3,0],[0,15],[3,8],[3,0],[0,8],[3,0],[0,8],[2,0]],[[8402,7140],[3,0],[0,-8],[0,-8],[0,-8]],[[8400,7132],[2,0],[0,8]],[[8351,7132],[3,-8]],[[8343,7116],[0,8],[3,0],[3,8],[2,0]],[[8354,7132],[3,0],[0,-8]],[[8354,7124],[0,8]],[[8337,7124],[3,0],[0,-8],[3,0]],[[8320,7101],[0,8],[6,7],[3,0],[3,0],[2,8],[3,0]],[[8405,7116],[-3,0]],[[8402,7116],[0,-7],[0,-8],[3,0],[0,-8],[0,-8],[0,-8],[3,0]],[[8320,7101],[0,0]],[[8317,7101],[3,0]],[[8315,7101],[2,0]],[[8309,7101],[3,0],[3,0]],[[8419,7085],[0,-8],[3,0],[9,0]],[[8417,7077],[2,8]],[[8411,7085],[3,0],[3,-8]],[[8408,7077],[3,8]],[[8431,7077],[0,0]],[[8281,7070],[2,0]],[[8281,7062],[0,8]],[[8278,7062],[3,0]],[[8289,7031],[-3,7],[-3,0],[0,8],[0,8],[-2,0],[0,8]],[[8127,6367],[-2,0],[0,-8],[-3,0],[0,-8],[0,-8],[3,0],[2,-8],[0,-8],[-2,0],[0,-7],[0,-8],[-3,0],[-3,0],[0,-8],[0,-8],[-3,0],[0,-8],[-3,0],[0,-15],[-3,0],[0,-8],[3,0],[-3,0],[-2,-8]],[[8108,6257],[-3,8]],[[8105,6265],[0,-8],[-3,0]],[[8102,6257],[0,0]],[[8102,6257],[-3,0],[0,-8],[0,-7],[-3,-8],[-3,-16],[-2,-8],[-3,-7],[-3,0]],[[8065,6210],[-3,0],[0,8],[-3,0],[-3,8],[-2,0],[-3,0]],[[8051,6226],[-3,-8]],[[8079,6195],[-3,0],[0,8],[0,7],[-3,0],[0,8],[-2,0]],[[8071,6218],[0,0]],[[8071,6218],[-3,0]],[[8068,6218],[-3,0],[0,-8]],[[8048,6218],[0,0]],[[8048,6218],[-3,0],[0,-8],[3,0],[-3,0],[0,-7],[3,0],[0,-8],[0,-8],[-3,-8],[0,-8],[-3,0]],[[8085,6203],[0,0]],[[8085,6203],[-3,0]],[[8082,6203],[-3,0]],[[8079,6203],[0,-8]],[[8042,6171],[0,0]],[[8042,6171],[-3,0]],[[8039,6171],[0,0]],[[8039,6171],[-2,-8],[0,-7],[2,0],[0,-8],[0,-8],[3,0],[3,0]],[[8048,6140],[0,-8],[0,-8],[0,-7],[3,0],[0,-8],[3,0]],[[8048,6140],[0,0]],[[8045,6140],[3,0]],[[8045,6140],[0,0]],[[8056,6117],[3,-8]],[[8054,6109],[2,8]],[[8062,6109],[3,0],[0,-8],[0,-8],[0,-8]],[[8065,6085],[3,0]],[[8059,6109],[3,0]],[[7824,6390],[-3,0]],[[7832,6382],[-2,8],[-3,0]],[[7827,6390],[-3,0]],[[7852,6288],[0,8],[3,0],[0,8],[-3,0],[-5,16],[0,7],[-3,0],[0,8],[-3,0],[0,8],[3,0],[0,8],[-3,0],[0,8],[-3,0],[0,8],[-3,7],[0,8],[-3,0]],[[7832,6382],[0,0]],[[7849,6296],[3,-8]],[[7861,6132],[0,8],[0,8],[-3,0],[3,0],[-3,8],[0,7],[0,8],[0,8],[0,8],[3,0],[-3,0],[0,8],[0,8],[0,31],[-3,0],[0,8],[0,7],[3,0],[-3,8],[-3,0],[0,8],[0,8],[-3,0],[0,8],[0,7],[-2,0],[0,8],[2,0]],[[7861,6132],[0,-8],[0,-7],[0,-8],[0,-8],[0,-8],[3,-8],[0,-7],[0,-8],[0,-8],[2,0],[0,-8],[3,0]],[[7869,6054],[0,-8]],[[7878,6101],[0,-8],[3,0],[0,-8],[2,0],[3,0],[0,-7],[0,-8],[3,0],[0,-8],[3,0],[-3,0],[3,0],[0,-8],[-3,0],[-3,0],[0,-8],[3,0],[0,-8],[3,0],[0,-7],[3,0],[0,-8],[0,-8]],[[7869,6054],[0,8],[0,8],[0,8],[0,7],[3,0],[0,8],[3,0],[0,8],[3,0]],[[7997,6093],[0,-8]],[[7991,6054],[3,8],[3,0],[0,8],[-3,8],[0,7],[0,8],[3,0]],[[8005,6093],[3,0],[0,-8]],[[8003,6085],[2,0],[0,8]],[[8011,6085],[0,0]],[[8008,6085],[3,0]],[[8000,6085],[3,0]],[[8000,6085],[0,0]],[[7997,6085],[3,0]],[[7997,6085],[0,0]],[[8008,6085],[0,-7],[-3,0],[3,0],[0,-8],[0,-8],[3,0],[0,-8],[0,-8],[-3,-8],[3,0],[3,-7],[3,0]],[[8017,6031],[0,-8]],[[7988,6062],[3,0],[0,-8]],[[7986,6038],[-3,0],[0,8],[3,0],[0,8],[2,0],[0,8]],[[8031,6046],[3,0],[0,-8]],[[8022,6031],[3,0],[3,0],[0,7],[0,8],[3,0]],[[7986,6038],[0,0]],[[8037,6038],[0,-7],[-3,0],[0,-8],[3,0],[0,-8]],[[8034,6038],[3,0]],[[7974,5992],[3,7],[0,8],[3,0],[0,8],[3,0],[0,8],[3,0],[0,8],[0,7]],[[7986,6038],[2,0]],[[7903,6031],[3,0],[6,-24],[0,-8],[0,-7],[3,0],[0,-8],[0,-8]],[[7901,6023],[2,0],[0,8]],[[8020,6031],[2,0]],[[8017,6031],[3,0]],[[7898,6023],[3,0]],[[7895,6015],[3,8]],[[7971,5992],[0,0]],[[7971,5906],[0,7],[0,8],[3,0],[0,8],[-3,0],[0,8],[0,8],[0,8],[-2,0],[0,7],[0,8],[0,8],[0,8],[0,8],[2,0]],[[7974,5992],[0,0]],[[7971,5992],[3,0]],[[7918,5976],[2,0],[0,-8],[-2,0],[0,-8],[2,0],[3,-7],[3,0],[0,-8]],[[7926,5945],[0,-8]],[[7915,5976],[3,0]],[[7929,5945],[0,-8],[0,-8],[-3,0],[3,-8],[3,0],[0,-8],[0,-7],[0,-8]],[[7926,5945],[3,0]],[[7960,5913],[0,-7],[0,-8],[3,0]],[[7946,5890],[3,8],[3,0],[0,8],[2,0],[3,0],[3,7]],[[7969,5913],[0,-7],[2,0]],[[7963,5898],[3,8],[3,7]],[[7935,5898],[2,0],[0,-8],[0,-8]],[[7932,5898],[3,0]],[[7940,5890],[6,0]],[[7937,5882],[3,0],[0,8]],[[8099,6132],[3,0],[3,0]],[[8105,6132],[0,-8]],[[8093,6101],[3,8],[3,0],[0,8],[-3,7],[0,8],[3,0]],[[8108,6132],[0,-8],[0,-7],[2,0]],[[8105,6132],[3,0]],[[8122,6124],[0,-7],[0,-8],[0,-8],[3,0],[-3,0],[0,-8],[3,0],[2,-8]],[[8119,6124],[3,0]],[[8116,6124],[3,0]],[[8110,6117],[3,0],[3,7]],[[8088,6109],[3,0],[0,-8],[2,0]],[[8085,6101],[0,8],[3,0]],[[8071,6101],[2,0],[0,-8],[0,-8],[0,-7]],[[8071,6078],[0,7],[0,8],[0,8]],[[8082,6101],[3,0]],[[8079,6085],[0,8],[0,8],[3,0]],[[8127,6085],[3,0],[0,-7]],[[8130,6078],[0,-8]],[[8130,6070],[0,-8],[3,0]],[[8127,6085],[0,0]],[[8079,6085],[0,0]],[[8076,6078],[3,0],[0,7]],[[8068,6085],[3,-7]],[[8073,6078],[3,0]],[[8073,6078],[0,0]],[[8144,6054],[0,8],[3,8],[0,8]],[[8147,6078],[3,0]],[[8133,6078],[3,-8],[0,-8],[-3,-8]],[[8133,6062],[0,8],[-3,0]],[[8130,6078],[3,0]],[[8136,6054],[3,0]],[[8133,6054],[3,0]],[[8139,6054],[3,0]],[[8139,6054],[0,0]],[[8142,6054],[2,0]],[[8142,6054],[0,0]],[[8156,5882],[-3,0],[0,-8],[-3,0],[0,-7],[0,-8]],[[8150,5859],[-3,0],[0,8]],[[8147,5867],[-3,0]],[[8144,5867],[0,-8]],[[8144,5867],[-2,0],[-3,0],[0,-8]],[[8142,5859],[0,-8],[0,-8]],[[8139,5859],[3,0]],[[8136,5843],[0,8],[-3,0]],[[8133,5851],[-3,0],[0,-8],[3,0],[-3,0],[0,-8],[0,-7]],[[8099,5820],[0,8],[-3,0],[0,7],[-3,0],[0,8],[-2,8]],[[8091,5851],[0,-8],[-3,0]],[[8142,5843],[-3,0]],[[8139,5843],[0,8]],[[8139,5843],[-3,0]],[[8125,5843],[-3,0]],[[8122,5843],[-3,0],[0,-8],[-3,0],[0,-7],[0,-8],[-3,0],[-3,0],[0,-8]],[[8088,5843],[0,0]],[[8088,5843],[-3,0],[0,-8],[0,-7]],[[8085,5828],[0,-8]],[[8130,5828],[-3,7],[-2,8]],[[8125,5843],[0,0]],[[8105,5820],[-3,8]],[[8102,5828],[-3,-8]],[[8085,5828],[-3,0]],[[8082,5828],[0,-8],[-3,0],[-3,0],[-3,0],[0,-8],[-2,0],[0,-8],[-3,0],[-3,0],[-3,0]],[[8110,5812],[-2,0],[0,8],[-3,0]],[[8105,5820],[0,0]],[[8037,5796],[-3,8]],[[8034,5804],[-3,0],[0,-8],[-3,0],[0,-8],[-3,0],[0,-7],[-3,0],[-2,-8]],[[8062,5804],[0,0]],[[8062,5804],[0,-8],[0,-8],[-3,-7],[-3,0],[0,-8]],[[8042,5788],[0,8],[-3,0],[0,8]],[[8039,5804],[-2,-8]],[[8048,5788],[-3,0]],[[8045,5788],[-3,0]],[[8051,5781],[-3,7]],[[8048,5788],[0,0]],[[8020,5773],[0,8],[-3,0]],[[8017,5781],[-3,0]],[[8056,5773],[-2,8]],[[8054,5781],[-3,0]],[[8037,6015],[0,-8],[-3,0],[0,-8],[0,-7]],[[8014,5984],[-3,0],[0,8]],[[8011,5992],[-3,0],[-3,-8]],[[8034,5992],[-3,0]],[[8031,5992],[-3,0],[-3,-8]],[[8005,5984],[-2,0],[-3,0],[0,8]],[[8000,5992],[-3,0],[0,-8],[-3,0],[-3,-8],[0,-8]],[[7991,5968],[-3,0],[0,-8]],[[8025,5984],[-3,0]],[[8022,5984],[-2,0]],[[8020,5984],[0,0]],[[8020,5984],[-3,0]],[[8017,5984],[-3,0]],[[8014,5984],[0,0]],[[7991,5968],[0,-8]],[[7991,5960],[3,0],[0,-7],[-3,0],[0,-8],[0,-8]],[[7988,5960],[3,0]],[[7994,5937],[0,-8],[0,-8],[3,0]],[[7991,5937],[3,0]],[[8011,5937],[3,0],[0,-8]],[[8005,5929],[3,0],[3,0],[0,8]],[[8005,5937],[0,-8]],[[8000,5921],[3,8],[0,8],[2,0]],[[8014,5929],[3,0],[0,-8],[0,-8],[3,0],[-3,0],[0,-7],[-3,0],[0,-8],[0,-8],[0,-8],[-3,0],[0,-8],[0,-7]],[[8011,5867],[0,-8]],[[8014,5929],[0,0]],[[8000,5921],[0,0]],[[7997,5921],[3,0]],[[8011,5867],[-3,0]],[[8008,5867],[0,-8],[0,-8],[3,0],[0,-8],[3,0]],[[8014,5843],[3,0],[0,-8],[3,-7],[2,0],[0,-8],[-2,0],[0,-8],[0,-8],[-3,-8],[0,-8],[-3,0],[0,-7]],[[8014,5843],[0,0]],[[8065,6078],[0,7]],[[8065,6085],[-3,0],[-3,0],[0,8],[-3,8]],[[8056,6101],[0,-8],[-2,0],[0,-8]],[[8051,6085],[-3,0]],[[8048,6085],[0,-7],[-3,0],[3,0],[0,-8],[0,-8]],[[8054,6085],[-3,0]],[[8051,6085],[0,0]],[[8068,6085],[0,-7],[-3,0]],[[8048,6062],[3,0],[3,0],[0,-8]],[[8048,6062],[0,0]],[[8059,6054],[3,0],[0,-8],[3,-8],[0,-7],[0,-8],[-3,0]],[[8056,6046],[0,8]],[[8056,6054],[3,0]],[[8054,6054],[2,0]],[[8054,6054],[0,0]],[[8062,6023],[-3,0]],[[8059,6023],[-3,0],[-2,-8]],[[8045,6015],[-3,8]],[[8042,6023],[-3,0],[-2,-8]],[[8054,6015],[0,8]],[[8054,6015],[-3,0]],[[8037,6015],[0,0]],[[8051,6015],[0,0]],[[8051,6015],[-3,0],[-3,0]],[[8147,6124],[3,-7],[-3,-8],[0,-8],[3,0],[0,-8],[-3,0],[0,-8],[3,0],[0,-7]],[[8204,5906],[-3,0],[-3,0],[0,7],[-3,0]],[[8195,5913],[0,-7],[-5,0]],[[8190,5906],[-3,0]],[[8187,5906],[0,7]],[[8187,5906],[-3,0],[0,-8]],[[8207,5874],[-3,0],[0,8],[0,8],[3,8],[0,8],[-3,0]],[[8204,5906],[0,0]],[[8173,5882],[-3,0],[0,8],[3,0]],[[8173,5890],[0,8],[-3,0],[-3,0]],[[8167,5898],[0,-8],[-3,-8],[0,-8],[-3,0]],[[8184,5898],[-3,0]],[[8181,5898],[0,-8],[-3,0],[0,-8],[-2,0]],[[8161,5874],[0,8],[-2,0]],[[8159,5882],[0,8]],[[8176,5882],[-3,8]],[[8173,5890],[0,-8]],[[8159,5882],[-3,0]],[[8156,5882],[0,0]],[[8198,5796],[0,8],[0,8],[0,8],[3,0],[0,8],[3,0],[0,7],[3,0],[0,8],[0,8],[0,8],[3,0],[0,8],[0,7]],[[8210,5874],[2,0]],[[8210,5874],[-3,0]],[[8207,5874],[0,0]],[[8207,5812],[0,0]],[[8207,5812],[-3,0],[-3,0],[0,-8],[0,-8],[-3,0]],[[8212,5773],[0,8]],[[8212,5781],[-2,0],[2,0]],[[8212,5781],[0,7],[-2,0],[0,8],[0,8],[2,0],[-2,0],[0,8]],[[8210,5812],[-3,0]],[[8221,5788],[-3,0]],[[8218,5788],[-3,0],[0,-7]],[[8227,5781],[0,7]],[[8227,5788],[-3,0]],[[8224,5788],[0,0]],[[8224,5788],[-3,0]],[[8215,5781],[0,0]],[[8215,5781],[-3,0]],[[8263,5843],[3,-8],[3,0]],[[8252,5828],[3,7],[3,0],[0,8],[3,0],[2,0]],[[8278,5828],[0,7],[3,0]],[[8269,5835],[3,-7]],[[8269,5835],[0,0]],[[8275,5835],[3,-7]],[[8272,5828],[3,7]],[[8252,5828],[0,0]],[[8252,5820],[0,8]],[[8255,5804],[0,8],[0,8],[0,8]],[[8255,5828],[-3,-8]],[[8232,5820],[3,0]],[[8229,5788],[3,8],[-3,0],[0,8],[3,0],[0,8],[0,8]],[[8235,5820],[3,0]],[[8235,5820],[0,0]],[[8238,5820],[3,0],[0,-8]],[[8238,5820],[0,0]],[[8244,5812],[2,0],[0,-8],[3,0],[0,-8],[3,0]],[[8241,5812],[3,0]],[[8252,5804],[3,0]],[[8252,5796],[0,8]],[[8229,5788],[0,0]],[[8227,5788],[2,0]],[[8147,6078],[3,-8],[0,-8],[3,0],[0,-8],[-3,0],[0,-8]],[[8150,6046],[0,-8]],[[8150,6046],[3,0],[0,-8],[-3,0]],[[8150,6038],[0,-7],[0,-8],[3,0],[0,-8],[0,-8],[-3,-8],[0,-7]],[[8150,5992],[-3,0]],[[8147,5992],[-3,0],[-2,-8],[0,-8],[-3,0],[0,-8],[-3,0],[3,-8]],[[8150,5976],[3,0],[0,-8],[3,0],[0,-8],[0,-7]],[[8156,5953],[-3,0],[3,0]],[[8150,5968],[0,8]],[[8147,5976],[3,-8]],[[8144,5968],[3,0],[0,8]],[[8144,5968],[0,0]],[[8139,5960],[3,0],[0,8],[2,0]],[[8156,5953],[0,-8],[-3,0],[0,-8],[-3,0],[3,0],[0,-8],[0,-8],[-3,-8],[0,-7],[3,0],[0,-8],[0,-8],[3,-8]],[[8156,5953],[0,0]],[[7767,7116],[3,8],[3,0],[0,8],[0,8],[0,31],[3,0],[0,8],[8,8]],[[7759,7124],[8,-8]],[[7696,7015],[3,0],[3,0],[0,8],[3,0],[3,8],[3,7],[5,24],[17,39],[14,15],[12,8]],[[7688,7015],[8,0]],[[7685,6913],[0,8],[3,8],[-3,8],[-3,23],[0,8],[3,16],[0,23],[0,8],[3,0]],[[7835,7015],[3,31],[-3,0],[0,8],[-5,8],[-6,8],[-3,7],[0,8],[-3,8],[3,0],[3,8],[-17,94]],[[7918,6898],[-3,0],[-3,8],[0,7],[-3,0],[0,8],[0,8],[-8,0],[0,8],[-3,0],[-3,0],[0,8],[0,7],[-3,0],[-6,0],[-3,8],[-2,0],[0,8],[-3,0],[-9,0],[3,0],[0,8],[3,8],[8,7],[0,8],[3,0],[0,8],[3,8],[3,8],[0,8],[-3,15],[-3,0],[-5,0]],[[7881,7046],[-3,0],[-6,0],[0,-8],[-8,0],[-12,-7],[-5,-8],[0,-8],[-3,0],[-9,0]],[[8008,6773],[-3,0],[-2,0],[0,8],[-6,7],[-6,16],[-8,0],[0,8],[0,8],[0,7],[3,0],[0,8],[0,8],[0,8],[-3,0],[3,0],[8,16],[3,0],[0,7],[3,0],[0,8],[0,8],[3,0],[2,0],[0,8],[0,8],[-2,15],[-3,0],[0,8]],[[8000,6929],[3,0],[-3,0]],[[8000,6929],[-9,0],[-5,0],[-6,-8],[-3,0],[-3,-8],[-3,-7]],[[7971,6906],[-5,0],[-3,7],[-3,0],[-3,0],[-3,0]],[[7954,6913],[-11,-7],[-3,0],[-3,0],[3,-8],[3,0],[0,-8],[0,-8],[-3,0],[0,-8],[-3,0]],[[7923,6882],[0,8],[-3,0],[0,8]],[[7920,6898],[-2,0]],[[7932,6874],[-6,0],[0,8]],[[7926,6882],[-3,0]],[[7937,6874],[-2,0]],[[7935,6874],[-3,0]],[[8011,6773],[-3,0]],[[8008,6773],[0,0]],[[7983,6492],[-3,0],[-3,0],[0,7],[-3,0],[0,8],[3,0],[0,8],[-3,0],[0,8],[-3,0],[0,8],[-2,0]],[[7969,6531],[-3,0],[-3,0],[0,-8],[-3,0],[0,-8],[-3,0],[-3,0],[0,-8]],[[7952,6507],[0,0]],[[7952,6507],[-3,0],[0,-8],[3,-7],[-3,0],[3,0],[0,-8]],[[7954,6507],[-2,0]],[[7988,6484],[-2,0],[2,8],[-2,0]],[[7986,6492],[-3,0]],[[7952,6484],[0,-8],[2,0],[3,-8]],[[7952,6484],[0,0]],[[7994,6484],[-3,0],[-3,0]],[[7988,6484],[0,0]],[[8011,6452],[-3,8],[-3,0],[0,8],[0,8],[-2,0],[0,8],[-6,0]],[[7997,6484],[-3,0]],[[7940,6437],[0,8],[-3,0],[0,7],[3,0],[0,8],[0,8],[0,8],[-3,0]],[[7937,6476],[0,-8]],[[7957,6468],[0,0]],[[7957,6468],[-3,-8],[-2,0],[0,-8],[-3,0],[-3,0],[0,-7]],[[8008,6452],[3,0]],[[8022,6398],[-2,0],[-3,8],[-3,0],[-3,7],[-3,0],[0,8],[0,8],[3,0],[0,8],[-3,0],[0,8],[0,7]],[[7946,6445],[-3,0]],[[7943,6445],[-3,-8]],[[8042,6421],[0,0]],[[8042,6421],[-3,0],[0,-8],[0,-7],[-2,0],[0,-8]],[[8037,6398],[-3,0]],[[8034,6398],[0,8]],[[8034,6398],[-3,0]],[[8025,6398],[-3,0]],[[8022,6398],[0,0]],[[8031,6398],[-3,0]],[[8028,6398],[-3,0]],[[8079,6929],[0,-8],[0,-8],[3,-7],[3,-8],[-3,-8],[-3,-16],[-3,0],[0,-7],[-3,-8],[0,-8],[-2,-8],[2,-8],[3,0],[3,0],[6,-8],[3,0]],[[8071,6921],[2,0],[0,8],[3,0],[3,0]],[[8065,6921],[3,0],[3,0]],[[8062,6906],[3,0],[0,7],[0,8]],[[8062,6906],[0,0]],[[8042,6796],[3,0],[3,0],[0,8],[3,0],[0,8],[0,8],[0,7],[0,8],[0,8],[0,8],[0,16],[3,7],[0,8],[2,0],[0,8],[3,8],[0,8],[3,0]],[[8088,6827],[3,0],[2,0],[3,-7],[0,-8],[3,0],[3,0],[3,0]],[[8088,6827],[0,0]],[[8039,6804],[0,-8],[3,0]],[[8017,6781],[3,0],[2,0],[3,0],[3,7],[3,0],[0,8],[3,0],[5,8]],[[8017,6781],[0,0]],[[8011,6773],[0,8],[3,0],[3,0]],[[8020,6765],[0,8],[-6,0]],[[8014,6773],[-3,0]],[[8017,6765],[3,0]],[[8020,6757],[-3,0],[0,8]],[[8045,6640],[-3,0],[0,8],[-3,0],[0,8],[-2,0],[0,7],[0,8],[2,0],[0,8],[0,8],[0,8],[-2,0],[0,7],[0,8],[-3,8],[3,8],[-3,8],[0,8],[-3,0],[-3,0],[0,7],[-3,0],[0,8],[-3,0]],[[8022,6757],[0,8]],[[8022,6757],[-2,0]],[[8082,6749],[-3,0],[0,8],[-3,0]],[[8076,6757],[-3,0],[0,-8],[0,-7],[0,-8],[0,-8],[3,0],[-3,0],[0,-8]],[[8093,6749],[-2,0],[-3,0]],[[8088,6749],[-3,0]],[[8085,6749],[0,0]],[[8085,6749],[-3,0]],[[8073,6718],[0,0]],[[8073,6718],[-2,0],[0,-8],[0,-8],[-3,0],[3,0],[0,-7],[0,-8]],[[8073,6687],[3,-8],[3,0]],[[8071,6687],[2,0]],[[8079,6679],[3,0],[0,-8],[0,-8],[0,-7],[-3,0],[3,0],[0,-8],[0,-8],[-3,0],[-3,0]],[[8079,6679],[0,0]],[[8076,6640],[-3,0],[-2,0]],[[8071,6640],[-3,0],[0,-8]],[[8068,6632],[3,0]],[[8051,6624],[-3,8],[0,8]],[[8048,6640],[-3,0]],[[8068,6632],[0,-8],[3,0],[0,-7],[0,-8],[-3,0]],[[8054,6617],[0,7]],[[8054,6624],[5,0],[-5,0]],[[8054,6624],[-3,0]],[[8056,6617],[0,0]],[[8056,6617],[-2,0]],[[8068,6609],[-3,0],[-3,8],[-3,0]],[[8059,6617],[-3,0]],[[8150,6327],[-3,8],[0,8],[-3,0],[-2,8],[-3,0],[-3,0],[0,8],[-3,0],[-3,8],[-3,0]],[[8159,6327],[-9,0]],[[8201,6929],[-3,0],[3,8],[0,8]],[[8201,6945],[0,0]],[[8201,6945],[-3,0]],[[8198,6945],[0,-8],[-3,0],[-2,0],[0,-8],[-3,-8],[0,-8],[-3,0]],[[8181,6921],[-3,0],[0,8],[-2,0],[-3,0]],[[8173,6929],[3,-8],[-3,0],[-3,-8],[-6,-7],[0,-8],[-3,0],[-2,-8],[0,-8],[-3,0]],[[8201,6929],[0,0]],[[8187,6913],[0,8],[-3,8]],[[8184,6929],[-3,0],[0,-8]],[[8156,6882],[0,0]],[[8156,6882],[-3,0],[0,-8],[-3,0],[0,-7],[-3,0],[0,-8],[-3,0],[0,-8],[-2,0],[0,-8],[0,-8],[0,-8],[0,-7],[0,-8],[-3,0]],[[8139,6812],[0,8]],[[8139,6820],[-3,0],[0,-8],[0,-8],[0,-8],[-3,0],[-3,0]],[[8113,6788],[0,8],[-3,8],[-5,0]],[[8105,6804],[0,8]],[[8130,6796],[-3,0]],[[8127,6796],[-5,-8]],[[8122,6788],[-3,0]],[[8119,6788],[-6,0]],[[8045,6406],[0,7],[-3,8]],[[8065,6398],[-3,0],[-3,0],[0,8],[0,7],[0,8]],[[8059,6421],[-3,0],[-2,0],[0,-8],[-3,0]],[[8051,6413],[-3,0]],[[8048,6413],[-3,-7]],[[8079,6406],[-3,0]],[[8076,6406],[-3,0],[-2,0],[-3,-8],[-3,0]],[[8091,6382],[0,8],[-3,0],[0,8],[0,8],[-3,0]],[[8085,6406],[-3,0]],[[8082,6406],[0,0]],[[8082,6406],[-3,0]],[[8102,6382],[-3,0],[0,8],[-3,0]],[[8096,6390],[-3,0],[0,-8],[-2,0]],[[8113,6359],[0,8]],[[8113,6367],[-3,0],[-2,0],[0,7],[-3,0],[0,8],[-3,0]],[[8102,6382],[0,0]],[[8127,6367],[0,7],[-2,0]],[[8125,6374],[-3,0]],[[8122,6374],[0,0]],[[8122,6374],[-3,0],[0,-7]],[[8119,6367],[0,0]],[[8119,6367],[-3,0]],[[8116,6367],[0,0]],[[8116,6367],[-3,0]],[[8096,6734],[-3,0],[0,8],[0,7]],[[8105,6726],[-3,0],[-3,0],[0,8]],[[8099,6734],[-3,0]],[[8119,6710],[-3,0],[-3,0],[0,8],[-3,0],[0,8],[-2,0],[-3,0]],[[8105,6726],[0,0]],[[8127,6702],[-2,0],[-3,0],[0,8],[-3,0]],[[8119,6710],[0,0]],[[8125,6609],[2,0],[3,0],[0,8],[0,7],[-3,8],[0,8],[0,8],[0,8],[3,0],[0,7],[3,0],[0,8],[0,8],[-3,0],[0,8],[3,0],[0,8],[-3,0],[-3,0],[0,7]],[[8127,6702],[0,0]],[[8105,6609],[3,0],[2,0],[3,-8]],[[8105,6585],[3,0],[0,8],[-3,8],[0,8]],[[8119,6609],[3,0]],[[8113,6601],[0,8],[3,0],[3,0]],[[8125,6609],[0,0]],[[8122,6609],[3,0]],[[8079,6593],[0,0]],[[8073,6593],[6,0]],[[8082,6593],[3,0],[0,-8],[3,0],[3,-8]],[[8079,6593],[3,0]],[[8073,6593],[0,0]],[[8068,6546],[-3,8],[3,0],[0,8],[3,0],[0,8],[2,0],[0,7],[-2,0],[0,8],[0,8],[2,0]],[[8102,6585],[3,0]],[[8099,6577],[0,8],[3,0]],[[8093,6577],[3,0]],[[8091,6577],[2,0]],[[8096,6577],[3,0]],[[8096,6577],[0,0]],[[8076,6531],[0,7],[-3,0],[0,8],[-2,0]],[[8071,6546],[-3,0]],[[8073,6531],[3,0]],[[8073,6515],[0,8],[-2,0],[0,8],[2,0]],[[8071,6515],[2,0]],[[8071,6468],[0,8]],[[8071,6476],[2,0],[-2,8],[0,8],[0,7],[-3,0],[3,8],[0,8]],[[8068,6476],[3,0]],[[8065,6476],[3,0]],[[8059,6476],[3,0]],[[8054,6429],[0,8],[0,8],[-3,0],[-3,7],[0,8],[3,0],[0,8],[3,0],[2,8],[3,0]],[[8065,6476],[0,0]],[[8062,6476],[3,0]],[[8051,6429],[3,0]],[[8045,6421],[3,0],[3,0],[0,8]],[[8042,6421],[3,0]],[[8102,6804],[3,0]],[[8099,6804],[3,0]],[[8093,6749],[0,8],[0,8],[-2,0],[2,8],[0,8],[0,7],[3,0],[0,8],[3,0],[0,8]],[[7685,6913],[0,0]],[[7685,6913],[-3,-7],[-8,0],[-3,0],[-3,0],[0,-8],[-3,0],[-3,-8],[-3,0],[-2,0],[-9,-8],[-3,0],[-3,0],[-2,0],[0,-8],[-3,0],[-3,0],[-3,0]],[[7631,6874],[-3,0]],[[7628,6874],[-5,0]],[[7623,6874],[0,0]],[[7623,6874],[-3,0],[0,-7],[-3,0],[0,-8],[-3,0],[-3,0]],[[7611,6859],[-3,0]],[[7608,6859],[0,-8],[0,-8],[6,-23],[3,-8],[-3,0],[0,-8],[6,-8],[3,0],[2,-8],[3,0],[0,-7],[3,0],[3,0],[0,-8],[3,-8],[0,-8],[3,-8],[0,-7],[-3,0],[-3,-8],[-3,0]],[[7631,6734],[-3,0]],[[7628,6734],[-3,0],[-2,-8],[0,-8],[0,-8],[2,0],[0,-8],[3,0],[3,0],[3,-15],[0,-8],[0,-8],[-3,0],[-3,-8]],[[7628,6663],[-3,0],[-5,8],[-9,0],[-3,0],[-2,0],[0,8],[-3,8]],[[7603,6687],[0,-16],[-3,0]],[[7600,6671],[-6,0]],[[7594,6648],[-3,0],[-2,8],[-3,7],[3,0],[0,8],[2,0],[3,0]],[[7591,6577],[0,8],[0,8],[-2,0],[0,8],[0,8],[0,8],[2,0],[3,0],[0,7],[0,8],[0,8],[3,0],[0,8],[-3,0]],[[7594,6648],[0,0]],[[7614,6452],[-3,0],[-3,0],[0,8],[0,8],[0,8],[-2,0],[-3,0],[0,8],[-3,0],[0,8],[-3,7],[-3,0],[0,8],[-3,8],[3,0],[0,8],[3,0],[0,8],[0,7],[0,8],[0,8],[0,8],[-3,0],[3,8],[0,7],[-3,0]],[[7594,6577],[-3,0]],[[7651,6429],[-3,0],[0,8],[-3,0],[-3,15]],[[7642,6452],[-5,0],[-3,0],[-3,-7]],[[7625,6437],[-2,0],[0,8],[-3,0],[-3,7],[-3,0]],[[7614,6452],[0,0]],[[7631,6445],[-3,0]],[[7628,6445],[-3,0],[0,-8]],[[7659,6413],[0,8]],[[7659,6421],[-2,0],[-3,0],[0,8]],[[7654,6429],[-3,0]],[[7665,6406],[0,7],[0,8],[-3,0]],[[7662,6421],[-3,0]],[[7671,6413],[0,0]],[[7671,6413],[-3,0]],[[7674,6413],[0,0]],[[7674,6413],[-3,0]],[[7668,6413],[0,0]],[[7668,6413],[0,-7],[-3,0]],[[7685,6406],[-6,7]],[[7679,6413],[-3,-7]],[[7676,6406],[0,7]],[[7676,6413],[-2,0]],[[7691,6406],[-3,0]],[[7688,6406],[-3,0]],[[7759,6327],[0,8],[-3,0],[0,8],[0,8],[0,8],[0,8],[-3,0],[-6,0],[0,7],[-2,0],[-3,0],[0,8],[0,8],[-3,0],[-3,0],[0,8],[-3,8]],[[7733,6406],[-3,-8],[-2,0]],[[7699,6398],[-3,0],[-2,8]],[[7694,6406],[-3,0]],[[7728,6398],[0,0]],[[7728,6398],[-3,0],[0,-8],[-3,0],[-3,0]],[[7713,6390],[-2,0],[0,8],[-3,0],[-3,0]],[[7705,6398],[0,-8],[-3,0]],[[7702,6390],[-3,8]],[[7699,6398],[0,0]],[[7821,6390],[-3,-8]],[[7719,6390],[-3,0],[-3,0]],[[7713,6390],[0,0]],[[7818,6382],[0,8],[-3,0],[-2,0]],[[7813,6390],[-3,0],[0,-8],[3,0],[0,-8]],[[7813,6374],[-3,0]],[[7810,6374],[0,-7],[-3,0],[0,-8]],[[7807,6359],[3,0],[-3,0]],[[7807,6359],[0,0]],[[7807,6359],[0,-8],[-3,0]],[[7804,6351],[-3,0]],[[7801,6351],[-3,0]],[[7798,6351],[0,0]],[[7798,6351],[-2,0]],[[7796,6351],[0,0]],[[7796,6351],[-3,0],[0,-8],[3,0],[0,-8],[-3,0],[3,0],[0,-8],[-3,0]],[[7793,6327],[-3,0],[-3,8],[-3,0],[-3,8]],[[7781,6343],[-2,0],[0,-8],[-3,0],[3,0],[0,-8],[0,-7]],[[7779,6320],[0,-8]],[[7767,6327],[-3,0],[-2,8]],[[7762,6335],[-3,-8]],[[7779,6320],[-3,0],[0,7],[-3,0]],[[7773,6327],[0,0]],[[7773,6327],[-3,0],[-3,0]],[[7767,6327],[0,0]],[[7824,6499],[-3,0],[0,8]],[[7821,6507],[-3,0],[0,-8],[-5,0],[0,-7],[0,-8],[0,-8],[2,0],[0,-8],[3,-8]],[[7838,6492],[0,7],[-3,0],[-5,8]],[[7830,6507],[0,-8],[-3,0],[-3,0]],[[7866,6421],[-2,8],[-3,8],[-3,0],[-3,0],[0,8],[-3,0],[0,7],[0,8],[0,8],[-3,0],[0,8],[-2,0],[2,0],[0,8],[-2,0],[-3,8],[-3,0],[0,7]],[[7841,6499],[-3,-7]],[[7937,6468],[-2,0]],[[7935,6468],[0,-8],[0,-8],[0,-7],[-3,-8]],[[7818,6460],[3,0],[0,-8],[-3,0],[-3,-7],[0,-8],[0,-8],[-2,0],[0,-8],[0,-8],[0,-7],[2,0],[3,-8]],[[7818,6460],[0,0]],[[7932,6437],[0,8],[-3,0],[-3,0]],[[7926,6445],[0,0]],[[7926,6445],[-3,0]],[[7923,6445],[-3,0],[0,-8],[-2,-8],[0,-8],[2,0],[0,-8],[0,-7],[-2,0]],[[7886,6421],[-3,8]],[[7883,6429],[-2,0],[0,-8],[0,-8],[-3,0]],[[7878,6413],[0,-7]],[[7892,6398],[-3,0],[0,8],[3,7],[-3,0],[0,8],[-3,0]],[[7886,6421],[0,0]],[[7878,6413],[-3,0],[-3,0],[-3,0],[0,8],[-3,0]],[[7866,6421],[0,0]],[[7901,6382],[0,8],[2,0]],[[7903,6390],[0,8]],[[7903,6398],[-2,0],[0,8],[-3,0]],[[7898,6406],[0,7]],[[7898,6406],[-3,0]],[[7895,6406],[0,0]],[[7895,6406],[-3,0],[0,-8]],[[7912,6398],[0,8],[-3,0],[-3,0]],[[7906,6406],[0,-8],[-3,0]],[[7903,6390],[0,-8],[-2,0]],[[7918,6406],[0,0]],[[7918,6406],[-3,0],[0,-8],[-3,0]],[[7818,6398],[3,0],[0,-8]],[[7818,6398],[0,0]],[[7745,6906],[0,7],[-3,0],[-3,0],[-3,0],[0,8],[-3,0],[-3,0],[-8,0],[-3,0]],[[7719,6921],[-3,0],[-3,0]],[[7711,6921],[-3,0]],[[7708,6921],[-3,0]],[[7713,6921],[-2,0]],[[7711,6921],[0,0]],[[7705,6921],[-3,0]],[[7702,6921],[-3,-8],[-3,0]],[[7832,6882],[-2,0],[-9,16],[-8,8],[0,7],[-9,0]],[[7804,6913],[-3,0],[0,-7],[0,-8],[0,-8],[0,-8],[0,-8],[-3,0],[0,-7],[3,0],[0,-16],[-3,0]],[[7696,6913],[-2,0],[-3,0]],[[7691,6913],[-3,0],[0,-7]],[[7764,6890],[-2,8],[-3,0],[-3,8],[-3,7]],[[7753,6913],[-3,0]],[[7750,6913],[-3,0]],[[7747,6913],[0,-7],[-2,0]],[[7688,6906],[-3,7]],[[7858,6898],[-3,0],[-3,0],[0,8],[-3,0]],[[7849,6906],[0,-8],[-2,0],[0,-8]],[[7844,6898],[-3,0],[-3,0]],[[7838,6898],[0,-8],[-3,0],[-3,-8]],[[7892,6835],[-3,0],[0,8]],[[7889,6843],[-3,0],[-3,0],[-2,8],[-6,8],[-3,0],[0,8],[-3,0],[0,7],[-8,16],[0,8],[-3,0]],[[7858,6898],[0,0]],[[7847,6890],[-3,8]],[[7844,6898],[0,0]],[[7776,6874],[-3,0],[0,8],[-3,0],[-3,8]],[[7767,6890],[-3,0]],[[7779,6867],[-3,7]],[[7776,6874],[0,0]],[[7798,6851],[-2,0],[-3,0],[-3,0],[-3,8],[-3,8],[-3,0]],[[7781,6867],[-2,0]],[[7898,6843],[-3,0],[0,8],[-3,0],[-3,8]],[[7889,6859],[0,-8],[0,-8]],[[7889,6843],[3,0],[0,-8]],[[7937,6781],[-2,0],[0,7],[-3,0],[-9,16],[-8,16],[-3,0],[-9,7],[0,8],[0,8],[-2,0]],[[7901,6843],[-3,0]],[[7949,6773],[-3,0],[0,8],[-3,0],[3,0],[0,7],[-3,0],[0,8]],[[7943,6796],[-3,0],[0,-8],[-3,0],[0,-7]],[[7966,6687],[0,8],[0,7],[-3,0],[0,8],[-3,0],[0,8],[3,0],[0,8],[-3,0],[0,8],[-3,0],[0,8],[0,7],[3,0],[0,8],[-3,0],[-3,8],[-5,8]],[[7949,6773],[0,0]],[[7971,6648],[0,8],[0,7],[-2,0],[0,8],[2,8],[0,8],[-2,0]],[[7969,6687],[-3,0]],[[7966,6656],[3,0],[0,-8]],[[7963,6648],[3,0],[0,8]],[[7969,6648],[2,0]],[[7969,6648],[0,0]],[[7963,6648],[0,0]],[[7963,6624],[0,8],[0,8],[0,8]],[[7960,6624],[3,0]],[[7954,6617],[3,7],[3,0]],[[7952,6617],[2,0]],[[7952,6609],[0,8]],[[7940,6570],[0,7],[3,0],[3,0],[0,8],[3,0],[3,8],[0,8],[2,0],[-2,0],[0,8]],[[7952,6609],[0,0]],[[7940,6570],[0,0]],[[7937,6554],[0,8],[0,8],[3,0]],[[7943,6546],[0,8],[-3,0]],[[7940,6554],[0,8]],[[7940,6554],[-3,0]],[[7946,6531],[3,0],[0,7],[0,8],[-3,0]],[[7946,6546],[-3,0]],[[7912,6538],[3,0],[0,-7],[3,0],[2,0]],[[7915,6499],[-3,0],[0,8],[0,8],[-3,8],[0,8],[3,0],[0,7]],[[7920,6531],[0,0]],[[7923,6531],[3,0],[0,-8],[3,0]],[[7920,6531],[3,0]],[[7946,6531],[0,0]],[[7943,6523],[3,0],[0,8]],[[7929,6523],[3,0],[0,-8],[3,0]],[[7929,6523],[0,0]],[[7943,6523],[0,0]],[[7940,6515],[3,0],[0,8]],[[7940,6515],[0,0]],[[7937,6515],[3,0]],[[7935,6515],[2,0]],[[7935,6515],[0,0]],[[7918,6499],[-3,0]],[[7915,6499],[0,0]],[[7920,6484],[0,8],[-2,0],[0,7]],[[7918,6499],[0,0]],[[7935,6468],[-3,0],[0,8],[0,8],[-3,0]],[[7929,6484],[-3,0],[0,-8],[-3,0]],[[7923,6476],[-3,8]],[[7920,6484],[0,0]],[[8295,7007],[-3,0],[0,8],[0,8],[-3,0],[0,8]],[[8289,7031],[-3,0]],[[8286,6984],[0,7],[3,0],[3,8],[6,0],[-3,8]],[[8295,7007],[0,0]],[[8283,6984],[3,0]],[[8292,6968],[-3,0],[-3,0],[-3,0],[0,8],[-2,0],[0,8],[2,0]],[[8289,6906],[3,0],[3,7],[0,8],[3,0],[0,8],[0,8],[0,8],[-3,0],[0,7],[0,8],[0,8]],[[8295,6968],[-3,0]],[[8283,6906],[3,0]],[[8281,6906],[2,0]],[[8281,6906],[0,0]],[[8275,6734],[3,0],[0,8],[-3,7],[3,0],[0,8],[3,0],[0,8],[2,8],[0,8],[3,0],[0,7],[0,8],[-3,8],[-2,8],[0,8],[-3,7],[0,8],[-3,0],[-3,0],[-3,0],[0,8],[0,8],[0,8],[3,8],[0,7],[3,0],[3,8],[0,8],[0,8],[0,8],[3,0]],[[8289,6906],[0,0]],[[8286,6906],[3,0]],[[8275,6734],[0,0]],[[8275,6695],[-3,0],[0,7],[-3,0],[0,8],[0,8],[-3,0],[3,0],[3,8],[3,0],[0,8]],[[8286,7031],[-3,0],[0,-8],[3,0],[0,-8],[-3,0],[-2,0],[-3,-8]],[[8278,7007],[-3,0]],[[8275,7007],[-6,-8],[-3,0]],[[8266,6999],[-3,0],[0,8],[-2,0]],[[8261,7007],[-3,0],[-3,0],[-3,-8],[-3,-8],[-3,0]],[[8246,6991],[-2,0],[-3,0],[0,8],[-3,0]],[[8238,6999],[-3,-8],[-3,0],[0,-7],[-3,-8],[-2,-8],[0,-8],[-3,0],[0,-8],[-3,-7]],[[8221,6945],[-3,0],[-6,7]],[[8212,6952],[0,-7]],[[8212,6945],[-2,0]],[[8210,6945],[0,-8],[-3,-8]],[[8207,6929],[-3,0]],[[8204,6929],[-3,0]],[[8181,6742],[3,7],[0,8],[3,0],[0,8],[3,0],[0,8],[-3,0],[3,0],[0,8],[3,0],[0,7],[0,8],[-3,0],[3,0],[-3,8],[-3,8],[-3,0],[0,8],[0,7],[0,8],[3,0],[0,8],[3,0],[0,8],[3,0],[2,8],[0,8],[0,7],[0,8],[3,0],[0,8],[0,8],[3,0],[0,8],[3,7],[0,8],[0,8]],[[8204,6929],[0,0]],[[8181,6742],[0,0]],[[8181,6726],[0,8],[0,8]],[[8181,6726],[0,0]],[[8181,6718],[0,8]],[[8181,6718],[0,0]],[[8184,6656],[0,7],[-3,8],[0,8],[3,0],[0,8],[0,8],[0,7],[0,8],[-3,8]],[[8178,6554],[0,8],[-2,0],[0,8],[2,7],[0,8],[0,8],[0,8],[3,0],[0,8],[3,0],[0,8],[3,7],[0,8],[0,8],[0,8],[-3,8]],[[8184,6656],[0,0]],[[8178,6554],[0,0]],[[8283,5835],[-2,0]],[[8283,5828],[0,7]],[[8283,5835],[0,0]],[[8295,5765],[0,8],[-3,0],[-3,0],[0,8],[3,0],[0,7],[3,8],[0,8],[3,0],[0,8],[2,0],[3,0],[0,8],[0,8],[-3,0],[0,7],[-2,0]],[[8298,5835],[0,0]],[[8298,5835],[-3,0]],[[8295,5835],[0,-7],[-3,0]],[[8289,5828],[-3,0]],[[8286,5828],[-3,0]],[[8292,5828],[-3,0]],[[8289,5828],[0,0]],[[8337,5796],[0,0]],[[8337,5796],[-3,0]],[[8334,5796],[0,-8],[-2,-7],[2,0],[0,-8]],[[8332,5765],[0,8],[-3,0],[0,8],[-3,0],[0,7],[-3,0]],[[8323,5788],[-3,0]],[[8320,5788],[0,-7]],[[8320,5788],[-3,-7],[-2,0]],[[8315,5781],[0,0]],[[8315,5781],[-3,0],[-3,0],[0,-8]],[[8309,5773],[-3,0]],[[8306,5773],[-3,0]],[[8303,5773],[-3,0]],[[8300,5773],[0,0]],[[8334,5773],[0,0]],[[8334,5773],[-2,-8]],[[8300,5773],[-2,0]],[[8298,5773],[0,-8],[-3,0]],[[8402,6038],[3,8],[3,0],[0,8],[-3,0],[3,0],[0,8]],[[8400,6038],[2,0]],[[8400,6038],[0,0]],[[8397,6038],[3,0]],[[8397,6038],[0,0]],[[8383,6038],[2,-7],[3,-8]],[[8377,6031],[3,0],[3,0],[0,7]],[[8388,6023],[3,0],[0,8],[3,0],[0,7],[3,0]],[[8377,6031],[0,0]],[[8371,5984],[0,8],[0,7],[0,8],[3,8],[3,8],[0,8]],[[8366,5960],[2,8],[3,8],[3,8],[-3,0]],[[8371,5984],[0,0]],[[8366,5960],[0,0]],[[8360,5960],[3,0],[3,0]],[[8360,5960],[0,0]],[[8357,5913],[0,8],[-3,8],[0,8],[0,8],[0,8],[3,0],[0,7],[3,0]],[[8354,5913],[3,0]],[[8337,5796],[0,8],[0,8],[-3,8],[3,0],[0,8],[3,0],[0,7],[0,8],[0,8],[0,8],[3,0],[0,8],[3,0],[-3,0],[0,7],[3,0],[3,0],[0,8],[2,0],[0,8],[0,8],[0,8],[3,7]],[[8402,6148],[0,-8],[-2,0],[0,-8],[-3,0],[0,-8],[3,0],[0,-7],[2,0],[0,-8],[3,0],[0,-8],[3,0],[0,-8],[0,-8],[3,-7],[-3,0],[3,0],[0,-8],[0,-8]],[[8281,6124],[0,-7],[0,-8],[2,0],[3,0],[0,-8],[0,-8],[0,-8],[0,-7],[3,0],[0,-8],[0,-8],[-3,0],[0,-8],[-3,0],[0,-8],[-2,-8],[-3,0],[-3,0],[0,-7],[0,-8],[-3,-8],[0,-8],[0,-8],[0,-7],[3,-8]],[[8278,5992],[3,-8],[-3,0],[0,-8],[0,-8]],[[8275,5984],[0,8],[3,0]],[[8278,5968],[0,-8],[3,0],[0,-7],[-3,-8],[3,-8],[0,-8],[2,0],[3,0],[0,-8],[0,-8],[-3,0],[0,-7],[-2,-8],[2,0]],[[8278,5968],[0,0]],[[8289,5898],[0,-8],[-3,0],[-3,0],[0,-8],[0,-8],[0,-7],[-2,0],[0,-8],[0,-8],[2,0],[0,-8],[-2,0],[0,-8]],[[8283,5898],[3,0],[3,0]],[[8283,5898],[0,0]],[[8281,6695],[0,-8]],[[8278,6687],[3,8]],[[8283,6695],[0,-8]],[[8283,6687],[3,0],[3,-8]],[[8275,6695],[3,-8]],[[8281,6687],[2,0]],[[8281,6687],[0,0]],[[8289,6687],[3,0],[0,-8]],[[8289,6679],[0,8]],[[8292,6679],[3,0],[3,-8],[2,0]],[[8292,6679],[0,0]],[[8315,6679],[2,0]],[[8312,6671],[3,0],[0,8]],[[8317,6679],[3,-8]],[[8317,6679],[0,0]],[[8320,6671],[3,0],[3,8]],[[8303,6679],[3,-8]],[[8300,6671],[3,0],[0,8]],[[8306,6679],[0,-8]],[[8306,6671],[3,0]],[[8312,6671],[0,0]],[[8309,6671],[3,0]],[[8326,6679],[0,-8],[-3,-8],[-3,-7],[0,-8]],[[8343,6671],[0,-8],[-3,0]],[[8337,6663],[3,0]],[[8340,6663],[3,8]],[[8337,6663],[0,0]],[[8326,6656],[6,0],[0,7],[2,0],[3,0]],[[8340,6663],[0,0]],[[8337,6663],[0,-7],[-3,-8],[-2,0],[0,-8],[-3,0],[-3,0]],[[8326,6656],[0,0]],[[8320,6648],[3,0],[0,8],[3,0]],[[8326,6640],[0,0]],[[8326,6640],[-3,-8],[-3,0],[0,-8],[0,-7],[-3,0]],[[8317,6617],[0,0]],[[8317,6617],[-2,0],[-3,-8],[-3,-8],[0,-8],[-3,0],[0,-8],[3,0]],[[8312,6585],[5,-8],[0,-7]],[[8309,6585],[3,0]],[[8320,6570],[3,0],[0,-8],[3,-8],[3,0]],[[8317,6570],[3,0]],[[8340,6554],[0,0]],[[8334,6554],[3,0],[3,0]],[[8343,6554],[3,0]],[[8340,6554],[3,0]],[[8332,6554],[2,0]],[[8329,6554],[3,0]],[[8178,6554],[0,-8],[0,-8],[3,0],[3,0],[0,-7],[-3,0],[0,-8],[3,0],[3,0],[0,-8],[0,-8]],[[8187,6507],[0,-8],[0,-7],[3,0],[3,0],[0,-8],[2,-8],[3,0],[0,-8],[0,-8],[0,-8]],[[8187,6507],[0,0]],[[8275,6695],[0,-8],[0,-8],[0,-8],[0,-8],[-3,0],[0,-7],[0,-8],[0,-8],[0,-8],[-3,0],[0,-8],[-3,0],[-3,0]],[[8263,6624],[0,0]],[[8263,6624],[0,-7]],[[8263,6617],[-2,0]],[[8261,6617],[-3,0],[0,-8],[-3,0],[-3,-8]],[[8252,6601],[-3,0],[-3,8]],[[8246,6609],[-2,0],[0,-8],[-3,0]],[[8229,6601],[0,0]],[[8229,6601],[0,-8],[-2,-8]],[[8235,6601],[-3,0]],[[8232,6601],[-3,0]],[[8241,6601],[-3,0]],[[8238,6601],[-3,0]],[[8224,6593],[0,0]],[[8224,6593],[-3,0],[0,-8],[-3,0],[-3,0],[0,-8],[-5,-7]],[[8227,6585],[0,8]],[[8227,6593],[-3,0]],[[8210,6570],[-3,0]],[[8207,6570],[0,0]],[[8207,6570],[-3,0]],[[8204,6570],[0,0]],[[8204,6570],[-3,0],[-3,-8]],[[8198,6562],[-3,0]],[[8195,6562],[-2,0],[-3,0],[0,-8],[-3,0],[-3,0]],[[8181,6554],[0,0]],[[8181,6554],[-3,0]],[[8184,6554],[0,0]],[[8184,6554],[-3,0]],[[8159,6327],[2,0],[0,-7],[3,0],[0,-8],[3,0],[3,0],[0,-8],[3,0],[0,-8],[3,0],[-3,0],[0,-8],[3,0],[-3,0],[0,-7],[0,-8],[0,-8],[0,-8],[-3,0]],[[8170,6257],[0,8],[-3,0]],[[8167,6265],[-6,-8],[-2,-8],[-3,0]],[[8156,6249],[0,0]],[[8156,6249],[-3,-7]],[[8147,6242],[-3,0],[-2,0]],[[8142,6242],[-3,0],[-3,-8],[-3,0]],[[8153,6242],[-3,0]],[[8150,6242],[-3,0]],[[8133,6234],[0,8]],[[8133,6242],[-3,0],[0,-8],[-5,0],[0,-8],[2,-8],[0,-8],[0,-7],[3,-8],[-3,0],[0,-8],[-2,-8],[0,-8],[2,0]],[[8130,6187],[0,-8]],[[8130,6179],[3,0],[0,-8],[3,0],[3,-8],[0,-7],[0,-8],[0,-8],[3,0],[2,-8],[3,-8]],[[8127,6171],[0,8],[3,0]],[[8193,6203],[2,0],[6,0],[3,-8],[3,0],[3,0],[0,-8]],[[8190,6195],[0,8],[3,0]],[[8184,6203],[3,0],[0,-8],[3,0]],[[8184,6171],[3,0],[0,8],[-3,0],[0,8],[0,8],[0,8]],[[8212,6187],[3,0],[3,0]],[[8210,6187],[2,0]],[[8218,6187],[3,0],[3,0],[5,-16],[3,0]],[[8232,6171],[0,-8]],[[8218,6187],[0,0]],[[8272,6187],[-3,-8]],[[8269,6179],[0,-8]],[[8258,6156],[3,0],[5,23],[3,0]],[[8252,6179],[0,-8]],[[8244,6163],[2,0],[0,8],[3,0],[0,8],[3,0]],[[8173,6179],[3,0],[0,-8],[2,0],[3,0]],[[8161,6163],[0,8],[3,0],[9,8]],[[8255,6179],[0,-8],[-3,0]],[[8252,6171],[0,-8],[0,-7],[3,0]],[[8181,6171],[3,0]],[[8181,6171],[0,0]],[[8272,6171],[3,0],[0,-8],[0,-7],[0,-8],[-3,0],[0,-8],[0,-8],[3,0],[-3,-8],[3,0]],[[8269,6171],[3,0]],[[8232,6163],[3,0]],[[8235,6163],[0,-7]],[[8241,6163],[3,0]],[[8235,6163],[3,0],[3,0]],[[8159,6163],[2,0]],[[8156,6163],[3,0]],[[8156,6163],[0,0]],[[8156,6156],[0,7]],[[8153,6156],[3,0]],[[8147,6124],[3,8],[0,8],[0,8],[3,0],[0,8]],[[8255,6156],[3,-8]],[[8255,6156],[0,0]],[[8258,6156],[0,0]],[[8258,6148],[0,8]],[[8278,6124],[3,0]],[[8275,6124],[3,0]],[[8198,6452],[-3,0],[0,-7]],[[8164,6445],[-3,0],[0,7]],[[8161,6452],[-2,0],[0,-7]],[[8187,6437],[0,8],[-3,0]],[[8184,6445],[-3,0],[-5,0]],[[8159,6445],[-3,0]],[[8156,6445],[-3,0],[3,-8],[3,0]],[[8176,6445],[-3,0],[-3,0],[-3,0]],[[8167,6445],[-3,0]],[[8195,6445],[-2,0]],[[8193,6445],[0,-8],[-3,0]],[[8190,6437],[3,0],[-3,0]],[[8190,6437],[0,0]],[[8190,6437],[-3,0]],[[8161,6437],[3,0],[0,-8],[-3,-8],[3,0]],[[8159,6437],[2,0]],[[8167,6421],[3,0],[3,-8],[3,-7],[-3,0],[3,0],[0,-8],[-3,0]],[[8164,6421],[3,0]],[[8173,6398],[0,0]],[[8173,6398],[-3,0]],[[8170,6398],[0,-8]],[[8164,6398],[0,0]],[[8164,6398],[-3,0]],[[8161,6398],[0,0]],[[8161,6398],[-2,0],[0,-8],[0,-8],[-3,0],[0,-8],[0,-7],[3,0],[0,-8],[2,0],[0,-8],[-2,0],[0,-8],[0,-8],[0,-8]],[[8170,6398],[-3,0]],[[8167,6398],[-3,0]],[[8326,6187],[0,0]],[[8320,6163],[3,0],[0,8],[0,8],[3,0],[0,8]],[[8329,6187],[3,0],[0,-8],[5,-8]],[[8326,6187],[3,0]],[[8337,6171],[3,0],[3,8]],[[8315,6171],[2,-8],[3,0]],[[8315,6156],[0,7]],[[8315,6163],[0,8]],[[8312,6163],[0,0]],[[8309,6156],[3,0],[0,7]],[[8312,6163],[3,0]],[[8309,6156],[0,0]],[[8303,6148],[3,0],[0,8],[3,0]],[[8303,6148],[0,0]],[[8298,6140],[2,8],[3,0]],[[8292,6148],[0,-8]],[[8292,6140],[3,0]],[[8281,6124],[2,8],[3,0],[3,0],[0,8],[3,0]],[[8295,6140],[3,0]],[[8295,6140],[0,0]],[[8198,6452],[0,-7],[3,0],[0,-8],[3,-8],[0,-8],[3,0],[0,-8],[3,0],[0,-7],[2,0],[0,-8],[3,0]],[[8215,6398],[3,0],[3,-8],[6,0]],[[8227,6390],[0,-8]],[[8215,6398],[0,0]],[[8229,6390],[0,-8],[3,0]],[[8227,6390],[2,0]],[[8255,6382],[3,0]],[[8249,6374],[0,8],[3,0],[3,0]],[[8275,6382],[3,0],[0,-8],[0,-7],[0,-8],[0,-8],[0,-8],[3,0]],[[8281,6343],[0,-8]],[[8275,6382],[0,0]],[[8261,6382],[2,0],[0,-8],[3,0]],[[8258,6382],[3,0]],[[8272,6382],[3,0]],[[8232,6382],[3,0]],[[8235,6382],[0,-8]],[[8232,6382],[0,0]],[[8241,6382],[3,0],[5,-8]],[[8238,6382],[3,0]],[[8238,6382],[0,0]],[[8235,6382],[3,0]],[[8272,6382],[0,0]],[[8266,6374],[3,0],[3,0],[0,8]],[[8281,6343],[2,-8]],[[8283,6335],[0,-8]],[[8286,6335],[3,0],[3,0],[0,-8],[3,0]],[[8283,6335],[3,0]],[[8298,6335],[0,-8]],[[8298,6327],[2,0],[-2,0]],[[8298,6327],[0,-7],[2,0]],[[8295,6327],[3,0]],[[8295,6327],[0,0]],[[8317,6320],[0,-8],[0,-8],[3,0]],[[8312,6312],[3,0],[0,8],[2,0]],[[8300,6320],[3,0],[0,-8]],[[8300,6320],[0,0]],[[8303,6312],[3,0]],[[8303,6312],[0,0]],[[8309,6312],[3,0]],[[8306,6312],[3,0]],[[8320,6304],[3,0]],[[8442,6281],[0,-8],[0,-8],[0,-8],[-3,0],[0,-8],[0,-7],[-3,0]],[[8436,6242],[0,7]],[[8436,6249],[-2,0],[0,-7],[-3,0],[0,-8],[3,0]],[[8434,6234],[2,-8]],[[8434,6234],[0,0]],[[8436,6226],[-2,0]],[[8434,6226],[0,-8],[-3,0]],[[8428,6218],[-3,0],[0,8]],[[8425,6226],[-3,0],[0,-8],[0,-8],[0,-7],[0,-8],[0,-8],[-3,0],[-2,-8],[0,-8],[-3,0],[0,-8],[-3,0],[0,-7],[-3,0]],[[8431,6218],[-3,0]],[[8428,6218],[0,0]],[[8431,6218],[0,0]],[[8408,6156],[-3,0]],[[8405,6156],[0,-8],[-3,0]],[[8351,6554],[-2,0],[-3,0]],[[8346,6554],[0,0]],[[8363,6538],[0,8],[-3,0],[-3,0],[-3,8],[-3,0]],[[8351,6554],[0,0]],[[8374,6515],[-3,0],[-3,8],[0,8],[0,7],[-2,0]],[[8366,6538],[-3,0]],[[8380,6507],[0,8],[-3,0]],[[8377,6515],[-3,0]],[[8385,6507],[-2,0]],[[8383,6507],[-3,0]],[[8388,6499],[0,8],[-3,0]],[[8385,6507],[0,0]],[[8391,6484],[-3,0],[0,8],[0,7]],[[8388,6499],[0,0]],[[8400,6468],[0,8],[2,8],[-2,8]],[[8400,6492],[-3,0],[-3,-8]],[[8394,6484],[-3,0]],[[8391,6484],[0,0]],[[8394,6484],[0,0]],[[8400,6468],[0,0]],[[8400,6437],[-3,8],[-3,0],[0,7],[3,0],[0,16],[3,0]],[[8408,6406],[-3,7],[0,8],[-3,0],[3,0],[0,8],[-3,0],[0,8],[0,8]],[[8402,6445],[-2,0],[0,-8]],[[8422,6429],[0,0]],[[8422,6429],[-3,0],[0,-8],[0,-8],[-2,0],[0,-7]],[[8428,6382],[0,8]],[[8428,6390],[3,8],[0,8],[0,7],[-3,0],[0,8],[-3,0],[0,8]],[[8425,6429],[-3,0]],[[8417,6406],[-3,0]],[[8414,6406],[0,0]],[[8414,6406],[-6,0]],[[8408,6406],[0,0]],[[8419,6398],[0,0]],[[8417,6398],[2,0]],[[8417,6398],[0,0]],[[8422,6398],[0,0]],[[8419,6398],[3,0]],[[8414,6398],[3,0]],[[8414,6398],[0,0]],[[8408,6343],[0,8],[0,8],[3,0],[0,8],[3,0],[3,0],[0,7],[0,8],[0,8],[-3,0],[0,8]],[[8422,6398],[3,-8]],[[8425,6390],[3,0]],[[8425,6390],[0,0]],[[8417,6320],[0,7],[-3,0],[-3,0],[0,8],[0,8],[-3,0]],[[8408,6343],[0,0]],[[8419,6320],[0,7]],[[8419,6327],[-2,-7]],[[8419,6288],[0,8],[-2,0],[0,8],[2,0],[3,8],[0,8],[-3,0]],[[8419,6320],[0,0]],[[8434,6296],[-3,0]],[[8431,6296],[-3,-8],[-9,0]],[[8439,6288],[-3,0],[0,8],[-2,0]],[[8434,6296],[0,0]],[[8442,6281],[-3,0],[0,7]],[[8439,6288],[0,0]],[[8442,6281],[0,0]],[[8363,6171],[0,8]],[[8363,6179],[3,8],[-3,8],[-3,0],[0,8]],[[8360,6203],[-3,-8],[-3,0],[0,-8]],[[8377,6179],[-3,0],[0,8]],[[8374,6187],[-3,0],[0,-8],[0,-8],[-3,0],[-2,-8],[0,-7],[-3,0]],[[8354,6187],[-3,0]],[[8351,6187],[-2,-8],[-3,0]],[[8380,6179],[-3,0]],[[8377,6179],[0,0]],[[8385,6163],[-2,0],[0,8],[-3,0],[0,8]],[[8380,6179],[0,0]],[[8346,6179],[-3,0]],[[8360,6171],[0,8],[3,0]],[[8360,6171],[0,0]],[[8360,6156],[0,7],[-3,0],[3,8]],[[8388,6163],[-3,0]],[[8385,6163],[0,0]],[[8402,6148],[-2,0],[0,8],[-3,0],[0,7]],[[8397,6163],[-3,0]],[[8394,6163],[0,-7]],[[8363,6156],[0,7]],[[8363,6156],[-3,0]],[[8394,6163],[-3,0]],[[8391,6163],[-3,0]],[[8351,6531],[-2,0],[0,7],[-3,0],[0,8],[0,8]],[[8357,6499],[0,8],[0,8],[-3,0],[3,8],[0,8]],[[8357,6531],[-3,0]],[[8354,6531],[-3,0]],[[8351,6531],[0,0]],[[8332,6515],[2,0],[0,-8]],[[8332,6515],[0,0]],[[8329,6499],[0,8],[3,0],[0,8]],[[8337,6507],[0,0]],[[8334,6507],[3,0]],[[8337,6507],[3,0],[0,-8],[0,-7],[3,0],[0,-8],[3,0]],[[8357,6499],[0,0]],[[8346,6484],[5,8],[0,7],[3,0],[3,0]],[[8329,6492],[0,7]],[[8329,6499],[0,0]],[[8329,6492],[0,0]],[[8323,6468],[3,8],[3,0],[0,8],[0,8]],[[8323,6468],[0,0]],[[8315,6437],[2,0],[3,0],[0,8],[0,7],[0,8],[0,8],[3,0]],[[8312,6437],[3,0]],[[8329,6382],[-3,0],[0,8],[-3,0],[0,8],[-3,0],[-3,0],[0,8],[0,7],[0,8],[-2,0],[-3,0],[-3,8],[0,8],[3,0]],[[8337,6335],[0,8],[0,8],[0,23],[0,8],[0,8],[0,8]],[[8337,6398],[-3,-8]],[[8334,6390],[0,0]],[[8334,6390],[-2,0]],[[8332,6390],[0,0]],[[8332,6390],[-3,-8]],[[8329,6382],[0,0]],[[8334,6335],[3,0]],[[8332,6335],[2,0]],[[8332,6335],[0,0]],[[8329,6327],[0,8],[3,0]],[[8326,6327],[3,0]],[[8323,6304],[0,8],[0,8],[3,0],[0,7]],[[8323,6304],[0,-8],[3,0],[0,-8],[3,0]],[[8329,6288],[3,0],[2,-7]],[[8329,6288],[0,0]],[[8337,6281],[0,-8]],[[8334,6281],[3,0]],[[8340,6273],[0,-8],[-3,0],[0,-8],[-3,0]],[[8337,6273],[3,0]],[[8334,6257],[0,0]],[[8334,6257],[0,-8],[0,-7],[3,0],[0,-8],[0,-8],[0,-8],[3,0],[0,-8],[3,-7],[0,-8],[0,-8],[0,-8]],[[8374,6968],[-3,0],[0,8],[3,0],[0,8]],[[8371,6945],[3,0],[0,7],[0,8],[3,0],[0,8],[-3,0]],[[8374,6968],[0,0]],[[8366,6952],[2,0],[0,-7],[3,0]],[[8366,6952],[0,0]],[[8368,6976],[3,8],[3,0]],[[8363,6976],[5,0]],[[8366,6960],[-3,0],[0,8],[-3,0],[0,8],[3,0]],[[8366,6952],[0,8]],[[8366,6960],[0,0]],[[5501,4882],[0,8],[0,16],[0,8],[-2,0],[0,7],[2,0],[0,8],[-2,0]],[[5499,4929],[-3,0],[-3,0]],[[5436,4984],[0,0]],[[5450,4976],[-2,0],[0,8],[-6,0],[-3,0]],[[5439,4984],[-3,0]],[[5470,4921],[-5,16],[0,8],[-3,8],[-3,0],[-3,0],[0,7],[-3,0],[0,8],[-3,0],[0,8]],[[5450,4976],[0,0]],[[5501,4882],[3,-7],[0,-8]],[[5533,4882],[2,0],[0,-7]],[[5530,4875],[0,7],[3,0]],[[5527,4882],[0,-7]],[[5527,4875],[3,0]],[[5516,4875],[2,0],[6,0],[3,0]],[[5513,4875],[3,0]],[[5504,4867],[6,8],[3,0]],[[5499,4882],[-3,0],[-3,8]],[[5501,4882],[-2,0]],[[5493,4890],[-6,0],[0,8]],[[5487,4898],[-5,0],[2,-16]],[[5484,4882],[3,0],[-3,-7]],[[5484,4875],[-2,0],[0,7],[-3,0],[-3,0]],[[5476,4882],[0,8]],[[5476,4882],[0,-7],[0,-8]],[[5484,4875],[0,7]],[[5476,4867],[-14,0]],[[5462,4867],[0,0]],[[5516,4562],[0,8]],[[5516,4570],[-3,0],[-3,0],[0,-8],[-3,0]],[[5507,4562],[-3,0]],[[5504,4562],[-5,-8]],[[5499,4554],[0,0]],[[5499,4554],[-6,0],[-3,0]],[[5490,4554],[0,0]],[[5550,4804],[0,-8],[-3,-7],[0,-8],[3,-16],[-3,0],[-6,-15]],[[5541,4750],[0,-24],[0,-16],[0,-23],[0,-8],[6,-8]],[[5535,4875],[3,7],[0,8],[0,16],[0,15],[12,8],[11,141]],[[5535,4875],[-2,-8],[-3,-8],[3,0],[0,-8],[2,-8],[0,-8],[3,0],[0,-7]],[[5538,4828],[3,0],[0,-8],[0,-8],[3,0],[0,-8]],[[5538,4828],[0,0]],[[5547,4804],[3,0]],[[5544,4804],[3,0]],[[5618,4867],[-9,8]],[[5609,4875],[-5,-8],[-9,-16],[-3,0],[0,-8]],[[5592,4843],[-17,8]],[[5575,4851],[-3,0],[-8,-16],[-3,-7],[-3,0],[-3,0],[-5,-24]],[[5626,4875],[0,7],[0,16],[0,16],[-3,0],[0,7],[0,16],[-5,8],[0,15]],[[5618,4867],[5,0],[3,0],[0,8]],[[5621,4859],[-3,8]],[[5621,4851],[2,0],[0,8]],[[5623,4859],[-2,0]],[[5621,4851],[0,0]],[[5612,4796],[0,8],[3,8],[0,8],[3,0],[0,8],[0,7],[3,0],[0,8],[-3,0],[3,0],[0,8]],[[5618,5085],[0,-125]],[[5646,4960],[-3,8],[-3,8],[-2,0],[-3,8],[-3,0]],[[5632,4984],[-3,-8]],[[5629,4976],[-3,0]],[[5626,4976],[-3,0],[0,-8],[-5,-8]],[[5629,4976],[0,0]],[[5652,4953],[-3,0],[-3,7]],[[5646,4960],[0,0]],[[5677,4937],[0,8],[-3,0],[-8,8],[-9,7]],[[5657,4960],[0,-7],[-2,0],[-3,0]],[[5680,4937],[-3,0]],[[5490,5171],[34,-47]],[[5524,5124],[31,-39],[3,0],[0,-7],[3,-8]],[[5595,5117],[3,0]],[[5575,5054],[3,0],[6,8],[3,0],[2,8],[3,8],[3,15],[0,8],[0,8],[0,8]],[[5598,5117],[0,-8],[3,0],[0,-8],[5,-8],[3,0],[3,-8],[3,0],[3,0]],[[5598,5117],[0,0]],[[5561,5070],[3,-8],[3,0],[2,-8],[6,0]],[[5618,5085],[3,0],[2,-7],[3,0]],[[5626,5078],[3,0],[3,0]],[[5666,5101],[3,0],[3,-8]],[[5655,5093],[2,0],[6,8],[3,0]],[[5680,5101],[0,-8],[3,0]],[[5677,5101],[3,0]],[[5677,5101],[0,0]],[[5672,5093],[2,8],[3,0]],[[5649,5101],[3,-8],[3,0]],[[5635,5078],[3,0],[2,7],[3,0],[0,8],[3,0],[3,8]],[[5686,5093],[3,0],[0,-8],[2,0]],[[5683,5093],[3,0]],[[5697,5085],[3,0]],[[5694,5085],[3,0]],[[5694,5085],[0,0]],[[5691,5085],[3,0]],[[5703,5085],[3,0],[0,-7]],[[5700,5085],[3,0]],[[5632,5078],[3,0]],[[5490,4554],[-3,0],[0,-8],[0,-7],[0,-8],[-3,0],[0,-16],[0,-8]],[[5493,4703],[-3,0],[0,7],[-3,8],[0,8],[-3,0],[-2,0]],[[5482,4726],[0,-8],[-3,0],[-3,0]],[[5501,4695],[-2,0],[-3,0],[0,8],[-3,0]],[[5493,4703],[0,0]],[[5507,4695],[-3,0]],[[5504,4695],[-3,0]],[[5510,4648],[0,8],[-3,0],[0,8],[0,23],[0,8]],[[5507,4695],[0,0]],[[5510,4648],[0,-8],[0,-8],[0,-7],[-6,-16]],[[5504,4609],[-3,0],[-2,0]],[[5499,4609],[-3,-8],[0,-8],[-3,-8],[-3,-7],[0,-8]],[[5490,4570],[-3,0]],[[5490,4570],[0,-8],[-3,0],[3,-8]],[[5601,4804],[-6,-15],[3,-8],[0,-8],[-3,-8],[-3,-8]],[[5592,4757],[-3,0],[0,8]],[[5589,4765],[-2,0],[-3,-23],[3,0],[0,-8],[2,0],[0,-8],[3,0],[3,0],[0,-8],[3,0]],[[5598,4718],[3,0]],[[5598,4718],[0,0]],[[5604,4718],[0,-8]],[[5601,4718],[3,0]],[[5604,4710],[2,0],[3,0],[0,-7],[0,-16],[0,-8]],[[5604,4710],[0,0]],[[5601,4804],[5,-8],[6,0]],[[5612,4796],[0,-7],[3,0]],[[5623,4796],[3,0],[6,-15],[14,-24],[9,0]],[[5615,4789],[3,0],[-3,0]],[[5615,4789],[0,7],[3,0],[5,0]],[[5615,4789],[0,0]],[[5669,4765],[3,0],[2,-8],[3,0],[9,-47]],[[5655,4757],[14,8]],[[5516,4562],[2,0]],[[5518,4562],[0,-8]],[[5518,4554],[3,-8],[-3,-7],[0,-8],[-2,0],[0,-8],[-3,0],[-6,0],[-3,-8],[-3,-8],[-2,-7]],[[5518,4554],[0,0]],[[5487,4507],[-3,0]],[[5490,4500],[0,7]],[[5490,4507],[-3,0]],[[5499,4500],[-3,0]],[[5496,4500],[-3,0]],[[5493,4500],[0,0]],[[5493,4500],[-3,0]],[[5530,4554],[-3,8],[-3,0],[-3,0],[-3,0]],[[5535,4562],[-2,-8],[-3,0]],[[5484,4507],[-2,0]],[[5541,4617],[6,54]],[[5609,4679],[-3,0]],[[5606,4679],[0,-8]],[[5606,4671],[-2,0]],[[5604,4671],[-3,0]],[[5601,4671],[0,-7],[-3,0]],[[5604,4671],[0,0]],[[5561,4656],[0,8],[-3,0],[-3,7]],[[5555,4671],[-8,0]],[[5564,4656],[0,8]],[[5564,4664],[-3,-8]],[[5598,4664],[0,0]],[[5598,4664],[0,-8],[-3,0],[0,-8],[0,-8]],[[5578,4625],[0,7],[0,8],[-3,0],[0,8],[-3,0],[-3,0],[0,8],[-2,0],[-3,0]],[[5564,4656],[0,0]],[[5595,4640],[0,0]],[[5595,4640],[-3,0]],[[5592,4640],[0,0]],[[5592,4640],[0,-8],[-3,0],[-2,0],[-3,0],[0,-7],[-3,0]],[[5581,4625],[-3,0]],[[5578,4625],[0,0]],[[5609,4679],[-3,-15],[0,-8],[0,-8],[0,-8],[3,-15],[6,-63]],[[5535,4562],[0,-8],[0,-15],[0,-8],[-2,0],[0,-8],[5,-23],[0,-8]],[[5538,4492],[-3,0]],[[5535,4492],[0,-8],[3,-24]],[[3156,7601],[-3,0]],[[3153,7601],[0,-8],[-2,0]],[[3139,7585],[0,8],[-3,0],[-2,0],[0,8]],[[3134,7601],[-3,0],[-3,0],[-3,0],[-3,0],[-3,0],[0,-8],[-2,0],[-3,0],[-3,0],[0,-8],[0,-8],[0,-7],[0,-8],[-3,0],[-3,-8],[-3,0],[-2,0],[0,-8],[-3,0],[-3,0],[-3,0]],[[3156,7601],[0,0]],[[3151,7593],[-3,0]],[[3148,7593],[-3,0]],[[3142,7593],[0,0]],[[3142,7593],[-3,-8]],[[3145,7593],[0,0]],[[3145,7593],[-3,0]],[[1540,8538],[-14,0],[-15,0],[-11,0],[-14,0],[-14,0],[-14,0],[-15,0],[-11,0],[-14,0],[-14,0],[-14,0],[-12,0],[-14,0],[-14,0],[-14,0],[-12,0],[-14,0],[-14,0],[-14,0],[-12,0],[-14,0],[-14,0],[-14,0],[-11,0],[-15,0],[-14,0],[-14,0],[-11,0],[-15,0],[-14,0],[-14,0],[-11,0],[-3,0]],[[2796,7874],[0,-8],[0,-7],[0,-16],[0,-8]],[[2796,7827],[0,-7],[0,-8],[0,-8],[0,-8],[0,-8],[0,-15],[0,-8],[0,-8],[0,-8],[0,-8],[0,-7],[0,-8],[0,-16],[0,-8],[0,-7],[0,-8],[0,-8],[0,-8],[0,-8],[0,-8],[0,-15],[0,-8],[0,-8],[0,-8],[0,-7],[0,-8],[0,-8],[0,-8],[0,-8],[0,-7],[0,-8],[-3,0],[0,-8],[3,0],[0,-8],[3,0],[0,-8],[0,-8],[0,-7],[3,0],[0,-8],[3,0],[0,-8],[2,-8],[3,0],[0,-8],[0,-7],[3,0],[3,-8],[3,0],[0,-8],[8,0]],[[2827,7468],[3,0]],[[2827,7468],[0,0]],[[2833,7468],[3,0],[3,-8],[2,0],[6,0]],[[2830,7468],[3,0]],[[2847,7460],[6,-8],[3,0],[2,-7],[0,-8],[3,0],[3,-8],[3,0]],[[2847,7460],[0,0]],[[2870,7437],[3,0],[0,-8],[0,-8],[2,0],[0,-8],[3,0],[3,-7],[3,0],[3,0]],[[2867,7429],[3,0],[0,8]],[[2932,7421],[3,0],[0,-8],[3,0],[3,0],[0,-7],[0,-8],[-3,0],[0,-8],[3,0],[0,-8],[3,0]],[[2929,7413],[3,0],[0,8]],[[2927,7413],[2,0]],[[2901,7398],[3,0],[0,8],[3,0],[5,0],[3,7],[6,0],[3,0],[3,0]],[[2893,7406],[2,0],[3,0],[0,-8],[3,0]],[[2887,7406],[3,0],[3,0]],[[1188,9085],[0,8],[0,8],[3,0],[0,7],[0,8],[-3,0],[0,8],[0,8],[-3,0],[-2,0],[0,8],[0,8],[0,7],[0,8],[0,8],[0,8],[0,8],[0,7],[0,8],[0,8],[0,8],[0,8],[0,7]],[[1197,9085],[-3,0]],[[1194,9085],[-3,0],[-3,0]],[[1214,9085],[-3,0]],[[1211,9085],[-6,0],[-3,0],[-2,0],[-3,0]],[[1234,9085],[-6,0],[-3,0]],[[1225,9085],[-3,0],[-3,0],[-2,0],[-3,0]],[[1253,9085],[-2,0]],[[1251,9085],[-3,0]],[[1248,9085],[-3,0],[-3,0],[-3,0],[-3,0],[-2,0]],[[1253,9085],[3,0]],[[1259,9038],[3,0],[0,8],[-3,0]],[[1259,9046],[3,0],[0,8],[-3,0],[-3,0],[0,8],[0,7],[0,8],[-3,0],[-2,0],[-3,0],[0,8]],[[1259,9046],[0,-8]],[[1256,9030],[0,8],[3,8]],[[1259,9015],[3,0]],[[1262,9015],[0,8],[0,7]],[[1262,9030],[-3,0],[-3,0]],[[1262,9007],[0,8]],[[1293,9007],[-3,0]],[[1290,9007],[-3,0],[-2,0],[0,-8],[-3,0]],[[1282,8999],[-3,0],[3,8],[-3,0]],[[1279,9007],[0,0]],[[1279,9007],[-3,0]],[[1276,9007],[-3,0],[-3,0]],[[1299,8960],[0,8],[0,8],[3,0],[0,7],[-3,0],[-3,8],[-3,0],[-3,0],[0,8],[3,0],[3,0],[3,0],[0,8],[-3,0]],[[1296,9007],[-3,0]],[[1270,9007],[0,0]],[[1270,9007],[-2,0],[0,-8]],[[1268,8999],[-3,0],[0,8]],[[1265,9007],[-3,0]],[[1299,8960],[0,0]],[[1290,8952],[3,8],[3,0],[3,0]],[[1290,8952],[0,0]],[[1287,8944],[0,8],[3,0]],[[1285,8944],[2,0]],[[1293,8937],[-3,0],[3,0]],[[1293,8937],[0,7],[-3,0]],[[1290,8944],[0,0]],[[1290,8944],[-3,0]],[[1287,8944],[0,0]],[[1290,8913],[3,8],[0,8],[3,0],[3,0],[-3,8]],[[1296,8937],[-3,0]],[[1313,8898],[-3,0],[-3,0],[0,7],[-3,0],[-2,0],[-3,8],[-3,0],[-3,0]],[[1293,8913],[-3,0]],[[1313,8882],[0,8],[3,0],[-3,8]],[[1313,8898],[0,0]],[[1330,8882],[-3,0],[0,8],[-3,0]],[[1324,8890],[0,-8],[-3,0]],[[1338,8851],[0,7],[0,8],[-2,0],[0,8],[-3,0],[3,0],[-3,0],[0,8],[-3,0]],[[1330,8882],[0,0]],[[1319,8882],[-3,0]],[[1316,8882],[-3,0]],[[1321,8882],[0,0]],[[1321,8882],[-2,0]],[[1347,8843],[-3,8],[-3,0]],[[1341,8851],[0,7]],[[1341,8851],[-3,0]],[[1358,8835],[-2,0],[-3,0],[0,8],[-3,0]],[[1350,8843],[-3,0]],[[1358,8835],[3,0]],[[1358,8835],[0,0]],[[1356,8827],[2,0]],[[1358,8827],[0,8]],[[1361,8819],[0,8]],[[1361,8827],[-3,0]],[[1361,8796],[-3,0],[3,0]],[[1361,8796],[3,0]],[[1364,8796],[0,8],[3,0],[0,8],[3,0],[-3,0],[0,7],[-3,0]],[[1364,8819],[-3,0]],[[1364,8788],[0,8]],[[1361,8796],[0,0]],[[1373,8780],[-3,0],[-3,0],[0,8]],[[1367,8788],[-3,0]],[[1373,8765],[0,8],[2,0],[0,7],[-2,0]],[[1373,8780],[0,0]],[[1373,8765],[0,0]],[[1375,8749],[0,8],[-2,0],[-3,8],[3,0]],[[1375,8741],[3,0]],[[1378,8741],[0,8],[-3,0]],[[1375,8749],[0,0]],[[1384,8710],[3,0]],[[1387,8710],[-3,8],[0,8],[3,0],[-3,0],[0,8],[3,0],[-3,0],[-3,0],[0,7],[-3,0]],[[1390,8702],[-3,0],[0,8]],[[1384,8710],[0,0]],[[1395,8702],[-3,0]],[[1392,8702],[-2,0]],[[1404,8702],[0,0]],[[1404,8702],[-3,0],[-3,0]],[[1415,8679],[0,8]],[[1415,8687],[-3,0],[0,7],[-3,0],[0,8],[-2,0],[-3,0]],[[1398,8702],[-3,0]],[[1395,8702],[0,0]],[[1438,8655],[-3,0],[-3,0],[-3,0],[0,8],[-3,0],[-2,0],[0,8],[-3,0],[0,8],[-3,0],[0,8]],[[1418,8687],[-3,0]],[[1446,8616],[0,8],[3,0]],[[1449,8624],[0,8],[0,8],[-3,0],[0,8],[0,7],[-3,0],[-2,0]],[[1441,8655],[-3,0]],[[1455,8601],[-3,0],[0,8],[0,7],[0,8],[-3,0]],[[1449,8624],[0,-8],[-3,0]],[[1514,8616],[-3,0]],[[1511,8616],[0,-7],[-2,0]],[[1523,8577],[0,8],[-3,0],[-3,0],[0,8],[3,0],[0,8],[0,8],[-3,0],[0,7]],[[1517,8616],[-3,0]],[[1514,8616],[0,0]],[[1489,8601],[-3,0],[-3,0],[0,8],[-3,0]],[[1480,8609],[-3,0],[0,-8]],[[1477,8601],[-2,0],[0,8]],[[1475,8609],[-3,0],[0,-8],[-3,0],[-3,0]],[[1509,8609],[-3,0]],[[1506,8609],[-3,0]],[[1503,8609],[0,0]],[[1503,8609],[-3,0],[0,-8],[-3,0],[-3,0]],[[1494,8601],[-2,0],[-3,0]],[[1489,8601],[0,0]],[[1466,8601],[-3,0]],[[1463,8601],[-3,0],[-2,-8]],[[1458,8593],[0,8],[-3,0]],[[1455,8601],[0,0]],[[1534,8538],[0,8],[0,8],[-3,0],[0,8],[-3,0],[0,7],[0,8],[-2,0]],[[1526,8577],[-3,0]],[[1523,8577],[0,0]],[[1540,8538],[-3,0]],[[1537,8538],[-3,0]],[[1648,8538],[-15,0],[-14,0],[-11,0],[-14,0],[-14,0],[-15,0],[-11,0],[-14,0]],[[3236,7445],[-3,0]],[[3233,7445],[0,0]],[[3233,7445],[-3,0],[0,-8],[-3,0],[0,-8]],[[1860,9312],[0,7],[14,0],[12,0],[14,0],[14,0],[3,0],[6,0],[3,0],[5,0],[0,16],[0,8],[0,15],[0,16],[0,16],[0,23],[0,16],[0,8],[0,7],[0,24],[0,8],[0,15],[0,8],[0,16]],[[1730,9319],[3,0]],[[1744,9288],[-3,8],[-3,0],[-2,8],[-3,0],[-3,0],[0,8],[0,7]],[[1849,9319],[0,-7],[0,-8]],[[1733,9319],[5,0],[3,0],[3,0],[17,0],[17,0],[17,0],[17,0],[6,0],[5,0],[9,0],[6,0],[2,0],[3,0],[3,0],[3,0]],[[1857,9312],[3,0]],[[1857,9312],[-2,0],[2,0]],[[1857,9304],[3,0],[0,8]],[[1860,9312],[3,0]],[[1857,9312],[0,-8]],[[1849,9304],[3,0],[3,0],[2,0]],[[1736,9288],[2,0]],[[1736,9288],[0,0]],[[1741,9288],[3,0]],[[1738,9288],[3,0]],[[1860,8968],[-5,8],[-9,0],[-6,7],[-5,8],[-14,8],[-15,16],[-14,8],[-14,15],[-17,16],[-17,15],[-17,8],[-17,16],[-14,15],[-14,8],[-15,16],[-14,8],[-5,8],[-6,7],[-6,0],[-5,8],[-3,0],[0,8],[0,8],[0,8],[0,7],[0,16],[0,8],[0,15],[0,16],[0,16],[0,23]],[[2158,8538],[0,31],[0,32],[0,31],[0,31],[0,39],[0,47],[0,39],[0,39],[0,8],[0,8],[0,8],[0,7],[0,8],[-3,0],[-3,8],[-2,0],[-12,0],[-11,0],[-11,8],[-15,0],[-17,0],[-17,8],[-17,0],[-17,8],[-14,0],[-14,7],[-17,0],[-14,0],[-6,8],[-8,0],[-6,0],[-9,8],[-2,0],[0,8],[-3,0],[-3,8],[-6,0],[-3,7],[-2,8],[-3,0],[-3,8],[-3,0],[-3,8],[-3,0]],[[1911,8968],[-3,0],[-8,0],[-6,0],[-8,0],[-9,0],[-3,0],[-2,0],[-3,0],[-6,0],[-3,0]],[[2158,8538],[-14,0],[-14,0],[-14,0],[-15,0],[-14,0],[-14,0],[-14,0],[-14,0],[-15,0],[-14,0],[-14,0],[-14,0],[-14,0],[-14,0],[-15,0],[-14,0]],[[1648,8538],[0,-8],[0,-7],[0,-8],[0,-8],[0,-8],[0,-8],[0,-7],[0,-16],[0,-24],[0,-23],[0,-16],[0,-23],[0,-23],[0,-24],[0,-16],[0,-23],[0,-23],[0,-24],[0,-23],[0,-24],[0,-23],[0,-16],[0,-15],[0,-16],[0,-16],[0,-7],[0,-16],[0,-16],[0,-7],[0,-8],[0,-8],[2,0],[0,-8]],[[1653,8046],[3,-8],[-3,0]],[[1650,8046],[3,0]],[[1653,8038],[-3,0]],[[1650,8038],[0,-8]],[[1653,8030],[0,-7],[3,0],[3,0]],[[1650,8030],[3,0]],[[1659,8023],[3,0]],[[1659,8023],[0,0]],[[1665,8023],[0,-8],[2,0],[0,-8],[3,0]],[[1662,8023],[3,0]],[[1676,8007],[3,0],[3,0],[0,-8]],[[1676,7999],[0,8]],[[1670,8007],[3,0],[0,-8],[3,0]],[[1670,8007],[0,0]],[[1684,7999],[0,-8]],[[1682,7999],[2,0]],[[1684,7991],[0,-7],[3,0]],[[1684,7991],[0,0]],[[1690,7984],[3,0],[0,-8],[0,-8],[3,0],[0,-8],[-3,0],[3,0],[0,-8],[3,0],[-3,0],[0,-7],[3,0]],[[1687,7984],[3,0]],[[1704,7952],[3,-7],[3,0],[3,0],[0,-8],[-3,0],[0,-8],[3,0],[3,0],[0,-8]],[[1701,7945],[3,0],[0,7]],[[1701,7945],[0,0]],[[1699,7945],[2,0]],[[1724,7929],[0,-8]],[[1724,7921],[0,-8],[3,0],[3,0],[0,-8],[3,0],[0,-7],[0,-8],[3,0]],[[1721,7921],[3,0]],[[1718,7921],[3,0]],[[1716,7921],[2,0]],[[1741,7898],[3,0],[0,-8],[0,-8],[3,0],[3,0],[0,-8],[3,0],[0,-8],[0,-7],[2,0]],[[1736,7890],[2,0],[0,8],[3,0]],[[1755,7859],[3,0],[0,-8],[3,0],[0,-8],[3,0]],[[1755,7859],[0,0]],[[1767,7843],[0,-8],[3,0],[2,0],[0,-8],[0,-7],[3,0],[3,0]],[[1764,7843],[3,0]],[[1778,7820],[0,-8]],[[1778,7820],[0,0]],[[1778,7812],[3,0],[0,-8],[3,0]],[[1784,7804],[0,-8]],[[1778,7812],[0,0]],[[1787,7804],[2,0],[0,-8],[3,0],[0,-8],[3,0],[0,-8],[0,-7],[3,0],[0,-8],[0,-8]],[[1798,7757],[3,0],[-3,0]],[[1784,7804],[3,0]],[[1798,7757],[0,0]],[[1798,7757],[0,-8],[0,-8],[3,0],[-3,0],[3,0],[0,-7],[-3,0],[0,-8]],[[1798,7726],[0,-8]],[[1801,7726],[0,-8]],[[1801,7718],[0,-8],[3,0],[0,-8],[2,0],[0,-7],[3,0]],[[1798,7726],[3,-8]],[[1809,7695],[0,0]],[[1812,7695],[0,-8],[3,0],[3,-8],[-3,0]],[[1809,7695],[3,0]],[[1648,8538],[17,0],[19,0],[17,0],[17,0],[18,0],[19,0],[17,0],[17,0],[17,0],[20,0],[17,0],[17,0],[17,0],[20,0],[17,0],[17,0]],[[1931,8538],[0,-23],[0,-31],[0,-24],[0,-31],[0,-24],[0,-31],[0,-23],[0,-24],[0,-31],[0,-23],[0,-32],[0,-23],[0,-31],[0,-24],[0,-31],[0,-23],[0,-24],[0,-31],[0,-24],[0,-31],[0,-23],[0,-31],[0,-24],[0,-23],[0,-32],[0,-23],[0,-31],[0,-24],[0,-31],[0,-23],[0,-32],[0,-23]],[[2530,8296],[-9,-16],[-8,-15],[-6,-8],[-9,-16],[-8,-15],[-12,-16],[-8,-23],[-11,-16],[-9,-16],[-8,-15],[-9,-16],[-8,-15],[-6,-8],[-3,-16],[-6,-8],[-5,-7],[-3,-8],[-3,-8],[-3,-8],[-3,0],[-8,-16],[-6,-7],[-5,-8],[-9,-16],[-3,-8],[-3,0],[-2,-7],[-3,0],[0,-8],[-3,0],[0,-31],[0,-32],[0,-31],[0,-31],[0,-24],[0,-23],[0,-24],[0,-23],[0,-8],[0,-8],[0,-7],[0,-8],[0,-8],[0,-8]],[[2158,8538],[11,0],[15,0],[11,0],[14,0],[11,0],[15,0],[11,0],[14,0],[11,0],[6,0],[9,0],[11,0],[14,0],[12,0],[14,0],[11,0],[14,0]],[[2158,8538],[0,-8],[0,-7],[0,-8],[0,-16],[0,-39],[0,-47],[0,-47],[0,-39],[0,-31],[0,-31],[0,-24],[0,-31],[0,-16],[0,-15],[3,-16],[0,-15],[0,-24],[0,-15],[0,-16],[3,-16],[0,-15],[0,-16],[0,-16],[0,-23],[3,-16],[0,-15],[0,-16],[0,-15],[0,-16],[2,-16],[0,-23],[0,-16],[0,-15],[0,-16],[3,-16],[0,-15],[0,-16],[0,-23],[0,-16],[3,-16],[0,-15],[0,-16],[0,-15],[0,-16]],[[4044,3164],[0,-8],[3,0],[3,0],[2,0]],[[4038,3156],[3,0],[3,8]],[[3979,3156],[2,0],[0,-8]],[[3967,3125],[3,7],[3,0],[0,8],[3,0],[0,8],[3,0],[0,8]],[[4035,3156],[3,0]],[[4030,3156],[2,0],[3,0]],[[4030,3156],[0,0]],[[4013,3125],[2,0],[0,7],[3,0],[3,0],[0,8],[3,0],[3,8],[0,8],[3,0]],[[4052,3156],[3,0]],[[4052,3156],[0,0]],[[3987,3156],[0,-8],[3,0],[6,-16],[2,-7],[3,0],[0,-8],[3,0]],[[3981,3148],[3,0],[0,8],[3,0]],[[4007,3125],[3,0],[3,0]],[[4004,3117],[0,8],[3,0]],[[3942,3234],[0,8]],[[3942,3242],[0,8],[-3,0],[-3,0],[0,7],[-3,8],[-3,0],[-2,0],[0,8],[-3,0],[-3,8]],[[3922,3281],[-3,-8],[-3,0],[-3,0],[-2,0]],[[3908,3273],[-6,0]],[[3911,3273],[-3,0]],[[3908,3273],[0,0]],[[3953,3257],[0,-7]],[[3953,3250],[-3,0]],[[3950,3250],[0,0]],[[3950,3250],[-3,0]],[[3947,3250],[0,-8],[-2,0]],[[3945,3242],[0,-8]],[[3945,3242],[-3,0]],[[3998,3273],[0,8],[-2,0],[-3,0]],[[3993,3281],[-3,0]],[[3990,3281],[0,-8]],[[3990,3281],[-3,-8],[0,-8],[-3,0],[-3,0],[0,-8],[-2,0],[-3,-7],[0,-8],[-3,0]],[[4052,3273],[-2,0]],[[4050,3273],[-3,0],[0,-8]],[[3993,3226],[0,8],[3,0],[0,8],[0,8],[0,7],[0,8],[2,0],[3,0],[0,8]],[[4001,3273],[-3,0]],[[4061,3265],[-3,0],[0,8],[-3,0]],[[4055,3273],[-3,0]],[[4047,3265],[-3,0]],[[4044,3265],[0,-8],[-3,-7],[-3,0]],[[3953,3257],[0,0]],[[3956,3250],[-3,0]],[[3959,3242],[-3,0],[0,8]],[[3956,3250],[0,0]],[[3964,3242],[0,8],[-2,0]],[[3962,3250],[0,-8]],[[4038,3250],[0,0]],[[4038,3250],[-3,0],[-3,-8]],[[4032,3242],[0,8]],[[3962,3250],[-3,0],[0,-8]],[[3973,3242],[0,0]],[[3973,3242],[-3,0]],[[3970,3242],[0,0]],[[3970,3242],[-3,0]],[[4027,3242],[0,0]],[[4027,3242],[-3,0]],[[4024,3242],[0,0]],[[4024,3242],[-3,0]],[[4032,3242],[0,0]],[[3967,3242],[0,0]],[[3967,3242],[-3,0]],[[4021,3242],[0,0]],[[4021,3242],[-3,0],[0,-8],[-3,0]],[[4032,3242],[-2,0]],[[4030,3242],[-3,0]],[[4015,3234],[0,0]],[[4015,3234],[-2,0],[0,-8]],[[4013,3226],[0,0]],[[4013,3226],[-3,0],[3,0]],[[4013,3226],[0,-8],[-3,0],[0,-7],[-3,0],[-3,0],[0,-8],[-3,0]],[[4001,3203],[0,8],[-3,0],[0,7],[-2,8]],[[3996,3226],[2,0],[-2,0]],[[3996,3226],[-3,0]],[[3993,3226],[0,0]],[[3902,3273],[-3,0],[-3,0],[0,-8],[3,-8],[0,-7],[-3,0],[0,-8],[3,0],[3,0],[0,-8],[0,-8],[-3,-8],[0,-7],[-3,0],[-2,-8],[0,-8]],[[3894,3195],[-3,8]],[[3891,3203],[0,-8]],[[3891,3195],[-3,0]],[[3888,3195],[0,-8],[-3,0],[-3,0],[0,-8],[-3,-7]],[[3879,3172],[-2,0]],[[3746,2687],[0,8],[3,8],[0,8],[-3,0],[0,7],[3,8],[0,8],[-3,0],[-3,8],[-3,8],[0,8],[-2,7],[0,8],[0,8],[0,8],[2,8],[0,7],[3,0],[0,8],[-3,8],[0,16],[3,0],[0,7],[-3,8]],[[3684,2640],[5,0],[6,0],[11,0],[0,-7],[3,0],[0,-8],[0,-8],[-3,-8],[0,-8],[3,0]],[[3692,2601],[-8,0],[-3,0],[3,0],[0,8],[-3,0],[0,8],[3,0],[0,8],[0,8],[0,7]],[[3709,2601],[-8,0],[-9,0]],[[3548,2414],[0,8],[-3,0],[3,15],[0,8],[-3,0]],[[3553,2390],[-3,0],[0,8],[3,8],[0,8],[-3,0]],[[3550,2414],[0,8]],[[3550,2414],[-2,0]],[[3567,2383],[-2,0],[0,7],[-3,0]],[[3562,2390],[-3,0]],[[3559,2390],[-3,0]],[[3556,2390],[-3,0]],[[3587,2359],[-5,8],[-3,0],[-3,0],[-3,8],[-3,8],[-3,0]],[[3567,2383],[0,0]],[[3599,2344],[-3,0],[0,7],[-3,0],[-3,0],[0,8]],[[3590,2359],[-3,0]],[[3604,2328],[0,8],[-3,8],[-2,0]],[[3599,2344],[0,0]],[[3607,2750],[3,0],[-3,0]],[[3607,2750],[0,8],[0,7],[3,0],[-3,8],[0,8],[3,0],[0,8],[0,8],[3,0],[0,7],[3,0],[0,8],[0,8],[0,8],[2,8],[-2,0],[2,0],[0,7],[0,8]],[[3607,2750],[0,0]],[[3604,2718],[0,8],[0,8],[0,8],[3,0],[0,8]],[[3738,2687],[0,8],[-3,0],[-3,8]],[[3732,2703],[-3,-8],[0,-8],[0,-8],[3,0],[-3,-7]],[[3746,2687],[-3,0]],[[3740,2687],[0,0]],[[3740,2687],[-2,0]],[[3743,2687],[0,0]],[[3743,2687],[-3,0]],[[3729,2672],[-3,7],[-3,0]],[[3723,2679],[-2,0],[0,-7],[0,-8]],[[3721,2664],[0,-8],[0,-8],[0,-8],[0,-7],[0,-8],[2,-8],[0,-8],[-2,0],[-3,0]],[[3721,2664],[0,0]],[[3718,2609],[0,0]],[[3718,2609],[-3,0]],[[3715,2609],[0,0]],[[3715,2609],[-3,-8]],[[3712,2601],[-3,0]],[[3709,2601],[0,0]],[[3709,2601],[0,-8],[0,-7],[0,-8],[-3,0],[0,-8],[-2,-8],[2,0],[0,-8],[3,0],[0,-7],[3,0],[0,-8],[0,-8],[0,-8]],[[3712,2523],[0,0]],[[3712,2523],[0,-8],[-3,0]],[[3709,2515],[0,0]],[[3709,2515],[0,-7],[-3,0]],[[3706,2508],[0,0]],[[3706,2508],[0,-8],[-2,0]],[[3704,2500],[0,0]],[[3704,2500],[0,-8],[0,-8]],[[3706,2484],[0,0]],[[3704,2484],[2,0]],[[3706,2484],[3,0],[0,-8],[0,-7],[0,-8],[-3,0],[0,-8],[3,0],[0,-8],[0,-8],[-3,0]],[[3706,2437],[0,0]],[[3706,2437],[0,-8],[-5,0],[0,-7],[-3,0],[-6,-8]],[[3692,2414],[0,-8]],[[3667,2414],[-3,8],[-3,0]],[[3661,2422],[0,-8],[-3,0],[-3,0],[0,-8],[-5,-8]],[[3678,2414],[-6,8]],[[3672,2422],[-5,-8]],[[3687,2414],[-3,0],[-3,8]],[[3681,2422],[-3,-8]],[[3692,2414],[-3,0],[-2,0]],[[3687,2414],[0,0]],[[3650,2398],[-3,0],[0,8]],[[3647,2406],[-3,0],[-6,-8]],[[3638,2398],[-3,0],[-2,0]],[[3633,2398],[-3,0],[0,-8],[-6,0],[-6,-15],[0,-8],[0,-8],[-2,0]],[[3616,2359],[-3,0]],[[3613,2359],[0,-8],[-3,0],[0,-7],[-3,0],[0,-8],[3,-8],[-3,0]],[[3607,2328],[0,0]],[[3607,2328],[-3,0]],[[3607,2328],[-3,-8],[0,-8],[0,-8],[0,-7],[0,-8],[0,-8]],[[3786,2086],[-3,0],[0,8],[-3,7]],[[3794,2086],[-3,0]],[[3791,2086],[0,0]],[[3791,2062],[3,8],[3,0],[-3,0],[3,8],[0,8]],[[3797,2086],[-3,0]],[[3794,2086],[0,0]],[[3791,2086],[-2,0]],[[3789,2086],[-3,0]],[[3786,2086],[0,0]],[[3789,2070],[0,-8]],[[3789,2062],[2,0]],[[3791,2062],[0,0]],[[3786,2062],[3,0]],[[3780,2031],[-3,8],[3,0],[0,8],[0,7],[3,8],[3,0]],[[3783,2023],[-3,8]],[[3780,2031],[0,0]],[[3740,2929],[-2,0],[0,8],[2,0],[3,0],[0,8],[-3,8],[-2,0],[-3,0],[-3,0],[0,8],[-3,0],[0,7],[3,8],[3,8],[0,8],[3,0],[0,8],[2,0],[-2,8],[0,7],[2,0],[3,8],[3,0],[0,8],[3,0],[3,0],[0,8],[0,8]],[[3740,2851],[0,8],[0,8],[0,8],[-2,0],[0,8],[0,7],[0,16],[2,8],[3,0],[0,8],[0,7],[-3,0]],[[3740,2929],[0,0]],[[3752,3047],[-3,0]],[[3752,3047],[0,0]],[[3627,2883],[3,0],[0,-8],[-3,0]],[[3627,2875],[0,-8],[0,-8],[-3,0],[0,-8],[0,-8],[3,0],[3,-7],[3,0]],[[3618,2851],[0,8],[3,0],[0,8],[0,8],[3,0],[3,0]],[[3627,2875],[0,8]],[[3661,2859],[3,-8],[3,-8],[0,-7],[0,-8],[0,-8],[0,-8],[0,-8],[3,0]],[[3650,2812],[0,8]],[[3650,2820],[0,8],[2,8],[6,23],[3,0]],[[3721,2828],[2,0],[0,8],[6,7],[3,0],[3,8],[3,0],[2,0]],[[3633,2836],[2,-8],[6,-8],[3,0],[3,0],[3,0]],[[3633,2836],[0,0]],[[3684,2828],[3,0],[-3,0]],[[3684,2828],[0,-8]],[[3675,2820],[3,0],[3,0],[3,8]],[[3718,2828],[3,0]],[[3709,2820],[6,8],[3,0]],[[3698,2828],[3,0],[0,-8],[0,-8],[3,0]],[[3698,2804],[0,8],[0,8],[0,8]],[[3672,2820],[3,0]],[[3670,2804],[0,8],[0,8],[2,0]],[[3687,2820],[2,0]],[[3689,2820],[0,-8]],[[3684,2820],[3,0]],[[3709,2820],[0,0]],[[3704,2812],[2,8],[3,0]],[[3692,2820],[0,-8],[6,-8]],[[3689,2820],[3,0]],[[3973,3008],[3,7],[3,0],[0,8],[0,8],[0,8],[0,8],[0,7],[0,8],[0,8],[-3,0],[0,8],[-3,0],[0,8],[0,7],[0,8],[0,8]],[[3967,3015],[3,0],[3,-7]],[[3976,2961],[-3,0],[0,7],[0,8],[-3,0],[0,8],[0,8],[-3,0],[0,8],[0,8],[0,7]],[[3981,2945],[0,8]],[[3981,2953],[-2,0],[0,8],[-3,0]],[[3976,2961],[0,0]],[[3987,2953],[-3,0]],[[3984,2953],[0,0]],[[3984,2953],[-3,0]],[[3672,1820],[-2,0]],[[3670,1820],[-6,0],[-3,0]],[[3658,1820],[0,0]],[[3658,1820],[-3,0],[-3,-8],[-2,0],[0,-7],[-3,0],[-3,0]],[[3661,1820],[0,0]],[[3618,1820],[-2,0]],[[3616,1820],[0,-8],[-3,0],[0,-7]],[[3661,1820],[-3,0]],[[3633,1820],[0,0]],[[3633,1820],[-3,0]],[[3644,1805],[-3,0],[0,7],[-3,0],[-3,0],[0,8],[-2,0]],[[3624,1812],[-3,0],[0,8],[-3,0]],[[3618,1820],[0,0]],[[3627,1812],[0,8]],[[3627,1820],[-3,0]],[[3624,1820],[0,-8]],[[3630,1820],[0,0]],[[3630,1820],[-3,0]],[[3613,1805],[-3,0]],[[3610,1805],[0,-8],[-3,0]],[[3604,1805],[-3,0]],[[3601,1805],[0,-8],[-2,0],[-3,-8],[0,-8],[3,-8],[-3,0],[0,-8],[-3,0]],[[3604,1797],[0,8]],[[3604,1805],[0,0]],[[3545,1789],[0,8],[-3,0],[-3,0],[0,8],[-3,0]],[[3536,1805],[-3,-8]],[[3607,1797],[0,8]],[[3607,1797],[-3,0]],[[3607,1797],[0,0]],[[3533,1797],[-2,0]],[[3531,1797],[0,0]],[[3531,1797],[-3,0]],[[3559,1789],[-3,0],[-3,8]],[[3553,1797],[-3,0],[0,-8]],[[3550,1789],[-2,0]],[[3548,1789],[-3,0]],[[3562,1789],[0,0]],[[3562,1789],[-3,0]],[[3567,1789],[-2,0]],[[3565,1789],[-3,0]],[[3570,1781],[-3,0],[0,8]],[[3567,1789],[0,0]],[[3576,1773],[-3,8],[-3,0]],[[3570,1781],[0,0]],[[3584,1773],[-5,0],[-3,0]],[[3576,1773],[0,0]],[[3587,1773],[-3,0]],[[3584,1773],[0,0]],[[3593,1765],[-3,8]],[[3590,1773],[-3,0]],[[3253,4023],[2,0]],[[3258,4023],[3,0],[0,-8],[3,-8]],[[3255,4023],[3,0]],[[3267,4007],[0,0]],[[3264,4007],[3,0]],[[3267,4007],[3,0],[3,0],[0,-7],[0,-8],[0,-8],[-3,0],[0,-8],[3,-8],[2,-7],[0,-16],[0,-8],[3,0],[0,-8],[0,-8],[3,-7],[-3,0],[0,-8],[0,-16],[0,-8],[0,-7],[-3,0],[0,-8],[3,-8],[0,-8],[-3,0],[3,-8],[0,-7],[3,-8],[0,-8],[0,-8],[3,0],[0,-8],[0,-8],[-3,0]],[[3355,3867],[25,0]],[[3335,3789],[0,7],[3,0],[3,0],[0,8],[-3,0],[0,8],[0,8],[3,0],[0,8],[0,8],[0,7],[2,0],[0,8],[3,8],[0,8],[3,0],[6,0]],[[3318,3812],[3,0],[3,0],[0,-8],[2,-8],[0,-7],[3,0],[0,-8],[3,0]],[[3315,3812],[3,0]],[[3315,3812],[0,0]],[[3304,3742],[0,8],[0,7],[0,8],[0,8],[0,8],[0,8],[3,0],[0,7],[0,8],[2,0],[3,0],[3,8]],[[3281,3796],[-3,0]],[[3278,3796],[0,-7],[3,0],[0,-8],[3,0],[0,-8],[3,0],[0,-8],[3,0],[2,0],[0,-8],[3,0],[0,-15],[3,0]],[[3332,3789],[3,0]],[[3332,3789],[0,0]],[[3332,3781],[0,8]],[[3298,3742],[3,0],[3,0]],[[3298,3742],[0,0]],[[3377,3953],[3,-86]],[[2958,3297],[31,-40],[65,-46],[17,-24],[85,-101]],[[3250,3226],[17,0],[3,0],[3,0],[0,-8],[0,-7],[2,0],[0,-8],[3,0]],[[3278,3203],[0,-8]],[[3247,3211],[0,7],[0,8],[3,0]],[[3247,3211],[0,0]],[[3233,3172],[3,0],[0,7],[2,0],[0,8],[-2,0],[0,8],[2,0],[0,8],[3,0],[3,0],[0,8],[3,0]],[[3278,3203],[3,-8],[3,-8],[0,-8]],[[3287,3179],[0,-7],[3,0],[0,-8]],[[3284,3179],[3,0]],[[3233,3172],[0,0]],[[3233,3148],[0,8],[0,8],[0,8]],[[3301,3172],[3,0],[0,-8]],[[3298,3172],[3,0]],[[3298,3172],[0,0]],[[3295,3156],[0,8],[3,0],[0,8]],[[3290,3164],[2,0],[0,-8],[3,0]],[[3290,3164],[0,0]],[[3230,3156],[3,-8]],[[3230,3148],[0,8]],[[3224,3156],[3,0]],[[3224,3148],[0,8]],[[3227,3156],[3,-8]],[[3227,3156],[0,0]],[[3221,3148],[3,0]],[[3219,3148],[2,0]],[[3213,3148],[3,0],[3,0]],[[3204,3117],[3,0],[0,8],[3,7],[0,8],[0,8],[3,0]],[[3202,3125],[0,-8],[2,0]],[[3193,3109],[3,8],[0,8],[3,0],[3,0]],[[3179,3117],[3,0],[0,-8],[3,0],[0,-8]],[[3173,3117],[3,0],[3,0]],[[3168,3117],[2,0]],[[3159,3093],[3,0],[3,8],[3,8],[0,8]],[[3173,3117],[0,0]],[[3170,3117],[3,0]],[[3193,3117],[0,-8]],[[3185,3101],[2,0],[0,8],[3,0],[0,8],[3,0]],[[3159,3093],[0,0]],[[3156,3086],[3,7]],[[3304,3164],[3,0],[0,-8],[0,-8],[-3,-8],[3,-8],[-3,0],[0,-7],[0,-8],[3,0],[-3,-8],[3,-8],[0,-8],[-3,0],[3,-7],[0,-8],[0,-8],[-3,0],[0,-8],[0,-8],[0,-7],[3,-8],[0,-8],[0,-8],[0,-8],[0,-7]],[[3307,3008],[0,0]],[[3307,3008],[0,-8],[0,-8],[31,0],[0,-8]],[[3341,2984],[2,0]],[[3338,2984],[3,0]],[[3346,2984],[0,0]],[[3343,2984],[3,0]],[[3346,2984],[3,0],[0,-8],[0,-8],[3,-7],[-3,0],[0,-8],[-3,-8],[0,-8],[0,-8],[0,-7],[3,0]],[[3349,2922],[0,-8],[3,0],[0,-8],[0,-8],[0,-8],[3,-7],[-3,-16],[-3,-8],[0,-8],[0,-8],[-3,0],[-3,0],[0,-7],[-2,0],[0,-8],[0,-8],[-3,-8],[0,-8],[-3,-7],[-6,-8],[0,-8]],[[3349,2922],[0,0]],[[3962,3375],[2,0],[0,7],[6,8],[0,8],[0,8],[3,8],[3,8],[3,23],[2,8],[3,8],[0,7],[3,0],[9,8]],[[3962,3375],[0,0]],[[3956,3351],[0,8],[0,8],[3,0],[0,8],[3,0]],[[3959,3351],[-3,0]],[[3996,3382],[0,-7],[0,-8],[-3,-8],[-3,-8],[0,-8],[-3,0],[0,-7],[0,-8],[3,0]],[[3990,3375],[3,0],[0,7],[3,0]],[[3987,3375],[3,0]],[[3979,3359],[0,8],[2,0],[3,8],[3,0]],[[3979,3359],[0,0]],[[3973,3343],[0,8],[3,0],[3,8]],[[4021,3359],[0,-8],[6,0]],[[4021,3359],[0,0]],[[4018,3359],[3,0]],[[4015,3336],[3,0],[-3,0]],[[4015,3336],[0,7],[0,8],[3,0],[0,8]],[[3959,3359],[0,-8]],[[3959,3351],[3,0],[2,-8]],[[4038,3351],[3,0],[0,-8],[3,0],[3,0],[3,0]],[[4032,3343],[3,0],[3,8]],[[3970,3351],[0,-8]],[[3970,3343],[3,0]],[[4030,3351],[0,-8],[2,0]],[[4027,3351],[3,0]],[[3967,3343],[3,0]],[[3964,3343],[3,0]],[[4058,3343],[0,0]],[[4050,3343],[2,0],[3,0]],[[4050,3343],[0,0]],[[4055,3343],[3,0]],[[4055,3343],[0,0]],[[4015,3336],[0,0]],[[4013,3312],[2,0],[0,8],[0,8],[0,8]],[[3990,3328],[0,0]],[[3993,3328],[0,-8],[3,0]],[[3990,3328],[3,0]],[[4001,3328],[3,0]],[[3996,3320],[2,0],[3,0],[0,8]],[[4004,3328],[3,-8],[3,0],[-3,-8],[0,-8],[3,0]],[[4004,3328],[0,0]],[[4013,3312],[0,0]],[[4010,3304],[0,8],[3,0]],[[3862,2226],[3,0],[3,0],[0,-7],[0,-8],[0,-8]],[[3868,2203],[3,0],[0,-8],[3,0]],[[3868,2203],[0,0]],[[3874,2195],[3,0]],[[3874,2195],[0,0]],[[3877,2195],[2,0],[3,0]],[[3877,2195],[0,0]],[[3885,2195],[3,0],[0,-8]],[[3882,2195],[3,0]],[[3862,2226],[0,0]],[[3871,3148],[3,0],[0,8],[3,8],[0,8]],[[3871,3148],[0,0]],[[3868,3148],[3,0]],[[3868,3148],[0,0]],[[3862,3125],[3,7],[3,0],[0,8],[0,8]],[[3860,3132],[0,0]],[[3851,3125],[6,0],[0,7],[3,0]],[[3862,3132],[0,-7]],[[3860,3132],[2,0]],[[3817,3125],[3,0],[0,-8]],[[3817,3117],[0,8]],[[3851,3125],[0,0]],[[3845,3109],[3,8],[0,8],[3,0]],[[3814,3125],[0,-8]],[[3814,3117],[3,0]],[[3811,3117],[3,0]],[[3828,3117],[3,0]],[[3825,3117],[3,0]],[[3823,3117],[0,0]],[[3820,3117],[3,0]],[[3825,3117],[0,0]],[[3823,3117],[2,0]],[[3808,3117],[3,0]],[[3806,3039],[0,8],[2,0],[0,7],[0,8],[3,0],[0,8],[0,8],[0,8],[0,7],[-3,8],[0,8],[0,8]],[[3831,3117],[3,0],[0,-8],[3,0]],[[3831,3117],[0,0]],[[3842,3109],[3,0]],[[3842,3101],[0,8]],[[3837,3109],[3,0],[0,-8],[2,0]],[[3837,3109],[0,0]],[[3757,3047],[3,-8],[0,-8],[0,-8],[3,0],[0,-8],[3,-7],[3,0],[3,-8]],[[3752,3047],[5,0]],[[3803,3039],[3,0]],[[3797,3023],[3,0],[3,8],[0,8]],[[3791,3023],[3,0],[3,0]],[[3780,3000],[0,8],[3,0],[0,7],[3,0],[0,8],[3,0],[2,0]],[[3777,3000],[3,0]],[[3772,3000],[2,0],[3,0]],[[3902,3273],[0,8],[-3,0],[0,8],[3,15],[3,8],[0,8],[-3,8],[-3,0],[-3,0],[0,8],[0,7],[-2,0],[0,8],[0,8],[-3,16],[0,7],[0,8],[0,8],[0,8],[0,8],[0,8],[0,7],[-3,0],[0,8],[-3,0],[0,8],[0,8],[0,8],[-3,0],[0,7],[0,8],[0,8],[0,8],[0,8],[3,7],[0,8],[0,8],[-3,8],[0,8],[0,8],[-3,0],[0,7],[-2,8],[0,8],[0,8],[0,8],[0,7],[2,16],[3,8]],[[3953,3257],[3,8],[0,8],[3,0],[0,8],[0,8],[-3,0],[-3,0],[0,8],[0,7],[0,8],[0,8],[3,0],[0,8],[0,15],[3,8]],[[3497,4046],[2,-7],[0,-8],[0,-8],[-2,0],[0,-8],[0,-8],[0,-7],[0,-8],[2,0]],[[3502,3992],[3,0]],[[3505,3992],[0,-8]],[[3499,3992],[3,0]],[[3499,3992],[0,0]],[[3508,3992],[0,0]],[[3508,3992],[3,0],[0,-8],[3,0]],[[3505,3992],[3,0]],[[3514,3984],[0,-8],[2,0]],[[3514,3984],[0,0]],[[3516,3976],[0,-8]],[[3516,3976],[0,0]],[[3519,3968],[3,0],[0,-7]],[[3519,3968],[0,0]],[[3516,3968],[3,0]],[[3516,3968],[0,0]],[[3528,3961],[0,0]],[[3525,3961],[3,0]],[[3525,3961],[0,0]],[[3522,3961],[3,0]],[[3531,3961],[0,0]],[[3528,3961],[3,0]],[[3531,3961],[2,0],[0,-8]],[[3533,3953],[-2,0],[2,0]],[[3533,3953],[0,-8]],[[3533,3953],[3,0],[0,-8],[-3,0]],[[3533,3945],[0,-8],[3,-8],[0,-8],[3,0],[0,-7],[3,0],[3,0],[0,-8],[0,-8],[0,-8],[0,-8],[0,-7],[3,0],[0,-8],[0,-8],[0,-8],[2,-15]],[[3553,3836],[3,-8],[0,-8],[3,0],[0,-8],[0,-8],[3,0],[0,-8],[0,-7],[0,-8]],[[3550,3836],[3,0]],[[3565,3781],[0,-8],[0,-8],[2,0],[3,0],[3,-8]],[[3562,3781],[3,0]],[[3576,3765],[0,-8]],[[3579,3765],[0,-8]],[[3576,3757],[3,0]],[[3576,3757],[0,0]],[[3573,3757],[3,0]],[[3380,3867],[3,-24],[-3,0],[0,-7],[0,-8],[0,-8],[3,0],[3,0],[0,-8],[-3,-8],[3,0],[0,-8],[3,-7]],[[3389,3789],[3,0],[2,0],[0,-8],[0,-8],[3,-8]],[[3389,3789],[0,0]],[[3397,3765],[3,0],[0,-8]],[[3397,3765],[0,0]],[[3403,3757],[0,-7],[3,0],[0,-8],[3,0],[2,0],[0,-8],[3,0],[0,-8],[3,0],[3,0],[0,-8],[3,0],[3,0]],[[3400,3757],[3,0]],[[3426,3718],[2,-7]],[[3426,3718],[0,0]],[[3428,3711],[3,0],[0,-8],[3,0],[0,-8],[3,0],[3,0]],[[3428,3711],[0,0]],[[3440,3695],[3,0],[0,-8],[-3,0],[0,-8],[3,0],[2,0]],[[3440,3695],[0,0]],[[3448,3679],[0,-7],[3,0]],[[3445,3679],[3,0]],[[3454,3679],[0,-7],[-3,0]],[[3451,3672],[0,-8],[-11,-63],[-43,-258],[0,-7],[-3,0],[-2,-8],[0,-8],[2,-8],[0,-8],[3,0],[0,-7],[3,0],[0,-8],[0,-8],[3,0]],[[3451,3672],[3,7]],[[3434,3132],[-3,0],[0,8],[-3,8],[-2,0],[-3,8],[0,8],[-3,0],[-3,0],[0,8],[0,7],[-3,8],[0,8],[0,8],[3,8],[-3,0],[0,7],[-3,8],[0,8],[-2,8],[0,8],[0,7],[-3,0],[0,8],[-3,8],[0,8]],[[3440,3117],[0,8],[-3,0],[0,7],[-3,0]],[[3434,3132],[0,0]],[[3448,3109],[0,8],[-3,0],[-2,0]],[[3443,3117],[-3,0]],[[3627,3086],[-28,0],[-3,0],[-108,15],[-40,8]],[[3448,3109],[0,0]],[[3905,2453],[0,0]],[[3902,2453],[3,0]],[[3902,2453],[0,0]],[[3896,2445],[3,8],[3,0]],[[3908,2453],[0,0]],[[3905,2453],[3,0]],[[3908,2453],[0,-8],[3,0]],[[3896,2453],[0,-8]],[[3894,2445],[2,0]],[[3891,2453],[0,-8]],[[3894,2429],[0,8]],[[3894,2437],[-3,8]],[[3894,2445],[0,0]],[[3891,2445],[3,0]],[[3891,2437],[3,0]],[[3888,2429],[3,8]],[[3894,2429],[0,0]],[[3888,2429],[0,0]],[[3885,2414],[0,8],[0,7],[3,0]],[[3885,2383],[3,0],[3,0],[0,7],[-3,0],[0,8],[0,8],[0,8],[-3,0]],[[3885,2414],[0,0]],[[3885,2383],[0,0]],[[3882,2383],[3,0]],[[3882,2375],[0,8]],[[3888,2328],[0,8],[3,0],[0,8],[0,7],[0,8],[-3,0],[-3,8],[3,0],[-3,0],[0,8]],[[3885,2375],[-3,0]],[[3888,2328],[0,0]],[[3885,2320],[3,0],[0,8]],[[3885,2320],[0,0]],[[3879,2297],[3,0],[0,7],[0,8],[3,8]],[[3879,2297],[0,0]],[[3877,2273],[2,8],[0,8],[0,8]],[[3868,2273],[9,0]],[[3865,2242],[-3,0],[3,0]],[[3865,2242],[0,8],[0,8],[-3,0],[0,7],[3,0],[0,8],[3,0]],[[3862,2226],[0,8],[3,0],[0,8]],[[3865,2242],[0,0]],[[3911,2445],[0,0]],[[3304,3164],[88,8],[0,7],[2,0],[0,8],[0,8],[0,8],[3,0],[0,8],[0,7],[0,8],[-3,8],[0,8],[3,0],[0,8],[3,7],[0,8],[0,8],[3,8]],[[3545,2445],[0,0]],[[3911,2445],[14,-23]],[[3681,3445],[3,-8],[3,0]],[[3672,3437],[0,8],[3,0],[3,0],[3,0]],[[3689,3445],[3,0],[0,-8],[0,-8],[3,0]],[[3687,3437],[2,0],[0,8]],[[3672,3437],[0,0]],[[3670,3429],[0,8]],[[3670,3437],[2,0]],[[3695,3429],[3,0],[3,0],[0,-7],[3,0],[0,-8],[0,-8],[0,-8],[2,0],[0,-8],[0,-8],[0,-7],[0,-8],[0,-8],[0,-8],[0,-8],[-2,-7],[0,-8],[0,-8],[0,-8],[0,-8],[-3,-7],[0,-8]],[[3695,3429],[0,0]],[[3701,3289],[-3,8]],[[3698,3297],[0,-8],[0,-8],[3,0]],[[3701,3281],[3,0],[0,-8]],[[3704,3273],[-3,0],[0,-8]],[[3701,3281],[0,0]],[[3704,3273],[0,-8]],[[3701,3265],[3,8]],[[3706,3265],[0,-8],[3,0]],[[3709,3257],[0,-7]],[[3704,3265],[2,0]],[[3709,3250],[3,0],[0,-8],[0,-8],[3,0],[0,-8],[3,0]],[[3729,3234],[3,0],[0,-8],[0,-8],[0,-7],[0,-8],[0,-8],[-3,0]],[[3723,3226],[0,8],[3,0],[3,0]],[[3723,3226],[0,0]],[[3721,3226],[2,0]],[[3721,3226],[0,0]],[[3718,3226],[3,0]],[[3729,3195],[-3,0]],[[3726,3195],[-3,0],[0,-8],[-2,0],[0,-8],[0,-7],[0,-8],[0,-8],[-3,0],[0,-8],[-3,0],[0,-8],[3,0]],[[3718,3140],[3,0],[2,-8],[0,-7],[0,-8],[3,-8],[3,0],[3,0],[0,-8],[-3,0],[0,-8]],[[3718,3140],[0,0]],[[3729,3093],[0,0]],[[3729,3093],[-3,0],[0,-7],[3,0],[3,-8],[0,-8],[3,0],[0,-8],[3,-8]],[[3740,3054],[3,0],[3,-7],[3,0]],[[3738,3054],[2,0]],[[3672,3429],[-2,0]],[[3681,3422],[-3,7]],[[3678,3429],[-3,0],[-3,0]],[[3678,3351],[0,8],[0,8],[0,8],[3,0],[0,7],[3,8],[-3,8],[0,8],[3,0],[3,8],[-3,0],[0,8]],[[3684,3422],[-3,0]],[[3675,3359],[3,-8]],[[3667,3328],[3,0],[0,8],[0,7],[2,0],[0,8],[3,0],[0,8]],[[3664,3328],[3,0]],[[3627,3086],[0,7],[3,0],[0,8],[0,8],[0,8],[0,8],[3,0],[0,7],[2,0],[0,8],[3,8],[0,8],[3,0],[3,0],[0,8],[3,8],[0,7],[3,8],[0,8],[2,0],[0,8],[3,15],[0,8],[0,8],[0,8],[-3,8],[-2,7],[0,8],[5,16],[0,8],[0,8],[0,7],[0,8],[6,8],[3,8]],[[3613,2867],[3,0],[-3,0]],[[3613,2867],[3,0],[0,8],[0,8],[0,7],[0,8],[-3,0],[0,16],[0,8],[3,0],[-3,0],[0,7],[0,8],[3,8],[-3,0],[0,8],[0,8],[0,7],[0,8],[0,8],[3,0],[0,8],[0,8],[0,8],[0,7],[0,8],[2,0],[0,8],[0,8],[3,0],[0,8],[0,7],[0,8],[3,8],[0,8],[3,8]],[[3613,2867],[0,0]],[[3616,2851],[0,8],[-3,8]],[[3618,2851],[-2,0]],[[3616,2851],[0,0]],[[3618,2851],[0,0]],[[3738,3718],[2,0],[0,8],[0,8],[0,8],[3,0],[0,8],[-3,0],[3,0],[0,7]],[[3738,3718],[0,0]],[[3738,3711],[0,7]],[[3735,3679],[3,0]],[[3738,3679],[0,8],[2,8],[0,8],[0,8]],[[3740,3711],[-2,0]],[[3735,3672],[0,7]],[[3732,3664],[3,0]],[[3735,3664],[0,8]],[[3732,3648],[0,8],[3,0],[0,8]],[[3729,3648],[3,0]],[[3729,3640],[0,8]],[[3729,3640],[0,0]],[[3729,3632],[-3,8],[3,0]],[[3729,3625],[0,7]],[[3729,3632],[0,0]],[[3729,3625],[0,0]],[[3726,3609],[0,8],[3,0],[-3,8],[3,0]],[[3726,3609],[0,0]],[[3721,3593],[2,0],[0,8],[3,0],[0,8]],[[3721,3593],[0,0]],[[3721,3586],[0,7]],[[3721,3586],[0,0]],[[3718,3570],[0,8],[3,8]],[[3718,3570],[0,0]],[[3709,3531],[3,8],[0,8],[3,0],[0,7],[3,8],[-3,0],[3,0],[0,8]],[[3709,3539],[0,-8]],[[3709,3531],[0,0]],[[3698,3492],[3,8],[3,0],[0,7],[0,8],[2,0],[0,8],[3,0],[0,8]],[[3698,3492],[0,0]],[[3695,3492],[3,0]],[[3695,3492],[0,0]],[[3670,3437],[11,24],[14,31]],[[3862,3632],[3,0]],[[3862,3632],[0,0]],[[3851,3586],[3,0],[3,7],[3,8],[2,0],[0,8],[3,8],[0,8],[-3,0],[0,7]],[[3851,3586],[0,0]],[[3848,3578],[3,0],[0,8]],[[3848,3578],[0,0]],[[3845,3578],[0,0]],[[3831,3507],[0,8],[0,8],[3,0],[0,8],[0,8],[3,0],[0,8],[3,0],[0,7],[0,8],[2,8],[3,8]],[[3845,3578],[3,0]],[[3831,3320],[0,8],[3,0],[0,8],[0,7],[0,8],[3,0],[0,8],[-3,0],[0,8],[-3,0],[0,8],[-3,0],[0,7],[0,8],[0,8],[0,8],[0,8],[3,0],[0,8],[3,7],[3,8],[0,8],[0,8],[0,8],[-3,0],[0,7],[0,8],[-3,0],[3,0],[0,8],[0,8],[0,8],[0,7]],[[3834,3507],[-3,0]],[[3811,3328],[3,0]],[[3814,3328],[0,-8]],[[3808,3328],[3,0]],[[3808,3328],[0,0]],[[3806,3320],[0,8],[2,0]],[[3803,3328],[0,-8]],[[3803,3320],[3,0]],[[3800,3320],[3,0]],[[3814,3320],[3,0],[3,0]],[[3825,3320],[3,0]],[[3820,3320],[3,0],[2,0]],[[3828,3320],[3,0]],[[3828,3320],[0,0]],[[3800,3320],[0,0]],[[3800,3312],[0,8]],[[3794,3297],[0,7],[3,0],[0,8],[3,0]],[[3794,3297],[0,0]],[[3786,3281],[0,8],[3,0],[0,8],[2,0],[3,0]],[[3786,3281],[0,0]],[[3783,3273],[0,8],[3,0]],[[3780,3273],[0,0]],[[3777,3273],[3,0]],[[3780,3273],[3,0]],[[3777,3273],[0,0]],[[3760,3234],[0,8],[0,8],[3,7],[3,0],[0,8],[3,0],[3,0],[2,0],[3,0],[0,8]],[[3757,3234],[3,0]],[[3749,3047],[0,7],[-3,0],[3,0],[0,8],[0,8],[0,8],[0,8],[3,0],[0,7],[0,8],[0,8],[0,8],[-3,0],[0,8],[0,7],[0,8],[0,8],[-3,0],[0,8],[3,8],[0,8],[3,0],[0,7],[3,8],[0,8],[0,8],[2,8],[0,7],[0,8],[3,0],[-3,0],[0,8]],[[3933,3187],[3,-8],[3,0],[0,-7]],[[3913,3140],[3,0],[0,8],[3,0],[0,8],[0,8],[3,0],[3,0],[0,8],[0,7],[3,0],[5,8]],[[3939,3172],[3,0],[3,0],[0,-8],[2,0]],[[3939,3172],[0,0]],[[3882,3172],[3,0],[0,-8]],[[3879,3172],[3,0]],[[3947,3164],[3,0],[3,0],[0,-8],[0,-8],[3,0]],[[3947,3164],[0,0]],[[3888,3164],[3,0]],[[3885,3164],[3,0]],[[3959,3164],[0,-8],[0,-8],[3,0]],[[3956,3148],[0,8],[0,8],[3,0]],[[3891,3164],[0,-8],[0,-8],[0,-8],[0,-8],[3,0],[2,0],[0,-7],[0,-8]],[[3896,3117],[-2,-8]],[[3891,3164],[0,0]],[[3964,3148],[0,-8],[0,-8],[3,-7]],[[3962,3148],[2,0]],[[3911,3140],[0,0]],[[3905,3117],[3,0],[0,8],[0,15],[3,0]],[[3913,3140],[0,0]],[[3911,3140],[2,0]],[[3905,3117],[0,0]],[[3899,3109],[3,0],[0,8],[3,0]],[[3896,3117],[0,-8],[3,0]],[[3894,3109],[0,8],[2,0]],[[3967,3125],[0,-8],[3,0],[0,-8],[3,0]],[[3973,3109],[3,-8],[3,0]],[[3979,3101],[2,0],[3,-8],[3,0]],[[3979,3101],[0,0]],[[3987,3093],[3,-7],[3,0],[3,-8]],[[3987,3093],[0,0]],[[3996,3078],[2,0],[0,-8],[3,0]],[[3996,3078],[0,0]],[[4001,3070],[3,0],[0,-8],[0,-8],[3,0],[3,-7]],[[4001,3070],[0,0]],[[4013,3054],[0,-7],[0,-8]],[[4010,3047],[3,7]],[[4015,3039],[3,0],[0,-8]],[[4013,3039],[2,0]],[[3797,2734],[0,8]],[[3794,2734],[0,8]],[[3794,2734],[-3,0],[-2,0],[-3,0],[0,-8],[-3,0],[-3,-8],[-3,-7],[-5,-8]],[[3797,2734],[-3,0]],[[3800,2734],[0,0]],[[3800,2734],[-3,0]],[[3803,2734],[-3,0]],[[3806,2734],[-3,0]],[[3803,2734],[0,0]],[[3806,2734],[0,0]],[[3817,2695],[-6,8],[-3,0],[-2,0],[0,8],[0,7],[2,0],[0,8],[0,8]],[[3808,2734],[-2,0]],[[3828,2703],[0,8],[-3,0]],[[3825,2711],[-2,-8],[-3,0],[0,-8],[-3,0]],[[3831,2703],[0,0]],[[3831,2703],[-3,0]],[[3842,2687],[-2,0],[-3,8],[-3,8],[-3,0]],[[3772,2703],[0,0]],[[3772,2703],[-3,0]],[[3769,2703],[0,0]],[[3769,2703],[0,-8],[-3,0],[0,-8],[-3,0],[-3,0]],[[3743,2664],[3,8],[0,7],[0,8]],[[3854,2672],[-3,0],[-3,7],[-3,0],[-3,8]],[[3842,2687],[0,0]],[[3760,2687],[0,0]],[[3760,2687],[-3,0],[0,-8],[-2,0],[0,-7],[-3,0]],[[3857,2664],[0,8],[-3,0]],[[3854,2672],[0,0]],[[3879,2625],[-2,15],[-3,8],[-9,24]],[[3865,2672],[-3,0],[0,-8],[-2,0]],[[3752,2672],[-3,0]],[[3749,2672],[0,-8],[-3,0],[-3,0]],[[3860,2664],[0,0]],[[3860,2664],[-3,0]],[[3891,2625],[0,0]],[[3891,2625],[-3,0],[-3,0],[0,-8],[-3,0]],[[3894,2625],[0,0]],[[3894,2625],[-3,0]],[[3902,2617],[-3,0],[0,8],[-3,0]],[[3896,2625],[-2,0]],[[3882,2617],[-3,8]],[[3879,2625],[0,0]],[[3908,2617],[-3,0],[-3,0]],[[3902,2617],[0,0]],[[3911,2609],[0,8]],[[3911,2617],[-3,0]],[[3916,2601],[-3,8]],[[3913,2609],[-2,0]],[[3911,2554],[2,0],[0,8],[0,8],[3,0],[0,8],[3,0],[0,8],[0,7],[0,8],[-3,0]],[[3916,2601],[0,0]],[[3911,2562],[0,-8]],[[3905,2531],[3,0],[0,8],[3,0],[-3,0],[0,8],[0,7],[3,8]],[[3902,2531],[3,0]],[[3899,2492],[0,8],[0,8],[0,7],[3,16]],[[3902,2492],[0,0]],[[3902,2492],[-3,0]],[[3902,2476],[0,8],[0,8]],[[3911,2445],[0,8],[0,8],[0,8],[-3,0],[-3,7]],[[3905,2476],[-3,0]],[[3860,2219],[2,0],[0,7]],[[3857,2219],[0,0]],[[3848,2164],[3,0]],[[3851,2164],[0,8],[0,7],[3,8],[0,8],[0,8],[3,0],[0,8],[0,8]],[[3860,2219],[0,0]],[[3857,2219],[3,0]],[[3848,2164],[0,0]],[[3851,2156],[0,8]],[[3851,2164],[0,0]],[[3848,2156],[3,0]],[[3828,2125],[3,0],[0,8],[3,0],[3,7],[3,0],[2,8],[3,0],[3,0],[0,8]],[[3823,2133],[0,0]],[[3817,2125],[3,8],[3,0]],[[3823,2133],[2,0]],[[3825,2133],[3,0],[0,-8]],[[3825,2133],[0,0]],[[3814,2133],[0,-8]],[[3814,2125],[0,0]],[[3811,2125],[3,0]],[[3808,2125],[3,0]],[[3797,2109],[0,8],[3,0],[6,8],[2,0]],[[3817,2125],[0,0]],[[3814,2125],[3,0]],[[3811,2125],[0,0]],[[3828,2125],[0,0]],[[3794,2117],[0,-8],[3,0]],[[3794,2117],[0,0]],[[3791,2109],[3,8]],[[3791,2109],[0,0]],[[3783,2101],[3,0],[0,8],[3,0],[2,0]],[[3783,2101],[0,0]],[[3780,2101],[3,0]],[[3635,2297],[-2,0],[-9,0],[-3,0],[0,7],[-3,0]],[[3618,2304],[-2,0],[-3,-7],[-6,-8],[-3,-8]],[[3650,2289],[-3,8]],[[3647,2297],[-12,0]],[[3718,2179],[0,8],[0,8],[-3,0],[0,8],[-3,8],[3,0],[-3,0],[0,8],[0,7],[0,8],[3,0],[0,8],[0,8],[-3,0],[-3,0],[0,8],[0,7],[3,0],[0,8],[-3,0],[0,8],[-3,0],[0,8],[-2,0]],[[3704,2289],[-3,0]],[[3655,2265],[0,8],[-3,0],[0,8],[0,8]],[[3652,2289],[3,0],[-3,0]],[[3652,2289],[-2,0]],[[3701,2289],[-3,0]],[[3698,2289],[-3,0],[-3,0],[0,-8]],[[3687,2273],[0,8]],[[3687,2281],[-3,0]],[[3684,2281],[0,8]],[[3692,2281],[-3,8]],[[3689,2289],[0,-8],[-2,0]],[[3684,2281],[-3,0]],[[3681,2281],[-3,0],[-3,0]],[[3675,2281],[-3,0]],[[3672,2281],[0,-8]],[[3664,2258],[-3,0],[0,7],[0,8],[0,8]],[[3661,2281],[-3,-8],[0,-8],[-3,0]],[[3672,2273],[-2,0],[0,8]],[[3670,2281],[-3,-8],[-3,0],[0,-8],[0,-7]],[[3723,2179],[0,0]],[[3723,2179],[-2,0],[-3,0]],[[3726,2179],[-3,0]],[[3729,2179],[-3,0]],[[3726,2179],[0,0]],[[3729,2156],[3,8],[0,8],[0,7],[-3,0]],[[3729,2179],[0,0]],[[3729,2156],[0,0]],[[3729,2133],[-3,7],[3,0],[-3,0],[0,8],[3,0],[0,8]],[[3729,2133],[0,0]],[[3735,2094],[-3,0],[0,7],[-3,0],[-3,0],[0,8],[0,8],[3,0],[0,8],[-3,0],[0,8],[3,0]],[[3780,2101],[-3,0]],[[3777,2101],[0,-7]],[[3777,2101],[-3,0]],[[3774,2101],[0,-7]],[[3774,2094],[0,0]],[[3774,2094],[-2,0],[-3,0],[0,-8]],[[3738,2062],[-3,0],[0,8],[0,8],[-3,0],[3,8],[0,8]],[[3735,2094],[0,0]],[[3769,2086],[0,0]],[[3769,2086],[-3,0],[3,0]],[[3769,2086],[-3,0],[-3,0]],[[3763,2086],[0,-8]],[[3755,2078],[0,8]],[[3755,2086],[2,0]],[[3755,2078],[-3,0]],[[3763,2086],[-3,0],[0,-8]],[[3760,2078],[-3,8]],[[3757,2086],[0,-8],[-2,0]],[[3755,2078],[0,-8]],[[3755,2070],[-3,0]],[[3752,2070],[0,-8]],[[3749,2062],[0,8]],[[3749,2070],[0,0]],[[3752,2062],[-3,0]],[[3749,2070],[-3,0]],[[3746,2070],[0,-8],[-3,0]],[[3743,2062],[0,8],[-3,0]],[[3740,2070],[0,-8]],[[3740,2062],[0,0]],[[3740,2062],[-2,0]],[[3738,2062],[0,0]],[[3604,2281],[0,-8],[-3,0],[0,-8],[-5,0],[0,-7],[-3,0],[0,-8],[-3,0],[0,-8],[-3,0],[0,-8],[0,-8],[0,-7],[-3,-8],[-2,-8],[-3,0],[0,-8],[0,-8],[0,-8],[-3,-7]],[[3576,2172],[0,0]],[[3576,2172],[-3,0],[0,-8],[3,0],[0,-8],[-3,0],[-3,0],[0,-8],[0,-8],[-3,0],[0,-7],[-2,-8],[0,-8],[-3,0],[-3,0],[0,-8],[-3,0],[-3,-8],[-3,-7]],[[3550,2094],[-2,0]],[[3548,2094],[-3,0],[0,-8]],[[3545,2086],[0,-8],[-3,0]],[[3542,2078],[-9,-8],[-2,-8],[0,-8],[0,-7],[-3,0],[0,-8],[0,-8],[-3,0],[-3,-8],[-3,0],[0,-8],[0,-7],[0,-8],[-3,-8],[0,-8],[0,-8],[-2,0],[0,-7]],[[3582,2086],[-3,0],[-3,8],[-3,0]],[[3573,2094],[0,-8],[-3,0]],[[3562,2086],[-3,0]],[[3559,2086],[-3,0]],[[3553,2086],[-3,0]],[[3550,2086],[-2,0],[-3,0]],[[3556,2086],[-3,0]],[[3553,2086],[0,0]],[[3570,2086],[-3,0]],[[3567,2086],[0,0]],[[3567,2086],[-2,0]],[[3565,2086],[-3,0]],[[3584,2078],[0,8],[-2,0]],[[3582,2086],[0,0]],[[3604,2070],[-3,0],[-2,8],[-3,0],[-3,0]],[[3593,2078],[0,0]],[[3590,2078],[-3,0],[-3,0]],[[3584,2078],[0,0]],[[3593,2078],[-3,0]],[[3542,2078],[0,0]],[[3613,2054],[-3,0],[0,8],[-3,8],[-3,0]],[[3638,2047],[-3,0],[0,7],[-2,0],[0,8]],[[3633,2062],[0,0]],[[3633,2062],[-3,0],[-3,0]],[[3624,2054],[0,8]],[[3624,2062],[-3,0]],[[3621,2062],[0,0]],[[3618,2062],[-2,0],[-3,0]],[[3613,2062],[0,-8]],[[3627,2062],[-3,0]],[[3621,2062],[-3,0]],[[3647,1984],[-3,0],[0,8],[0,8],[0,8],[0,7],[-3,0],[3,0],[0,8],[0,8],[-3,8],[0,8]],[[3641,2047],[-3,0]],[[3655,1922],[-3,0],[0,7],[0,8],[0,8],[3,0],[0,8],[-3,0],[0,8],[0,8],[-2,0],[-3,7],[0,8]],[[3647,1984],[0,0]],[[3661,1922],[0,7]],[[3661,1922],[-3,0]],[[3667,1922],[0,0]],[[3667,1922],[-3,0]],[[3664,1922],[-3,0]],[[3670,1922],[0,0]],[[3658,1922],[0,0]],[[3658,1922],[-3,0]],[[3675,1890],[-3,0],[0,8],[0,8],[3,0],[0,8],[0,8],[-3,0]],[[3672,1922],[-2,0]],[[3670,1922],[-3,0]],[[3681,1898],[-3,0]],[[3678,1898],[-3,0],[0,-8]],[[3681,1898],[0,0]],[[3687,1883],[-3,0],[0,7],[0,8]],[[3684,1898],[-3,0]],[[3687,1875],[2,8]],[[3689,1883],[-2,0]],[[3539,1726],[0,8],[-3,0]],[[3536,1734],[-3,0]],[[3548,1734],[0,0]],[[3548,1734],[-3,0]],[[3545,1734],[0,-8]],[[3533,1734],[0,0]],[[3533,1734],[0,-8]],[[3545,1734],[-3,-8]],[[3548,1726],[0,8]],[[3528,1726],[-3,0]],[[3525,1726],[0,8]],[[3528,1726],[0,0]],[[3556,1719],[-3,7],[-3,0]],[[3550,1726],[0,0]],[[3542,1726],[0,0]],[[3542,1726],[-3,0]],[[3550,1726],[-2,0]],[[3525,1726],[0,0]],[[3533,1726],[-2,0]],[[3531,1726],[-3,0]],[[3565,1719],[0,7]],[[3565,1726],[-3,0]],[[3562,1726],[0,-7]],[[3562,1726],[-3,0],[0,-7]],[[3556,1719],[0,7]],[[3570,1719],[-3,0]],[[3570,1719],[-3,7]],[[3567,1726],[0,-7]],[[3559,1719],[-3,0]],[[3556,1719],[0,0]],[[3573,1719],[-3,0]],[[3570,1719],[0,0]],[[3567,1719],[0,0]],[[3567,1719],[-2,0]],[[3573,1719],[0,0]],[[3576,1711],[0,8]],[[3576,1719],[-3,0]],[[3576,1711],[0,0]],[[3579,1703],[-3,0],[3,8]],[[3579,1711],[-3,0]],[[3579,1703],[0,8]],[[3587,1703],[-3,0]],[[3584,1703],[0,0]],[[3582,1703],[-3,0]],[[3579,1703],[0,0]],[[3584,1703],[-2,0]],[[3582,1703],[0,0]],[[3587,1703],[0,0]],[[3587,1695],[0,8]],[[3593,1687],[0,8]],[[3593,1695],[-3,0]],[[3590,1695],[-3,0]],[[3596,1687],[0,8]],[[3596,1695],[-3,0]],[[3599,1680],[-3,7]],[[3596,1687],[0,0]],[[3604,1664],[0,8],[-3,0],[0,8],[-2,0]],[[3599,1680],[0,0]],[[3607,1656],[0,8],[-3,0]],[[3604,1664],[0,0]],[[3610,1656],[0,0]],[[3610,1656],[-3,0]],[[3618,1633],[-2,0],[0,7],[-3,0],[0,8],[-3,0],[0,8]],[[3624,1633],[-3,0],[-3,0]],[[3618,1633],[0,0]],[[3627,1625],[0,8],[-3,0]],[[3624,1633],[0,0]],[[3633,1625],[-3,0]],[[3630,1625],[0,8]],[[3630,1625],[-3,0]],[[3638,1625],[-3,0]],[[3635,1625],[0,8]],[[3635,1625],[-2,0]],[[3633,1625],[0,0]],[[3641,1617],[0,8],[-3,0]],[[3638,1625],[0,0]],[[3638,1617],[3,0]],[[3635,1609],[3,0],[0,8]],[[3635,1609],[0,0]],[[3633,1578],[0,8],[2,0],[-2,8],[0,7],[2,0],[0,8]],[[3630,1578],[3,0]],[[3630,1555],[0,7]],[[3630,1562],[-3,0],[0,8],[3,0]],[[3630,1570],[0,8]],[[3633,1578],[0,0]],[[3641,1562],[-3,0],[-3,8],[-2,0]],[[3633,1570],[0,0]],[[3633,1570],[-3,0]],[[3630,1570],[0,-8]],[[3630,1562],[3,0],[0,-7],[-3,0]],[[3471,2492],[-3,0],[0,8],[-3,0],[-2,0],[0,8],[-3,0]],[[3460,2508],[-3,0],[-3,0],[0,-8]],[[3519,2453],[3,8],[0,8],[3,0],[0,7],[3,8],[0,8],[0,8]],[[3528,2500],[-3,0],[-3,-8],[-3,-8],[-3,0],[0,-8]],[[3454,2500],[-3,0]],[[3451,2500],[0,0]],[[3451,2500],[-3,0]],[[3448,2500],[-5,0]],[[3443,2500],[0,0]],[[3443,2500],[-3,0],[0,-8],[0,-8],[-3,0],[0,-8],[-3,0],[0,-7],[-3,-8],[-3,0],[-2,0],[-3,-8],[-3,0]],[[3485,2469],[-3,7],[-2,0],[0,8],[-3,0],[-3,0],[0,8],[-3,0]],[[3471,2492],[0,0]],[[3502,2484],[0,0]],[[3502,2484],[-3,0],[-2,0],[0,-8],[-3,0],[0,-7]],[[3508,2469],[0,7],[-3,8]],[[3505,2484],[-3,0]],[[3516,2476],[-2,0]],[[3514,2476],[-3,-7],[-3,0]],[[3494,2469],[-3,0]],[[3491,2469],[-3,0]],[[3488,2469],[0,0]],[[3488,2469],[-3,0]],[[3414,2469],[0,0]],[[3420,2453],[0,8],[-3,0],[0,8]],[[3417,2469],[-3,0]],[[3528,2445],[-3,0],[-3,8]],[[3522,2453],[-3,0]],[[3533,2445],[-2,0]],[[3531,2445],[-3,0]],[[3545,2445],[-3,0],[-3,0]],[[3539,2445],[-3,0]],[[3536,2445],[0,0]],[[3536,2445],[-3,0]],[[3596,2679],[3,0],[0,8],[2,0],[0,8],[0,8],[3,0],[0,8],[0,7]],[[3596,2679],[0,0]],[[3582,2640],[2,0],[0,8],[0,8],[3,0],[0,8],[-3,0],[3,0],[0,8],[3,0],[0,7],[3,0],[3,0]],[[3582,2640],[0,0]],[[3579,2617],[3,8],[0,8],[0,7]],[[3576,2617],[3,0]],[[3545,2445],[0,8],[0,8],[-3,8],[0,7],[0,8],[0,8],[0,8],[0,8],[3,0],[0,7],[3,0],[0,8],[0,8],[0,8],[2,0],[3,0],[0,8],[3,0],[0,7],[3,8],[0,8],[-3,0],[0,8],[3,0],[0,8],[3,0],[0,7],[3,0],[0,8],[2,0],[0,8],[3,0],[3,0],[3,0],[0,8]],[[5706,2031],[-88,0]],[[5618,2031],[0,0]],[[5728,2211],[-82,0]],[[5771,2054],[-6,-23]],[[5765,2031],[-59,0]],[[5706,2031],[-3,-8]],[[5703,2023],[0,0]],[[5703,2023],[0,-8],[0,-7]],[[5703,2008],[3,0],[0,-32]],[[5703,2008],[0,0]],[[5782,1929],[-3,-15]],[[5788,1937],[-6,-8]],[[5706,1976],[-3,-62],[3,0],[0,-8]],[[5731,1914],[3,0],[0,-8],[3,-8],[3,-39],[2,-8],[0,-7],[3,0],[0,-8]],[[5706,1906],[25,8]],[[5748,1937],[-42,39]],[[5779,1914],[-2,0],[-3,8],[-20,15]],[[5754,1937],[-6,0]],[[5779,1914],[0,-8],[-2,0],[0,-8]],[[5777,1898],[2,0],[-5,-31],[5,-8]],[[5777,1898],[0,0]],[[5771,2054],[-43,157]],[[5745,2258],[17,7],[3,0],[0,16],[-6,8],[0,78],[29,0]],[[5737,2273],[0,0]],[[5728,2265],[3,0],[0,8],[3,0],[3,0]],[[5740,2273],[0,-8],[2,-7]],[[5737,2273],[3,0]],[[5728,2265],[0,0]],[[5728,2211],[0,54]],[[5745,2258],[0,0]],[[5742,2258],[3,0]],[[5771,2054],[8,-23],[3,0],[3,-8],[3,-15]],[[5788,1937],[-3,0],[0,8],[0,8],[3,8],[0,47]],[[5788,1929],[3,0],[3,0],[0,-7]],[[5788,1937],[0,-8]],[[5808,1984],[-20,24]],[[5816,2000],[-3,-8]],[[5813,1992],[0,0]],[[5813,1992],[-2,0],[0,-8]],[[5811,1984],[0,0]],[[5811,1984],[-3,0]],[[3151,2476],[0,8],[-3,0],[0,8]],[[3148,2492],[-3,0],[-3,0],[-3,-8],[-3,-8],[-2,0],[-3,-7],[-3,0],[0,-8],[3,0],[-3,0],[0,-8]],[[3128,2453],[-6,16],[-3,0],[-2,7],[-3,0]],[[3114,2476],[-3,-7],[-3,0],[-3,0],[-3,-8],[0,-8],[-2,0],[-3,-8],[-3,0],[-3,0]],[[3148,2836],[3,7],[2,16],[0,8],[-2,0],[2,8],[0,8]],[[3148,2836],[0,0]],[[3142,2679],[-3,0],[0,8],[0,8],[0,8],[-3,0],[0,8],[0,7],[0,8],[-2,0],[0,8],[2,0],[0,8],[0,8],[0,8],[0,7],[0,8],[0,8],[3,0],[0,8],[0,8],[0,7],[3,8],[3,8],[0,8],[3,8]],[[3156,2625],[-5,15],[0,8],[-3,0],[0,8],[-3,8],[0,8],[-3,0],[0,7]],[[3142,2679],[0,0]],[[3156,2625],[-3,-8],[0,-8],[0,-8],[0,-8],[0,-7],[3,0],[0,-8],[0,-8],[0,-8],[0,-8],[0,-7],[0,-8],[-3,0],[-2,-8],[0,-8],[0,-8],[2,0],[0,-7],[0,-8],[0,-8],[3,-8],[-3,0],[-2,-8]],[[3162,2445],[-3,8],[-3,8],[0,8],[-5,7]],[[3156,2625],[9,-24],[0,-8],[3,0],[5,-15],[3,-8],[3,0],[3,-8],[3,0]],[[3216,2617],[0,-8]],[[3185,2562],[8,8],[3,8],[3,0],[0,15],[3,8],[0,8],[11,0],[3,8]],[[3153,2883],[-31,39]],[[3122,2922],[0,-8],[-3,0]],[[3119,2914],[0,0]],[[3119,2914],[-2,0],[0,-8],[0,-8],[-3,0],[-3,0],[0,-8],[-3,-7]],[[3108,2883],[-3,0]],[[3105,2883],[0,-8]],[[3105,2875],[-3,0]],[[3187,3023],[3,8],[3,0],[0,8],[3,0]],[[3187,3023],[0,0]],[[3182,3015],[3,0],[0,8],[2,0]],[[3182,3015],[0,0]],[[3182,3008],[0,7]],[[3179,3008],[3,0]],[[3176,3000],[0,8]],[[3176,3008],[3,0]],[[3176,2992],[0,8]],[[3176,3000],[3,0],[-3,0]],[[3176,2992],[0,0]],[[3173,2984],[3,0],[0,8]],[[3173,2984],[0,0]],[[3165,2961],[3,0],[2,0],[0,7],[3,0],[-3,0],[0,8],[3,0],[0,8]],[[3162,2961],[3,0]],[[3159,2937],[0,8],[0,8],[0,8],[3,0]],[[3156,2937],[3,0]],[[3153,2937],[3,0]],[[3153,2937],[0,0]],[[3153,2929],[0,8]],[[3151,2929],[2,0]],[[3151,2922],[0,7]],[[3153,2883],[0,7],[0,8],[0,8],[0,8],[0,8]],[[3153,2922],[-2,0]],[[3255,2609],[-2,0],[0,8],[-3,8],[-3,8],[-3,0],[0,7],[-3,0],[-3,16],[0,8],[0,8],[0,7],[0,8],[0,8],[-2,8],[2,0],[9,8],[17,23],[26,39],[14,24]],[[3216,2609],[39,0]],[[3216,2609],[0,0]],[[3216,2609],[0,-8],[0,-8],[0,-7],[0,-8],[0,-8],[0,-8],[-3,0],[0,-8],[0,-7],[0,-8],[0,-8],[3,0],[3,-8],[2,-8],[3,0],[0,-7],[3,-8],[3,0],[0,-8],[-3,0]],[[3227,2492],[0,0]],[[3227,2492],[-3,0],[0,-8],[-5,-15],[0,-8],[-3,0],[0,-8],[0,-8],[3,0],[0,-8],[2,-8],[0,-7],[3,0],[0,-8],[0,-8],[3,0],[0,-8]],[[3227,2398],[0,-8]],[[3199,2414],[0,-8]],[[3199,2406],[3,-8]],[[3213,2406],[0,0]],[[3204,2390],[0,8]],[[3204,2398],[3,0],[0,8],[3,0],[3,0]],[[3216,2406],[0,-8],[3,0],[0,-8],[2,0]],[[3213,2406],[3,0]],[[3224,2398],[3,0]],[[3221,2390],[3,8]],[[3202,2398],[2,0]],[[3202,2398],[0,0]],[[3230,2219],[3,0]],[[3230,2203],[0,8],[0,8]],[[3233,2219],[3,0]],[[3233,2219],[0,0]],[[3216,2219],[0,0]],[[3213,2203],[0,8],[3,0],[0,8]],[[3216,2219],[3,0],[0,-8],[2,-8]],[[3236,2219],[0,-8],[2,0],[46,0]],[[3236,2219],[0,0]],[[3202,2219],[2,0],[0,-8]],[[3202,2172],[0,15],[0,8],[0,16],[0,8]],[[3204,2211],[3,0]],[[3204,2211],[0,0]],[[3207,2211],[0,0]],[[3207,2211],[3,0]],[[3210,2211],[0,-8],[3,0]],[[3210,2211],[0,0]],[[3221,2203],[3,0],[3,0]],[[3221,2203],[0,0]],[[3227,2203],[3,0]],[[3227,2203],[0,0]],[[3227,2390],[0,-7],[3,-8],[3,-8],[3,-8],[0,-8]],[[3238,2367],[3,0]],[[3236,2351],[2,0],[0,8],[0,8]],[[3241,2367],[3,0],[-3,-16],[0,-7],[3,-55],[0,-31],[0,-8],[3,0],[3,0]],[[3241,2367],[0,0]],[[3253,2258],[2,0],[0,-8]],[[3250,2250],[0,8],[3,0]],[[3255,2250],[32,0]],[[3162,2445],[-3,0],[0,-8],[0,-8]],[[3162,2429],[0,0]],[[3159,2429],[3,0]],[[3165,2429],[0,-7],[-3,0],[-3,0],[0,-8],[0,-8],[3,-8],[3,-8],[3,0],[2,-7],[3,-8],[0,-8],[3,-8],[3,-8],[-3,0],[-3,0],[-5,0],[-3,0],[0,-7],[-3,-8],[-3,0],[-6,-8],[-8,-16],[-11,-8],[-3,0]],[[3162,2429],[3,0]],[[3131,2304],[-3,0],[-14,8],[-9,8]],[[3179,2453],[-3,0]],[[3176,2453],[-3,0],[-3,0],[0,-8],[-2,0]],[[3182,2445],[-3,8]],[[3179,2453],[0,0]],[[3199,2414],[-3,0]],[[3196,2414],[-3,8],[0,7],[-3,0],[0,8],[-3,0],[-2,8],[-3,0]],[[3182,2445],[0,0]],[[3165,2445],[0,0]],[[3165,2445],[-3,0]],[[3168,2445],[0,0]],[[3168,2445],[-3,0]],[[3190,2414],[-3,0]],[[3187,2414],[0,8]],[[3187,2414],[3,-8],[0,-8],[0,-8],[-3,0],[3,-7]],[[3193,2414],[-3,0]],[[3190,2414],[0,0]],[[3196,2414],[-3,0]],[[3193,2414],[0,0]],[[3193,2390],[3,0],[0,-7],[-3,0],[0,-8],[0,-8],[0,-8],[0,-8],[3,0],[0,-7],[3,0],[3,0],[0,-8],[2,0]],[[3190,2383],[3,7]],[[3207,2336],[3,0]],[[3204,2336],[3,0]],[[3204,2336],[0,0]],[[3210,2336],[0,-8],[0,-8],[3,-8],[3,0],[-3,0],[0,-8],[-3,-7],[-6,-8],[-2,0],[-3,0],[0,-8],[0,-8],[-3,0],[0,-8],[3,-15],[-3,-16],[0,-8],[0,-15],[-3,-8],[0,-8],[0,-8],[6,-15],[3,0]],[[3210,2336],[0,0]],[[3202,2125],[0,0]],[[3202,2172],[0,-8],[-3,0],[0,-8],[0,-8],[0,-8],[3,0],[0,-7],[0,-8]],[[5796,8140],[-2,8]],[[5796,8140],[0,0]],[[5819,8148],[3,0]],[[5816,8140],[3,8]],[[5822,8148],[3,0],[0,-8]],[[5825,8140],[-3,0],[3,0]],[[5822,8148],[0,0]],[[5799,8148],[3,0]],[[5796,8140],[3,0],[0,8]],[[5813,8148],[3,-8]],[[5808,8140],[3,0],[0,8],[2,0]],[[5805,8148],[3,0],[0,-8]],[[5805,8148],[0,0]],[[5802,8148],[3,0]],[[5802,8148],[0,0]],[[5828,8140],[0,-8],[2,0],[3,0],[3,-8],[0,-8],[3,0]],[[5825,8140],[3,0]],[[5862,8124],[0,-8]],[[5856,8109],[0,7]],[[5856,8116],[3,0],[3,8]],[[5862,8124],[2,0],[0,-8]],[[5864,8116],[-2,0]],[[5850,8124],[0,-8]],[[5850,8116],[3,0],[3,0]],[[5847,8116],[3,0]],[[5876,8124],[0,-8]],[[5873,8116],[3,0]],[[5842,8116],[0,0]],[[5839,8116],[3,0]],[[5879,8116],[2,0]],[[5876,8116],[3,0]],[[5845,8116],[2,0]],[[5842,8116],[3,0]],[[5870,8116],[3,0]],[[5867,8116],[3,0]],[[5887,8116],[-3,-7],[3,0],[-3,0],[0,-8],[0,-8],[0,-8]],[[5884,8116],[3,0]],[[5884,8116],[0,0]],[[5881,8116],[3,0]],[[5867,8116],[0,0]],[[5864,8116],[3,0]],[[5884,8085],[0,0]],[[5796,8140],[3,-8],[3,0],[0,-8],[3,0],[0,-8]],[[5808,8116],[0,0]],[[5805,8116],[3,0]],[[5805,8116],[0,-7]],[[5805,8109],[0,0]],[[5805,8109],[0,-8],[-3,-8],[-3,0],[0,-8],[-3,0]],[[5796,8085],[-2,0]],[[5794,8085],[-3,0]],[[5791,8085],[0,0]],[[5791,8085],[0,-8]],[[5791,8077],[3,0],[0,-7]],[[5791,8077],[0,0]],[[5796,8077],[0,-7]],[[5796,8070],[3,0],[0,-8],[-3,0],[-2,0],[0,-8],[2,0]],[[5794,8070],[2,0]],[[5796,8054],[0,0]],[[5796,8054],[0,-8],[3,0],[0,-8],[3,0],[0,-8]],[[5802,8030],[0,-7],[3,0],[-6,0]],[[5802,8030],[0,0]],[[5782,8023],[0,0]],[[5782,8023],[-3,0]],[[5779,8023],[0,0]],[[5779,8023],[-2,-8],[0,-8],[-3,0],[3,0],[0,-8],[-3,-8],[-3,0],[0,-7]],[[5788,8023],[-3,0]],[[5785,8023],[-3,0]],[[5796,8023],[-2,0],[-3,0]],[[5791,8023],[-3,0]],[[5799,8023],[-3,0]],[[5759,7984],[-2,0]],[[5757,7984],[0,7]],[[5757,7984],[-3,0]],[[5754,7984],[-3,0]],[[5751,7984],[0,7]],[[5751,7991],[-3,-7],[3,0]],[[5751,7984],[-3,0],[0,-8],[-3,0],[3,0],[0,-8],[-3,0]],[[5771,7984],[-3,0]],[[5768,7984],[0,-8]],[[5762,7976],[0,8]],[[5762,7984],[-3,0]],[[5768,7984],[-3,0],[0,-8]],[[5765,7976],[-3,8]],[[5737,7976],[0,0]],[[5737,7976],[-3,0]],[[5740,7976],[0,0]],[[5740,7976],[-3,0]],[[5745,7968],[-3,0],[0,8]],[[5742,7976],[-2,0]],[[5734,7976],[-6,0]],[[5728,7976],[0,0]],[[5799,8023],[0,-8],[0,-8],[-3,0]],[[5796,8007],[3,-8]],[[5799,7999],[3,0]],[[5802,7999],[0,-8]],[[5796,8007],[0,0]],[[5799,7999],[0,-8],[0,-7],[0,-8]],[[5805,7984],[3,-8]],[[5802,7976],[0,8],[3,0]],[[5802,7976],[0,0]],[[5799,7976],[3,0]],[[5808,7976],[3,0],[2,0],[0,-8],[3,0]],[[5808,7976],[0,0]],[[5816,7976],[0,-8]],[[5816,7968],[3,0]],[[5822,7968],[0,-8],[-3,0],[-3,0],[3,0],[0,-8],[-3,0],[3,0],[3,0],[0,-7],[-3,0],[6,0]],[[5819,7968],[3,0]],[[5847,7952],[6,0],[3,0],[0,8],[0,8]],[[5856,7968],[3,0]],[[5830,7952],[3,0]],[[5828,7952],[2,0]],[[5833,7952],[3,-7]],[[5833,7952],[0,0]],[[5845,7952],[2,0]],[[5839,7945],[3,0],[3,7]],[[5828,7952],[0,0]],[[5825,7945],[0,7],[3,0]],[[5839,7945],[0,0]],[[5836,7945],[3,0]],[[5825,7945],[0,-8],[3,0],[2,-8],[0,-8],[3,-8],[-3,-8],[0,-7],[3,0],[-3,-8],[0,-8]],[[5932,8109],[3,0]],[[5930,8101],[2,0],[-2,0]],[[5930,8101],[2,0],[0,8]],[[5935,8109],[0,0]],[[5927,8101],[3,0]],[[5927,8101],[0,0]],[[5921,8101],[3,0],[3,0]],[[5915,8093],[3,0],[0,8],[3,0]],[[5910,8101],[0,-8]],[[5907,8101],[3,0]],[[5904,8101],[0,-8]],[[5904,8093],[3,0]],[[5901,8093],[3,0]],[[5907,8101],[0,0]],[[5907,8093],[0,8]],[[5913,8093],[2,0]],[[5910,8093],[3,0]],[[5896,8093],[2,0],[3,0]],[[5893,8093],[3,0]],[[5890,8093],[3,0]],[[5884,8085],[3,0]],[[5887,8085],[0,8],[3,0]],[[5893,8093],[0,0]],[[5884,8085],[0,-8],[0,-7],[-3,0],[3,0],[0,-8]],[[5884,8062],[0,-8]],[[5884,8054],[3,0],[-3,0]],[[5884,8054],[0,-8]],[[5884,8054],[0,0]],[[5884,8046],[0,0]],[[5884,8046],[-3,0],[-2,0]],[[5879,8046],[-3,0]],[[5876,8046],[0,-8],[-3,0],[-3,0]],[[5870,8038],[0,-8]],[[5870,8030],[3,0],[-3,0]],[[5867,8038],[-3,0],[-2,0]],[[5862,8038],[0,-8],[-3,0]],[[5859,8030],[3,0],[-3,0]],[[5867,8038],[0,0]],[[5870,8038],[-3,0]],[[5859,8030],[0,0]],[[5859,8030],[-3,0],[0,-7],[0,-8]],[[5856,8015],[3,0],[-3,0]],[[5850,8015],[0,0]],[[5850,8015],[-3,0],[0,-8],[3,0],[3,0]],[[5856,8015],[-6,0]],[[5853,8007],[3,0],[0,-8]],[[5853,8007],[0,0]],[[5859,8007],[0,-8]],[[5859,7999],[0,-8]],[[5856,7999],[3,0]],[[5859,7991],[0,0]],[[5859,7991],[0,-7],[-3,0],[0,-8],[-3,0],[3,-8]],[[5898,8015],[-2,0]],[[5896,8015],[0,8]],[[5896,8015],[0,-8]],[[5907,8007],[0,8],[-3,0],[-3,0]],[[5901,8015],[-3,0]],[[5898,8015],[0,0]],[[5921,8015],[-3,0],[-3,0]],[[5915,8015],[-2,0]],[[5913,8015],[0,0]],[[5913,8015],[-3,-8],[-3,0]],[[5932,7999],[0,8],[-2,0],[0,8],[-3,0]],[[5927,8015],[0,0]],[[5924,8015],[-3,0]],[[5921,8015],[0,0]],[[5927,8015],[-3,0]],[[5924,8015],[0,0]],[[5896,8007],[0,0]],[[5896,8007],[-3,0],[3,0]],[[5896,8007],[-3,0],[0,-8]],[[5893,7999],[3,0],[-3,0]],[[5935,7999],[0,0]],[[5935,7999],[-3,0]],[[5893,7999],[0,0]],[[5893,7999],[-3,0],[3,0]],[[5893,7999],[0,-8]],[[5893,7991],[-3,0],[3,0]],[[5893,7991],[0,-7]],[[5938,7999],[-3,0]],[[5941,7999],[-3,0]],[[5893,7991],[-6,0]],[[5887,7991],[0,-7]],[[5884,7984],[-3,0],[-2,0]],[[5879,7984],[0,7]],[[5879,7984],[-3,0],[-3,0],[0,-8],[-6,0],[0,-8]],[[5887,7984],[-3,0]],[[5884,7984],[0,0]],[[5867,7968],[0,0]],[[5867,7968],[-3,0]],[[5864,7968],[-2,0]],[[5862,7968],[0,0]],[[5862,7968],[-3,0]],[[5859,7968],[0,0]],[[7600,5640],[3,-8],[-3,0]],[[7600,5632],[0,0]],[[7600,5632],[0,-8]],[[7600,5624],[0,0]],[[7600,5624],[0,-7],[3,0],[-3,-8],[3,0]],[[7566,5742],[3,0],[0,-8]],[[7572,5742],[2,0],[0,-8],[3,0],[0,-8],[0,-8],[3,0]],[[7569,5734],[3,8]],[[7583,5718],[0,0]],[[7580,5718],[3,0]],[[8964,2562],[0,-8],[0,-15],[0,-24],[0,-23],[0,-23],[0,-24],[0,-23],[0,-24],[0,-23],[0,-24],[0,-23],[0,-24],[0,-23],[0,-23],[0,-24],[0,-23],[0,-24],[0,-23],[0,-24],[0,-23],[0,-23],[0,-24],[0,-16],[0,-23],[0,-23],[0,-24],[0,-23],[0,-24],[0,-23],[0,-24],[0,-23],[0,-23],[0,-24]],[[8709,1820],[0,24],[0,31],[0,23],[0,31],[0,24],[0,31],[0,24],[0,31],[0,23],[0,32],[0,23],[0,31],[0,24],[0,31],[0,23],[0,32],[0,23],[0,31],[0,24],[0,31],[0,23],[0,32],[0,23],[0,24],[0,31],[0,23],[0,31],[0,24],[0,31],[0,24],[0,31],[0,23]],[[8964,1820],[-9,0],[-8,0],[-6,0],[-8,0],[-9,0],[-8,0],[-9,0],[-5,0],[-9,0],[-8,0],[-9,0],[-8,0],[-9,0],[-6,0],[-8,0],[-9,0],[-8,0],[-9,0],[-5,0],[-9,0],[-8,0],[-9,0],[-8,0],[-6,0],[-9,0],[-8,0],[-9,0],[-8,0],[-9,0],[-5,0],[-9,0],[-8,0]],[[9049,1586],[0,31],[0,31],[0,24],[0,31],[0,31],[0,31],[0,24],[0,31]],[[9049,1820],[-11,0],[-12,0],[-8,0],[-12,0],[-11,0],[-8,0],[-12,0],[-11,0]],[[8709,1375],[0,31],[0,24],[0,31],[0,23],[0,31],[0,24],[0,31],[0,31],[0,24],[0,31],[0,24],[0,31],[0,23],[0,31],[0,24],[0,31]],[[9049,1195],[0,0]],[[9049,1195],[0,-8]],[[9049,1187],[0,-39],[0,-39],[0,-39],[0,-39],[0,-39],[0,-39],[0,-39],[0,-39]],[[9401,1640],[0,8],[2,0],[0,8]],[[9398,1648],[3,-8]],[[9395,1640],[3,8]],[[9395,1640],[0,0]],[[9392,1633],[0,7]],[[9392,1640],[3,0]],[[9375,1640],[3,0]],[[9367,1633],[2,0],[3,0],[0,7],[3,0]],[[9378,1640],[3,0],[3,-7]],[[9378,1640],[0,0]],[[9386,1640],[3,0]],[[9384,1633],[0,7],[2,0]],[[9389,1640],[3,0]],[[9367,1633],[0,0]],[[9358,1594],[3,0],[0,7],[0,8],[3,0],[-3,0],[0,8],[0,8],[3,0],[3,8]],[[9313,1625],[3,-8],[2,-8],[3,0]],[[9310,1617],[3,0],[0,8]],[[9310,1617],[0,0]],[[9304,1617],[3,0],[3,0]],[[9293,1617],[0,0]],[[9049,1586],[14,0],[14,0],[15,0],[11,0],[14,0],[14,0],[14,0],[15,0],[14,0],[14,0],[11,0],[14,0],[15,0],[14,0],[14,0],[14,0],[6,0],[3,8],[0,7],[3,0],[2,0],[0,8],[3,0],[3,8],[3,0]],[[9304,1617],[0,0]],[[9301,1617],[3,0]],[[9301,1617],[0,0]],[[9296,1617],[3,0],[2,0]],[[9296,1617],[0,0]],[[9293,1617],[3,0]],[[9327,1617],[3,-8],[3,0],[2,-8],[3,0],[0,-7],[3,0],[0,-8],[0,-8],[0,-8],[3,0]],[[9321,1609],[3,0],[3,8]],[[9352,1594],[3,0]],[[9355,1594],[0,-8]],[[9344,1570],[0,8],[3,0],[0,8],[3,0],[0,8],[2,0]],[[9358,1594],[0,0]],[[9355,1594],[3,0]],[[9284,1086],[3,0],[0,8],[-3,0]],[[9284,1094],[-2,0],[0,7],[-3,8]],[[9279,1109],[-6,-8],[-3,-7],[0,-8],[0,-8],[0,-8],[0,-8],[0,-7]],[[9284,1094],[0,-8]],[[9282,1086],[2,0]],[[9282,1086],[0,0]],[[9276,1047],[3,0],[0,8],[0,7],[0,8],[0,8],[3,0],[-3,0],[0,8],[3,0]],[[9273,1062],[0,-7],[0,-8],[3,0]],[[9270,1055],[3,7]],[[9049,1586],[0,-24],[0,-23],[0,-24],[0,-31],[0,-23],[0,-24],[0,-23],[0,-24],[0,-23],[0,-23],[0,-32],[0,-23],[0,-24],[0,-23],[0,-23],[0,-24]],[[9055,1187],[-3,0],[-3,0]],[[9058,1187],[-3,0]],[[9055,1187],[0,0]],[[9072,1187],[-3,0]],[[9069,1187],[-3,0],[0,-7],[-3,0]],[[9080,1180],[0,7],[-3,0]],[[9077,1187],[0,0]],[[9077,1187],[-2,0]],[[9075,1187],[-3,0]],[[9063,1180],[-3,0],[0,7]],[[9060,1187],[-2,0]],[[9083,1180],[-3,0]],[[9080,1180],[0,0]],[[9086,1172],[0,8],[-3,0]],[[9083,1180],[0,0]],[[9094,1133],[-2,0],[0,8],[0,7],[-3,8],[0,8],[0,8]],[[9089,1172],[-3,0]],[[9103,1141],[0,7],[-3,0]],[[9100,1148],[-3,0],[0,-7]],[[9106,1141],[-3,0]],[[9103,1141],[0,0]],[[9114,1133],[0,8],[-3,0],[-2,0],[-3,0]],[[9106,1141],[0,0]],[[9097,1141],[0,0]],[[9097,1141],[-3,0],[0,-8]],[[9154,1031],[-3,0],[-3,8],[0,8],[-3,0],[0,8],[-2,0],[0,7],[-3,0],[-3,8],[-3,0],[0,8],[-3,0],[-3,0],[0,8],[-2,0],[-3,0],[0,8],[0,7],[-3,0],[-3,0],[0,8],[-3,8],[0,8],[3,0],[0,8],[-3,0]],[[9114,1133],[0,0]],[[9185,1039],[-3,0],[-3,16],[-2,0]],[[9177,1055],[-3,-8],[-3,0]],[[9171,1047],[-3,0]],[[9168,1047],[-3,0],[-3,0],[0,-8],[-2,0],[2,0],[0,-8]],[[9304,922],[-5,8],[-9,7],[-6,8],[-5,0],[-6,8],[-6,8],[-5,8],[-9,7],[-3,0],[3,8],[0,8],[-3,0],[0,8],[0,8],[0,8],[-2,0],[0,7],[0,8],[0,8],[-3,0],[-6,8]],[[9239,1047],[0,-8],[-3,0]],[[9236,1039],[-3,0]],[[9233,1039],[0,8]],[[9233,1039],[-2,0]],[[9231,1039],[0,0]],[[9231,1039],[-3,-8]],[[9191,1039],[-3,0]],[[9188,1039],[-3,0]],[[9205,1039],[0,0]],[[9205,1039],[-3,0]],[[9202,1039],[0,-8]],[[9211,1039],[-3,0]],[[9208,1039],[-3,0]],[[9196,1031],[0,8]],[[9196,1039],[-2,0],[-3,0]],[[9191,1039],[0,0]],[[9202,1031],[-3,8]],[[9199,1039],[-3,0]],[[9225,1031],[0,8],[-3,0]],[[9222,1039],[0,-8],[0,-8]],[[9213,1031],[0,8],[-2,0]],[[9211,1039],[0,0]],[[9228,1031],[0,8]],[[9228,1031],[-3,0]],[[9162,1031],[-2,0]],[[9160,1031],[-3,0]],[[9219,1031],[-3,0]],[[9216,1031],[-3,0]],[[9222,1023],[-3,0],[0,8]],[[9219,1031],[0,0]],[[9157,1031],[-3,0]],[[9154,1031],[0,0]],[[9225,1023],[-3,0]],[[9324,1109],[-3,0],[0,-8]],[[3253,1844],[8,31],[23,70],[0,24]],[[3199,2086],[0,8],[0,7],[3,8],[0,8],[0,8]],[[3210,2015],[0,8],[0,8],[-3,0],[0,8],[0,8],[0,7],[-3,0],[-2,0],[0,8],[-3,0],[0,8],[0,8],[0,8]],[[3199,2086],[0,0]],[[3168,2023],[2,0]],[[3162,1961],[3,0],[3,0],[0,8],[0,7],[2,0],[-2,0],[2,8],[0,8],[0,8],[-2,8],[0,7],[0,8]],[[3170,2023],[3,0]],[[3170,2023],[0,0]],[[3173,2023],[6,-8],[0,-7],[0,-8],[0,-8],[0,-8],[0,-8],[3,0]],[[3173,2023],[0,0]],[[3224,2008],[-3,0],[0,7],[-2,0],[-3,0]],[[3216,2015],[-3,0]],[[3213,2015],[-3,0]],[[3210,2015],[0,0]],[[3227,1945],[3,8],[0,8],[0,54],[-3,0]],[[3227,2015],[-3,0],[0,-7]],[[3142,2000],[3,-8],[3,0],[3,-8]],[[3151,1984],[0,-8],[2,0],[0,-7],[3,0],[3,0],[0,-8],[3,0]],[[3151,1984],[0,0]],[[3182,1976],[3,0],[0,-7],[0,-8],[2,0],[3,-16],[3,0]],[[3182,1976],[0,0]],[[3224,1945],[3,0]],[[3219,1929],[0,8],[2,0],[3,0],[0,8]],[[3193,1945],[3,-8],[3,0]],[[3193,1945],[0,0]],[[3202,1937],[2,0],[3,-8],[3,0]],[[3199,1937],[3,0]],[[3213,1937],[6,-8]],[[3210,1929],[0,8],[3,0]],[[3380,1664],[-20,0]],[[3360,1664],[-11,0]],[[3349,1664],[-20,0]],[[3329,1664],[-28,0]],[[3128,1875],[-20,8]],[[3162,1844],[3,7],[0,8],[0,8],[0,8],[-3,0]],[[3162,1875],[-34,0]],[[3162,1844],[0,0]],[[3168,1789],[0,8],[-3,0],[-3,8],[0,7],[-3,8],[-3,8],[0,8],[0,8],[3,0],[3,0]],[[3176,1797],[0,8],[-3,0]],[[3173,1805],[-3,0],[0,-8],[-2,-8]],[[3187,1812],[3,0]],[[3187,1797],[0,8],[0,7]],[[3199,1812],[0,-7],[5,0]],[[3196,1812],[3,0]],[[3190,1812],[3,0],[3,0]],[[3190,1812],[0,0]],[[3213,1805],[3,0]],[[3210,1797],[0,8],[3,0]],[[3216,1805],[5,0]],[[3207,1805],[0,-8],[3,0]],[[3204,1805],[3,0]],[[3176,1797],[9,0],[2,0]],[[3185,1680],[-3,0],[0,7],[0,8],[-3,0],[0,16],[-3,8],[-3,0],[3,7],[0,8],[3,0],[0,8],[3,0],[0,8],[0,8],[0,7],[-3,8],[-3,0],[-3,8],[3,8],[0,8]],[[3190,1656],[-3,8],[0,8],[0,8],[-2,0]],[[3185,1680],[0,0]],[[3202,1672],[-3,0]],[[3199,1672],[-3,0],[-3,0],[0,-8],[-3,0],[0,-8]],[[3202,1672],[0,0]],[[3301,1664],[0,16],[0,78],[0,39],[0,15],[0,32],[-3,0],[-45,0]],[[3253,1844],[-15,0],[-2,7],[-6,0]],[[3230,1851],[-6,-31],[0,-8],[-3,-7]],[[3301,1664],[-3,-31],[-3,-39],[-3,-39],[0,-24],[-2,-39]],[[3202,1672],[2,-32],[0,-7],[0,-8],[0,-8],[-2,0],[0,-8],[2,0],[0,-15],[0,-8],[3,-24],[0,-7],[3,-8],[0,-8]],[[3221,1765],[0,8],[0,8],[0,8],[0,8],[0,8]],[[3219,1765],[2,0]],[[3219,1758],[0,7]],[[3216,1758],[3,0]],[[3207,1695],[0,8],[-3,0],[3,8],[3,8],[0,7],[3,0],[0,8],[0,8],[3,0],[0,8],[0,8]],[[3207,1695],[0,0]],[[3207,1680],[0,7],[-3,8],[3,0]],[[3207,1680],[0,0]],[[3204,1672],[3,8]],[[3204,1672],[0,0]],[[3202,1672],[2,0]],[[3204,1117],[0,-62],[0,-16]],[[3204,1039],[-25,0]],[[3179,1039],[-3,0]],[[3176,1039],[-14,0]],[[3290,1492],[0,-16],[0,-7],[5,-16],[0,-8],[-5,-62],[-3,-8],[0,-8],[0,-8],[0,-8],[0,-7],[0,-8],[3,0],[0,-8],[2,0],[0,-8],[3,0],[0,-8],[0,-7],[0,-8],[3,0],[0,-8],[3,0],[0,-8],[-3,0],[0,-8],[0,-8],[-3,0]],[[3295,1265],[0,0]],[[3295,1265],[-5,-23],[-12,-31],[-11,-47]],[[3196,1500],[6,0],[2,0],[0,8],[6,7],[0,8],[-3,16],[3,0]],[[3227,1555],[6,-8],[3,0],[0,-8],[2,0],[3,0],[3,-8]],[[3210,1539],[9,8],[5,8],[3,0]],[[3247,1539],[3,-8]],[[3244,1531],[3,8]],[[3250,1531],[3,0],[0,-8],[17,0]],[[3250,1531],[0,0]],[[3278,1523],[6,0],[3,0],[3,-31]],[[3270,1523],[8,0]],[[3236,1117],[17,0]],[[3204,1117],[17,0],[15,0]],[[3202,1328],[0,8],[0,8],[-3,0],[-9,15],[-3,0],[-2,0]],[[3204,1117],[0,78],[0,63],[0,7],[3,0],[0,8],[0,8],[0,8],[3,0],[0,8],[0,8],[0,7],[0,8],[0,8]],[[3210,1328],[-3,0],[-3,0],[-2,0]],[[3298,1953],[-3,0],[-3,0],[0,8],[-2,0],[-6,8]],[[3304,1937],[-3,0],[0,8],[-3,8]],[[3298,1953],[0,0]],[[3304,1937],[0,0]],[[3309,1929],[-2,0],[-3,8]],[[3318,1906],[0,8],[0,8],[-3,0],[-3,7],[-3,0]],[[3309,1929],[0,0]],[[3332,1883],[-3,0],[0,7],[-3,0],[0,8],[-2,0],[-3,8]],[[3321,1906],[-3,0]],[[3343,1844],[0,7],[0,8],[-2,0],[0,8],[-3,0],[0,8],[-3,0],[0,8]],[[3335,1883],[-3,0]],[[3358,1820],[-3,8],[-3,0],[0,8],[-3,0],[0,8],[-3,0]],[[3346,1844],[-3,0]],[[3360,1812],[-2,0],[0,8]],[[3358,1820],[0,0]],[[3360,1805],[0,7]],[[3360,1812],[0,0]],[[3363,1805],[0,0]],[[3363,1805],[-3,0]],[[3369,1797],[-3,0],[0,8],[-3,0]],[[3386,1773],[-3,0],[0,8],[-3,0],[0,8],[-3,0],[-2,0],[0,8],[-3,0]],[[3372,1797],[-3,0]],[[3369,1797],[0,0]],[[3394,1758],[-2,0],[0,7],[-3,0],[-3,8]],[[3386,1773],[0,0]],[[3394,1750],[0,8]],[[3394,1758],[0,0]],[[3394,1750],[0,0]],[[3284,1969],[0,39],[0,86]],[[3111,1664],[0,8],[0,8],[0,7],[-3,0]],[[3108,1687],[0,-7],[-3,0]],[[3105,1680],[0,0]],[[3105,1680],[-3,0],[-2,0]],[[3100,1680],[-9,0]],[[3114,1656],[0,8],[-3,0]],[[3111,1664],[0,0]],[[3119,1648],[0,8]],[[3119,1656],[-2,0]],[[3117,1656],[-3,0]],[[3128,1633],[0,7],[-3,0],[0,8],[0,8]],[[3125,1656],[-3,0],[-3,0]],[[3196,1500],[-6,23],[-3,16],[0,8],[-2,8],[0,7],[-6,16],[-3,8],[-3,8],[-3,0],[-2,0],[0,7],[2,0],[0,8],[-2,0],[-3,8],[0,8],[-3,8],[-6,7],[-5,0]],[[3151,1640],[-3,0],[-3,-7],[-3,0]],[[3142,1633],[-11,7]],[[3131,1640],[-3,-7]],[[3182,1359],[-3,0]],[[3179,1359],[-3,0],[-3,0],[-3,0]],[[3162,1359],[-3,0]],[[3185,1359],[-3,0]],[[3165,1359],[0,0]],[[3165,1359],[-3,0]],[[3168,1359],[0,0]],[[3168,1359],[-3,0]],[[3170,1359],[0,0]],[[3170,1359],[-2,0]],[[3185,1359],[0,24],[0,23],[0,16],[0,8],[2,7],[0,8],[3,16],[0,8],[3,0],[0,7],[0,8],[3,16]],[[3341,1250],[0,-8],[-3,0],[0,-8],[-3,-8]],[[3335,1226],[-3,0],[-3,0],[-3,0]],[[3326,1226],[-2,0],[-3,-7],[-3,-8],[-9,-24],[-8,-23],[-3,0],[-14,0],[-17,0]],[[3253,1117],[0,-23],[0,-16],[0,-31],[0,-8],[0,-31],[0,-16],[0,-23],[0,-32],[0,-31],[0,-8],[0,-39],[0,-39],[0,-39]],[[3255,1164],[12,0]],[[3253,1117],[0,31],[0,16],[2,0]],[[3117,914],[8,0],[3,0],[3,-8],[0,-8],[-3,-7],[-3,0],[0,-8],[3,-8]],[[3128,875],[3,0],[0,-8],[3,0],[0,-8]],[[3128,875],[0,0]],[[3145,867],[0,-8],[3,0],[0,-8],[3,-7],[2,0],[3,0],[3,0],[3,-8],[0,-8],[3,0],[3,0],[2,0]],[[3139,859],[3,8],[3,0]],[[3136,867],[3,-8]],[[3134,859],[2,0],[0,8]],[[3173,828],[6,0],[3,0],[0,-8],[3,0]],[[3170,828],[3,0]],[[3190,820],[3,0],[3,0]],[[3187,820],[3,0]],[[3187,820],[0,0]],[[3185,820],[2,0]],[[3207,820],[3,0]],[[3199,820],[5,0],[3,0]],[[3210,820],[3,0]],[[3210,820],[0,0]],[[3213,820],[8,-8],[12,0],[0,-7],[3,0],[2,-8],[3,0],[3,-8],[6,-8],[3,0]],[[3213,820],[0,0]],[[3199,820],[0,0]],[[3196,820],[3,0]],[[3253,781],[0,-47],[0,-39],[0,-23],[5,0],[3,0],[0,-8],[3,0],[0,-8],[3,0],[3,-8]],[[3380,1664],[3,8],[0,8],[0,7],[0,8],[-3,0],[0,8],[3,8],[3,0],[0,8],[3,0]],[[3377,1656],[3,0],[0,8]],[[3377,1656],[0,0]],[[3358,1484],[2,8],[0,8],[0,8],[0,7],[-2,0],[0,8],[2,0],[0,16],[0,16],[3,7],[0,8],[3,8],[3,0],[3,0],[0,8],[0,8],[0,7],[3,0],[0,8],[0,8],[0,8],[0,8],[0,7],[0,8],[0,8],[2,0]],[[3463,1719],[0,-8],[0,-8],[2,-16],[0,-7],[3,-8],[0,-8],[0,-8],[3,0],[3,0]],[[3358,1484],[0,-8],[2,0],[0,-7],[0,-8],[-2,-8],[0,-8],[-3,-8],[0,-7],[-3,0],[0,-8],[-3,-8],[-3,-8],[0,-8],[-3,0],[0,-8],[-2,0],[0,-7],[-3,0],[0,-8],[-3,0],[-3,0]],[[3332,1375],[0,0]],[[3332,1375],[-3,0],[3,0]],[[3332,1375],[-3,0],[0,-8],[0,-8],[0,-8],[0,-7],[0,-8],[0,-8],[0,-8],[0,-8],[-3,0],[0,-7],[3,0],[0,-8],[0,-8],[3,-8],[0,-8],[0,-8],[3,0],[3,-7],[3,0],[0,-8]],[[3360,1219],[-5,7],[0,8],[-3,0],[-6,8],[-3,8],[-2,0]],[[3366,1219],[-3,0]],[[3363,1219],[-3,0]],[[3372,1211],[-3,0],[0,8]],[[3369,1219],[-3,0]],[[3372,1211],[0,0]],[[3389,1195],[-3,0],[-3,0],[0,8],[-3,0],[-3,0],[0,8],[-2,0]],[[3375,1211],[-3,0]],[[3394,1195],[-2,0],[-3,0]],[[3389,1492],[3,0]],[[3380,1492],[3,0],[6,0]],[[3392,1492],[5,0],[3,-8],[3,-8],[0,-7],[3,0],[0,-8],[3,-8],[2,0]],[[3392,1492],[0,0]],[[3377,1492],[3,0]],[[3372,1484],[3,0],[2,8]],[[3366,1484],[3,0],[3,0]],[[3363,1484],[3,0]],[[3363,1484],[0,0]],[[3358,1484],[2,0],[3,0]],[[3162,1039],[-14,0]],[[3148,1039],[-31,0],[-3,0],[0,-8],[0,-8],[0,-7],[3,-40],[0,-62]],[[3156,1180],[0,7],[3,0],[-3,8],[0,8],[-3,0],[0,8],[-2,8],[0,7],[-3,8],[-3,8],[3,0],[-3,8],[0,8],[0,7],[0,8],[0,8],[0,8],[0,8],[-3,0],[0,8],[0,7],[0,8],[-3,0],[0,8]],[[3156,1180],[0,0]],[[3162,1039],[0,8],[0,8],[0,7],[0,8],[3,8],[0,8],[0,8],[0,7],[0,8],[0,8],[-3,0],[3,8],[-3,0],[-3,16],[0,7],[-3,8],[0,8],[0,8],[0,8]],[[3142,1367],[0,-8],[3,0]],[[3139,1328],[0,8],[0,8],[0,7],[0,8],[3,8]],[[3148,1359],[3,0]],[[3145,1359],[3,0]],[[3151,1359],[8,0]],[[3080,1633],[-3,0],[-3,0]],[[3083,1625],[-3,8]],[[3080,1633],[0,0]],[[3094,1539],[0,8],[0,8],[0,7],[3,0],[-3,0],[0,8],[0,8],[3,0],[0,8],[-3,0],[0,8],[0,7],[-3,0],[0,8],[-3,8],[-3,8],[-2,0]],[[3083,1625],[0,0]],[[3105,1539],[-3,0]],[[3102,1539],[-2,0]],[[3100,1539],[-3,0]],[[3097,1539],[-3,0]],[[3156,1367],[0,8],[-3,0],[0,8],[-2,0],[0,7],[-3,0],[0,8],[0,24],[0,8],[0,7],[0,8],[-3,8],[-3,0],[0,8],[-3,0],[0,8],[-3,0],[0,7],[-2,0],[0,8],[0,8],[-6,0],[0,8],[-3,0],[0,8],[-3,0],[0,7],[-3,0],[-2,0],[0,8],[-3,8],[-3,0],[-3,8]],[[3108,1539],[-3,0]],[[3159,1359],[-3,8]],[[3156,1367],[0,0]],[[3094,1344],[-3,0],[0,7],[-3,0]],[[3088,1351],[-3,0],[0,-7]],[[3085,1344],[-2,0]],[[3083,1344],[-3,0],[-3,0],[0,-8],[-3,-8],[-3,0],[-6,0]],[[3131,1328],[-3,8],[-3,0],[0,8],[-3,0],[-3,0]],[[3119,1344],[-2,0],[-3,0],[-3,-8],[-3,0],[-3,-8],[-3,0],[-5,0]],[[3097,1328],[0,16]],[[3097,1344],[-3,0]],[[3139,1328],[-3,8]],[[3136,1336],[0,0]],[[3136,1336],[-2,0]],[[3134,1336],[-3,0]],[[3131,1336],[0,0]],[[3131,1336],[0,-8]],[[3065,1328],[-2,0]],[[3063,1328],[-3,0],[-3,0]],[[3031,570],[52,0],[2,0]],[[3014,570],[17,0]],[[3153,570],[26,0],[8,0],[17,0]],[[3085,570],[26,0],[8,0],[34,0]],[[3134,258],[-23,0]],[[3111,258],[-34,0]],[[3077,258],[-57,0]],[[3020,258],[0,0]],[[3117,914],[-3,-8],[0,-78],[3,0],[5,-16],[0,-7],[-3,0],[-2,0]],[[3114,805],[0,0]],[[3114,805],[-3,0],[-3,-8],[-3,0],[0,-8],[-3,0],[-2,-8],[0,-8],[-3,0],[0,-7],[-3,0],[-3,0]],[[3117,805],[0,0]],[[3117,805],[-3,0]],[[3091,766],[0,0]],[[3091,766],[-3,-8],[-3,0],[0,-8],[-2,0],[0,-8],[-3,0]],[[3080,742],[-3,0]],[[3077,742],[-3,0],[-6,-8],[-3,-8],[0,-7],[0,-8],[-2,-8],[0,-8],[0,-8],[-3,0]],[[3060,687],[0,0]],[[3054,680],[-3,7]],[[3051,687],[-3,0],[0,-7],[-2,0]],[[3060,687],[-3,0]],[[3057,687],[-3,-7]],[[3046,680],[-3,0]],[[3043,680],[-3,0],[-3,0],[0,-8],[-3,0],[0,-8],[0,-8],[3,0],[-3,-8],[0,-7],[-3,0],[-2,0]],[[3017,648],[-5,0]],[[3029,641],[-3,0],[-6,7]],[[3020,648],[-3,0]],[[3057,1008],[-3,0],[0,8],[0,7],[0,8]],[[3080,945],[-3,0],[-3,8],[-3,8],[0,8],[0,7],[-3,0],[0,8],[-3,0],[0,8],[-2,0],[-3,0],[0,8],[-3,8]],[[3057,1008],[0,0]],[[3097,930],[-3,0],[0,7],[-3,8],[-3,0],[-3,0],[0,8]],[[3085,953],[-5,-8]],[[3102,930],[-2,0]],[[3100,930],[-3,0]],[[3117,914],[-6,8],[-3,0],[0,8],[-3,0]],[[3105,930],[-3,0]],[[5547,3218],[3,-7],[0,-8],[0,-8],[-3,0],[0,-8],[3,0],[0,-8],[0,-7],[0,-8],[0,-8],[0,-8],[0,-8],[0,-8],[-3,0],[-3,-7],[-3,0],[0,-8],[3,-8],[0,-8],[3,0],[0,-8],[3,0],[0,-7],[2,0],[3,0],[12,-16],[2,0],[-2,-8],[0,-8],[0,-7],[2,0],[3,-8]],[[5572,3039],[3,0]],[[5521,3281],[3,-8],[3,-16],[3,0]],[[5501,3211],[3,0],[3,7],[0,8],[0,8],[0,16],[0,7],[3,0],[3,8],[0,8],[3,0],[5,8]],[[5530,3257],[3,0],[0,8],[0,8],[2,0]],[[5499,3211],[2,0]],[[5527,3008],[0,7],[-3,0],[-3,8]],[[5535,3008],[-2,0],[-3,0],[0,7]],[[5530,3015],[-3,-7]],[[5527,3008],[0,0]],[[5538,3000],[0,8]],[[5538,3008],[-3,0]],[[5535,3008],[0,0]],[[5544,2976],[3,0]],[[5547,2976],[0,8],[-3,0],[0,8],[0,8],[-3,0]],[[5541,3000],[-3,0]],[[5584,2992],[-3,-8],[3,0],[0,-8],[0,-8],[0,-7]],[[5544,2976],[0,0]],[[5547,2953],[0,8],[0,7],[0,8]],[[5561,2953],[-3,0],[0,8],[-3,0]],[[5555,2961],[0,-8],[0,-8],[-3,-8],[-2,0]],[[5584,2961],[0,0]],[[5584,2961],[-3,0],[-3,0],[-3,0],[0,-8],[-3,0]],[[5550,2937],[-3,0],[0,8],[0,8]],[[5547,2953],[0,0]],[[5561,2945],[0,8]],[[5561,2953],[0,0]],[[5572,2953],[-3,0]],[[5569,2953],[-2,0],[0,-8]],[[5567,2945],[-3,0]],[[5564,2945],[0,8]],[[5564,2945],[-3,0]],[[5672,3203],[0,0]],[[5657,3179],[6,8],[3,0],[0,8],[3,0],[3,0],[0,8]],[[5655,3179],[2,0]],[[5578,3039],[3,0],[3,8],[3,0],[0,7],[2,0],[3,0],[3,0],[0,8],[3,0],[3,8],[3,0],[2,0],[0,8],[3,0],[3,0],[3,8],[0,7],[3,0],[0,16],[0,8],[5,8],[3,0],[0,7],[3,0],[0,8],[6,8],[3,0],[0,8],[2,0],[0,8],[0,8],[3,0],[3,7],[3,0],[3,0],[3,0]],[[5575,3039],[3,0]],[[5575,3039],[0,0]],[[5584,2992],[5,-8],[3,-8],[3,0],[0,-8],[0,-7]],[[5595,2961],[0,-8]],[[5575,3031],[0,8]],[[5578,3031],[-3,0]],[[5575,3031],[0,0]],[[5578,3023],[0,8]],[[5578,3031],[0,0]],[[5578,3015],[3,0],[-3,8]],[[5578,3023],[3,0],[-3,0]],[[5578,3023],[0,0]],[[5578,3015],[0,0]],[[5584,2992],[0,8],[-3,0],[0,8],[-3,0],[0,7]],[[5487,3234],[0,-8],[3,-8]],[[5482,3218],[0,8],[2,8],[3,0]],[[5496,3226],[3,0],[0,-8],[-3,0],[3,0],[0,-7]],[[5490,3218],[3,8],[3,0]],[[5482,3211],[0,7]],[[5482,3218],[0,0]],[[5482,3211],[0,0]],[[5479,3203],[3,0],[0,8]],[[5473,3203],[0,0]],[[5470,3195],[3,0],[0,8]],[[5476,3203],[0,0]],[[5473,3203],[3,0]],[[5479,3203],[0,0]],[[5476,3203],[3,0]],[[5467,3195],[3,0]],[[5467,3195],[0,0]],[[5490,3132],[3,0],[0,8],[0,8],[3,0],[0,8],[0,8],[0,8],[-3,7],[3,8],[3,8],[0,8],[0,8]],[[5490,3132],[0,0]],[[5487,3132],[3,0]],[[5487,3132],[0,0]],[[5482,3117],[0,8],[2,0],[0,7],[3,0]],[[5479,3117],[3,0]],[[5479,3093],[3,8],[-3,0],[0,8],[3,0],[0,8]],[[5518,2804],[0,-7],[0,-16],[0,-8],[0,-15]],[[5501,2953],[-2,0],[-3,8]],[[5518,2804],[0,8],[0,8],[0,8],[0,15],[0,8],[0,8],[-2,0],[0,8],[-3,0],[0,8],[3,0],[0,8],[0,7],[-3,0],[3,8],[2,0],[0,8],[0,8],[3,0],[0,8],[-3,0],[0,7],[0,8],[-2,0],[-3,8],[0,8],[-3,0],[-3,8]],[[5507,2961],[-3,-8],[-3,0]],[[5518,2804],[-2,0],[-3,8]],[[5513,2812],[-3,0],[0,-8],[-3,0]],[[5518,2804],[0,0]],[[5490,2773],[0,8],[0,8],[-3,0],[0,8],[-3,7]],[[5484,2804],[-2,0]],[[5507,2804],[-3,0]],[[5504,2804],[-3,0],[-5,-15],[0,-8],[-3,0],[-3,-8]],[[5482,2804],[-3,0]],[[5550,2758],[2,0],[0,7],[3,0],[0,8],[0,8],[3,0],[0,8],[3,0]],[[5524,2758],[3,0]],[[5521,2758],[3,0]],[[5530,2758],[3,0],[0,-8],[0,-8],[2,0],[3,0],[0,-8],[3,0]],[[5527,2758],[3,0]],[[5550,2758],[0,0]],[[5547,2758],[3,0]],[[5518,2758],[3,0]],[[5518,2758],[0,0]],[[5547,2758],[0,0]],[[5541,2734],[0,8],[3,8],[3,8]],[[5518,2758],[0,-8],[0,-8],[0,-8],[0,-8],[0,-8],[0,-7],[0,-8],[3,0],[0,-8],[3,-8],[0,-8],[0,-7],[0,-8]],[[5479,2804],[0,-7],[-3,0]],[[5476,2797],[-3,0]],[[5473,2797],[0,-8],[-3,0],[-3,-8]],[[5467,2781],[-2,0],[0,8],[-3,0]],[[5462,2789],[0,-8],[-3,-8],[0,-8],[-3,0]],[[5445,2773],[-3,0],[-3,0]],[[5439,2773],[-3,0]],[[5448,2773],[0,0]],[[5448,2773],[-3,0]],[[5456,2765],[-6,8]],[[5450,2773],[-2,0]],[[5476,2898],[0,-8],[0,-7],[3,0],[0,-8],[-3,0],[0,-8],[-3,0],[-3,0],[0,-8],[0,-8],[0,-8],[3,-7],[0,-8],[0,-8],[3,-8],[3,-8]],[[5524,2664],[-3,0]],[[5521,2664],[-3,0],[-2,0],[-6,-16]],[[5507,2648],[-6,0],[-2,0]],[[5499,2648],[-3,0],[-3,0],[-3,-8],[0,-7],[-3,-8],[-3,-8],[-2,-8],[0,-8],[-3,-8]],[[5510,2648],[-3,0]],[[5507,2648],[0,0]],[[5465,2609],[-3,0]],[[5462,2609],[-3,-8],[-3,-8],[-3,0],[-3,0],[0,-7],[-2,0]],[[5479,2593],[-3,8],[0,8],[-6,0],[-3,0]],[[5467,2609],[-2,0]],[[5448,2586],[-3,0]],[[5445,2586],[0,7]],[[5445,2586],[-3,-8],[-3,0],[-3,-8]],[[5436,2570],[0,8],[-3,0],[0,8]],[[5524,2664],[3,0],[0,-8],[3,0],[-3,0],[3,0],[0,-8],[3,0]],[[5533,2648],[0,-8]],[[5533,2648],[0,0]],[[5535,2640],[0,-7],[3,0],[3,-16],[3,-8],[0,-16],[0,-7],[0,-16],[0,-8],[-3,-8],[-3,-7],[0,-8],[0,-8],[0,-8],[3,-15],[0,-16]],[[5533,2640],[2,0]],[[5436,2773],[0,-8],[0,-7],[0,-8],[0,-8],[0,-8],[3,0],[0,-8],[-3,-8],[0,-7],[0,-8],[-3,0],[-2,-16],[-3,0],[0,-8],[-3,-7],[3,-8],[-3,0],[0,-8],[3,0]],[[5431,2656],[0,-8],[2,0],[0,-8],[3,-15],[0,-8],[0,-8],[-3,-8],[0,-8],[0,-7]],[[5428,2656],[3,0]],[[5431,2773],[-3,0],[0,8],[0,8],[-6,8]],[[5422,2797],[-3,-8],[-3,0]],[[5416,2789],[-2,0],[-3,0],[-3,8]],[[5408,2797],[-3,-8]],[[5433,2773],[0,0]],[[5433,2773],[-2,0]],[[5436,2773],[-3,0]],[[5433,2586],[-2,-8],[0,-8]],[[5431,2570],[-3,0]],[[5428,2570],[-3,0],[0,-8],[0,-8],[-3,-7],[3,0],[0,-8],[3,-8],[0,-8]],[[5595,2953],[-3,0],[0,-8],[0,-8],[-3,0],[0,-8],[-2,0],[0,-7],[-3,0],[0,-8],[3,0],[-3,-8],[-3,-8],[0,-8],[-3,0],[-3,-7],[-3,-8],[0,-8],[-3,-8],[-2,-8],[0,-8],[0,-7],[-3,0],[0,-8],[-3,-8],[3,0],[0,-8],[-3,0],[0,-8],[-3,0],[3,0],[0,-7],[-3,0],[3,-8]],[[5677,3023],[0,0]],[[5677,3023],[-3,0],[-2,0]],[[5680,3023],[-3,0]],[[5683,3023],[-3,0]],[[5672,3023],[-3,0]],[[5669,3023],[0,-8],[-3,0],[0,-7],[0,-8],[0,-8],[-3,0],[3,0],[0,-8],[0,-8],[-3,0]],[[5663,2976],[-3,0]],[[5660,2976],[0,0]],[[5660,2976],[-3,0],[-2,0],[0,-8],[-3,0],[0,-7],[-3,0]],[[5629,2968],[-3,0],[0,8],[-3,0]],[[5623,2976],[-2,0],[0,-8]],[[5615,2968],[-3,0]],[[5612,2968],[-3,0]],[[5609,2968],[-3,0]],[[5606,2968],[-2,0],[0,-7],[-3,0]],[[5621,2968],[-3,0]],[[5618,2968],[0,0]],[[5618,2968],[-3,0]],[[5632,2968],[-3,0]],[[5629,2968],[0,0]],[[5638,2961],[-3,0],[0,7],[-3,0]],[[5632,2968],[0,0]],[[5649,2961],[0,0]],[[5649,2961],[-3,0],[0,-8]],[[5601,2961],[-3,0]],[[5598,2961],[-3,0]],[[5638,2961],[0,0]],[[5643,2953],[-3,0],[0,8]],[[5640,2961],[-2,0]],[[5646,2953],[-3,0]],[[5643,2953],[0,0]],[[5561,2789],[6,-8],[2,0]],[[5569,2781],[6,-8],[3,0],[0,-8],[3,0],[0,-7],[3,0],[0,-8],[0,-8],[0,-8],[3,0],[0,-8]],[[5569,2781],[0,0]],[[5595,2734],[3,0],[3,0]],[[5595,2726],[0,8]],[[5604,2734],[2,0],[0,-8],[0,-8],[3,0],[0,-7],[3,0],[0,-8],[3,0],[0,-8],[3,0],[0,-8],[3,0],[2,0],[0,-8],[3,0]],[[5601,2734],[3,0]],[[5592,2726],[3,0]],[[5587,2726],[2,0],[3,0]],[[5638,2679],[2,0]],[[5635,2679],[3,0]],[[5635,2679],[0,0]],[[5632,2679],[3,0]],[[5626,2679],[3,0]],[[5626,2679],[0,0]],[[5640,2679],[3,0]],[[5640,2679],[0,0]],[[5632,2679],[0,0]],[[5629,2679],[3,0]],[[5643,2679],[3,0],[0,-7]],[[5643,2679],[0,0]],[[5646,2672],[3,0],[0,-8]],[[5646,2672],[0,0]],[[5649,2664],[3,0]],[[5652,2664],[0,-8]],[[5649,2664],[0,0]],[[5652,2656],[3,0],[0,-8]],[[5657,2648],[0,-8],[0,-7],[3,0],[0,-8],[3,0],[0,-8],[3,0]],[[5655,2648],[2,0]],[[5666,2617],[0,-8],[3,0],[0,-8],[0,-8],[3,0],[2,0],[0,-7]],[[5666,2617],[0,0]],[[5510,2992],[3,8],[0,8],[3,0],[2,7],[3,0],[0,8]],[[5504,3000],[0,-8]],[[5496,2961],[3,0],[0,7],[0,8],[2,0],[0,8],[3,16]],[[5507,2992],[3,0]],[[5504,2992],[3,0]],[[5504,3093],[0,0]],[[5501,3093],[3,0]],[[5499,3093],[2,0]],[[5496,3086],[3,0],[0,7]],[[5504,3093],[3,0]],[[5479,3093],[0,-7],[3,0]],[[5507,3093],[3,0],[0,-7],[0,-8],[3,0],[0,-8],[3,-8],[0,-8],[-3,0],[0,-7],[3,0],[0,-8],[2,0],[3,-8],[0,-8]],[[5507,3093],[0,0]],[[5493,3086],[3,0]],[[5493,3086],[0,0]],[[5490,3086],[3,0]],[[5490,3086],[0,0]],[[5482,3086],[0,0]],[[5487,3086],[3,0]],[[5482,3086],[2,0]],[[5484,3086],[3,0]],[[5484,3086],[0,0]],[[5476,3093],[3,0]],[[5473,3093],[3,0]],[[5473,3093],[0,0]],[[5470,3093],[3,0]],[[5470,3093],[0,0]],[[5465,3086],[2,0],[3,7]],[[5465,3086],[0,0]],[[5487,2914],[0,8],[0,7],[0,8],[0,8],[3,8],[3,0],[3,0],[0,8]],[[5484,2914],[3,0]],[[5476,2898],[3,8],[0,8],[3,0],[2,0]],[[5448,2929],[-3,0],[-3,0],[0,8]],[[5453,2914],[0,8],[-3,0],[0,7],[-2,0]],[[5448,2929],[0,0]],[[5467,2906],[-2,8],[-3,8],[0,7]],[[5462,2929],[-3,0],[0,-7],[-3,0],[0,-8],[-3,0]],[[5476,2898],[-3,8],[-3,0]],[[5470,2906],[-3,0]],[[5459,3328],[3,0],[0,8],[3,0],[2,0],[3,7],[0,8],[3,0],[0,8],[3,0],[-3,8],[0,8],[0,7],[-3,8]],[[5459,3328],[0,0]],[[5445,3304],[3,8],[2,0],[3,8],[3,0],[0,8],[3,0]],[[5445,3304],[0,0]],[[5445,3265],[3,0],[-3,0]],[[5445,3265],[0,8],[0,8],[0,8],[0,8],[-3,7],[3,0]],[[5445,3265],[0,0]],[[5442,3257],[3,8]],[[5462,3234],[-3,0],[-3,0],[0,8],[-3,8],[-3,0],[0,7],[-5,0],[-3,0]],[[5467,3195],[-2,8],[0,8],[2,0],[0,7],[0,16],[-2,0]],[[5465,3234],[-3,0]],[[5459,3195],[3,0]],[[5450,3109],[0,8],[3,8],[0,7],[0,8],[-3,0],[0,8],[0,8],[3,0],[3,8],[3,0],[0,8],[-3,7],[0,8],[0,8],[3,0]],[[5462,3195],[0,0]],[[5462,3195],[3,0]],[[5465,3195],[2,0]],[[5453,3101],[-3,0],[0,8]],[[5450,3109],[0,0]],[[5456,3093],[0,8],[-3,0]],[[5453,3101],[0,0]],[[5462,3086],[0,7],[-3,0]],[[5459,3093],[-3,0]],[[5465,3086],[-3,0]],[[5465,3086],[0,-8],[0,-8],[-3,0],[0,-8],[3,0],[0,-8],[0,-7],[0,-8]],[[5439,3039],[0,8]],[[5439,3047],[-3,0],[0,7],[-3,0]],[[5465,3039],[-3,0],[-3,0],[0,8],[-3,0],[-3,0]],[[5453,3047],[-3,0],[0,-8],[-2,0]],[[5442,3039],[-3,8]],[[5442,3039],[0,0]],[[5448,3039],[-3,0]],[[5445,3039],[-3,0]],[[5431,3179],[2,0]],[[5436,3179],[0,-7],[0,-8],[0,-8],[-3,0],[0,-8],[0,-8],[0,-8]],[[5433,3179],[3,0]],[[5433,3132],[-2,0]],[[5431,3132],[0,0]],[[5431,3132],[-3,0]],[[5428,3132],[-3,0],[0,-7],[-3,0]],[[5433,3250],[3,0],[3,0],[3,0],[0,7]],[[5431,3250],[2,0]],[[5428,3250],[3,0]],[[5425,3250],[3,0]],[[5422,3242],[3,0],[0,8]],[[5275,4273],[2,0],[-2,8],[0,8],[0,7]],[[5275,4273],[0,0]],[[5283,4320],[3,0],[0,8],[0,8],[3,0],[0,7],[0,8],[0,8],[0,8],[-3,0],[0,8]],[[5283,4320],[0,0]],[[5280,4312],[0,8]],[[5280,4320],[3,0]],[[5277,4320],[3,0]],[[5275,4296],[0,8],[2,8],[0,8]],[[5275,4273],[0,-8]],[[5277,4265],[0,-8],[3,0],[0,-7],[0,-8],[0,-8],[3,-8],[3,0]],[[5275,4265],[2,0]],[[5238,4296],[0,8],[0,8],[3,0],[0,8],[0,8],[2,0],[0,8],[-2,0],[0,7],[0,8],[0,8]],[[5241,4359],[-3,0]],[[5238,4359],[0,0]],[[5238,4359],[-3,0],[-3,-8],[-3,0],[-3,-8]],[[5226,4343],[-2,0]],[[5224,4343],[0,-7],[0,-8],[2,-8],[0,-8],[-2,-8],[-3,0],[-3,-8]],[[5201,4312],[-3,0],[0,8],[0,8],[-3,0]],[[5218,4296],[0,8],[0,8],[-3,0],[0,8],[-3,0]],[[5212,4320],[-3,0],[-2,0]],[[5207,4320],[-3,0]],[[5204,4320],[0,0]],[[5204,4320],[-3,0]],[[5201,4320],[0,-8]],[[5235,4273],[-6,-8]],[[5229,4265],[-3,0]],[[5226,4265],[0,-8],[-2,-7]],[[5224,4250],[-3,0],[-3,7]],[[5218,4257],[0,-7],[-3,0]],[[5224,4250],[0,7]],[[5212,4242],[-3,0],[0,8],[-2,0]],[[5215,4250],[0,0]],[[5215,4250],[-3,-8]],[[5212,4242],[0,0]],[[5195,4328],[-3,-16]],[[5360,4601],[2,0]],[[5351,4593],[3,0],[6,8]],[[5362,4601],[3,0]],[[5351,4593],[0,-8],[0,-7],[0,-8],[0,-8],[0,-8],[3,0],[0,-8],[-3,0],[-3,-7],[-8,-8],[-3,-8],[-3,-8],[-3,0],[0,-8],[-3,0],[-2,0],[0,-7]],[[5326,4500],[-3,7]],[[5323,4507],[0,-7],[-3,0]],[[5320,4500],[-3,0]],[[5317,4500],[-3,0],[0,-8],[3,0],[0,-8],[-3,-8],[-3,-8]],[[5362,4734],[0,-8],[-2,0],[-3,-8],[-3,0],[0,-8],[-3,0],[0,-15],[-3,-8],[3,0],[3,-8],[0,-8],[3,0],[0,-7],[0,-16],[-3,-8],[3,-8],[5,-7],[0,-8],[0,-8],[3,-8]],[[5377,4601],[-9,0]],[[5368,4601],[-3,0]],[[5382,4679],[0,-8],[-3,-7],[0,-8],[3,0],[0,-8],[3,0],[3,-8],[0,-8]],[[5283,4382],[3,-7]],[[5283,4382],[0,0]],[[5275,4359],[2,8],[0,8],[3,0],[3,7]],[[5272,4367],[3,0],[0,-8]],[[5263,4406],[0,-8],[3,-8],[3,-8]],[[5272,4390],[3,-8],[0,-7],[-3,-8]],[[5269,4382],[0,8],[3,0]],[[5272,4429],[0,8],[0,8],[0,8],[0,7],[-3,0],[0,8],[0,8]],[[5266,4398],[0,8],[3,0],[3,8],[0,7],[0,8]],[[5272,4429],[3,0]],[[5263,4406],[3,-8]],[[5294,4484],[6,0],[3,-8]],[[5289,4460],[0,8],[0,8],[0,8],[5,0]],[[5306,4484],[5,-16]],[[5303,4476],[3,0],[0,8]],[[5269,4476],[3,0],[3,0],[2,0],[0,-8],[3,0],[3,0],[3,0],[0,-8],[3,0]],[[5297,4390],[3,0],[6,-8],[0,-7]],[[5292,4375],[2,7],[0,8],[3,0]],[[5289,4375],[3,0]],[[5286,4375],[3,0]],[[5311,4375],[3,-8],[3,-8],[3,0],[0,-8]],[[5306,4375],[3,0],[2,0]],[[5311,4468],[-2,-8]],[[5317,4468],[6,-8],[3,0],[2,-7],[3,-8],[0,-16],[0,-8],[0,-7],[-3,0],[0,-8],[-2,0],[0,-8],[0,-16],[0,-15],[-3,-8]],[[5309,4460],[2,0],[3,8],[3,0]],[[5377,4601],[2,-16],[3,0],[3,-7],[0,-8],[0,-8],[3,0],[0,-8],[3,0],[0,-8],[-3,-15],[0,-8],[-3,-8],[-8,-23],[-3,-8],[0,-8],[3,-8],[0,-8]],[[5379,4468],[3,0],[3,-8],[3,-7],[0,-8],[0,-8]],[[5377,4460],[2,8]],[[5433,4703],[6,0]],[[5433,4703],[0,0]],[[5428,4664],[0,7],[0,8],[3,8],[0,8],[0,8],[2,0]],[[5416,4679],[3,0],[3,-8],[3,0],[3,-7]],[[5394,4632],[3,8],[2,16],[3,0],[3,0],[3,8],[3,0],[3,7],[0,8],[2,0]],[[5388,4632],[6,0]],[[5388,4632],[0,-15],[-6,-16],[-3,0],[-2,0]],[[5170,4406],[-3,0]],[[5167,4406],[0,0]],[[5175,4398],[-3,0],[0,8]],[[5172,4406],[-2,0]],[[5181,4398],[-3,0]],[[5178,4398],[0,0]],[[5178,4398],[-3,0]],[[5175,4398],[0,0]],[[5181,4398],[-3,-8],[0,-8],[-3,0],[0,-7],[0,-8],[3,0]],[[5181,4367],[0,-8],[-3,-8]],[[5178,4367],[3,0]],[[5178,4351],[3,0],[0,-8]],[[5178,4351],[0,0]],[[5181,4343],[-3,0]],[[5178,4343],[0,0]],[[5258,4257],[0,-7],[-3,-8],[0,-8]],[[5258,4234],[2,0],[3,-8]],[[5255,4234],[3,0]],[[5241,4296],[-3,0]],[[5241,4296],[-3,-15]],[[5238,4281],[3,0]],[[5241,4281],[0,-8],[0,-8],[2,0],[3,-8],[3,0]],[[5241,4281],[0,0]],[[5252,4257],[3,0]],[[5249,4257],[3,0]],[[5255,4257],[3,0]],[[5235,4273],[3,0],[0,-8],[-3,-8],[0,-7],[-3,0],[0,-8],[0,-8],[0,-8],[0,-8],[3,0]],[[5238,4226],[0,-8],[3,-7]],[[5235,4218],[3,8]],[[5263,4218],[0,8]],[[6678,8249],[0,-8],[3,0],[0,-7],[3,0]],[[6718,8234],[3,0],[3,0],[0,7]],[[6709,8241],[3,0],[0,-7],[3,0],[3,0]],[[6704,8234],[3,0],[2,0],[0,7]],[[6690,8241],[2,-7],[3,0]],[[6684,8234],[3,0],[3,7]],[[6698,8234],[3,0],[3,0]],[[6695,8234],[3,0]],[[6704,8234],[0,0]],[[6738,8694],[3,0],[0,-7],[3,0]],[[6746,8694],[6,-7],[0,-8],[0,-8],[3,0]],[[6744,8687],[2,7]],[[6763,8671],[9,0],[3,0]],[[6755,8671],[8,0]],[[6780,8671],[3,0],[3,0],[20,-23],[14,-8],[6,-8],[8,-16],[-3,0],[0,-7],[0,-16],[3,0],[0,-8],[6,-8],[0,-8],[3,0],[0,-7],[0,-8],[3,0],[2,0],[6,0],[0,-8],[0,-8],[3,0],[0,-8],[3,-7],[0,-8],[0,-16],[3,0],[2,-8],[3,0]],[[6775,8671],[5,0]],[[6874,8491],[20,-7],[3,0],[0,-8],[2,0],[6,-24],[6,-15],[3,0],[5,-8]],[[6868,8491],[6,0]],[[6191,8015],[-3,0],[0,-8],[0,-8],[0,-8]],[[6188,7991],[0,0]],[[6188,7991],[0,-7],[0,-8]],[[6188,7976],[-3,0]],[[6185,7976],[0,-8],[0,-8],[3,0],[3,-8],[2,0],[0,-7],[3,0],[3,0],[0,-8],[3,0]],[[6202,7937],[3,0],[0,-8],[-3,0],[0,-8],[-3,-8]],[[6202,7937],[0,0]],[[7433,8601],[-3,0],[0,8],[-9,7],[-3,0]],[[7418,8616],[-11,0],[-20,-23],[0,-8],[-5,-8]],[[7245,8601],[-2,0],[-6,8]],[[7237,8609],[0,-8],[0,-8]],[[7441,8609],[-8,-8]],[[7299,8601],[-3,0]],[[7296,8601],[-2,0]],[[7260,8593],[0,8],[-3,0],[-3,0],[-3,0]],[[7251,8601],[-6,0]],[[7285,8601],[-3,0]],[[7282,8601],[-5,0]],[[7291,8601],[0,0]],[[7291,8601],[-3,0],[-3,0]],[[7294,8601],[0,0]],[[7294,8601],[-3,0]],[[7302,8593],[-3,0],[0,8]],[[7299,8601],[0,0]],[[7277,8601],[-9,0]],[[7268,8601],[-3,0],[-5,-8]],[[7362,8585],[-12,0],[0,8],[-2,0],[0,8],[-9,0]],[[7339,8601],[-3,0],[-5,0],[-6,-8]],[[7237,8593],[-3,0]],[[7234,8593],[0,-8],[3,0],[-3,0],[0,-8],[-3,0],[-3,0],[0,-8],[-2,0],[0,-7],[2,0],[0,-8],[-2,-8],[2,0],[-2,-16],[0,-7],[0,-8],[-3,0],[0,-8],[-6,-8],[-6,0],[-5,-8]],[[7325,8593],[-9,0]],[[7316,8593],[-11,0],[-3,0]],[[7382,8577],[-3,0],[-6,8],[-3,0]],[[7370,8585],[-8,0]],[[7206,8491],[-3,0]],[[7203,8491],[-3,-7],[-6,-8],[3,-8],[0,-8],[-3,0],[-5,-16],[-6,-7]],[[6571,8218],[0,0]],[[6571,8218],[2,0]],[[6573,8218],[3,0]],[[6579,8218],[0,-8]],[[6576,8218],[3,0]],[[6576,8218],[0,0]],[[6582,8218],[0,-8]],[[6579,8210],[3,8]],[[6582,8210],[0,0]],[[6585,8210],[0,-8],[3,0],[0,-8],[-3,0],[-3,0],[0,-7],[-3,0],[0,-8],[-3,0],[-3,-8],[-2,0],[0,-8],[-3,0]],[[6582,8210],[3,0]],[[6568,8163],[-3,0]],[[6565,8163],[-3,0],[-3,0],[-3,-8],[3,0],[3,0],[0,-7]],[[6562,8148],[0,0]],[[6565,8148],[3,-8]],[[6562,8148],[3,0]],[[6571,8140],[0,-8],[0,-8],[-3,-8],[-3,0],[0,-7],[0,-8],[-3,0],[3,-8],[0,-8],[0,-8],[3,0],[0,-7]],[[6568,8140],[3,0]],[[6412,8148],[3,0]],[[6244,8054],[0,-8],[0,-8],[0,-8]],[[6244,8030],[3,0],[3,0],[0,-7]],[[6250,8023],[-3,0],[3,0]],[[6244,8030],[0,0]],[[6250,8023],[3,0],[0,-8],[3,-8],[3,0],[-3,0],[0,-8]],[[6250,8023],[0,0]],[[6259,7999],[2,0],[0,-8],[3,0],[3,0],[0,-7],[3,0],[3,-8],[3,-8],[0,-8],[-3,0],[-3,0],[0,-8],[3,0],[-3,0],[3,-7]],[[6256,7999],[3,0]],[[6449,8140],[0,-8],[2,0],[3,0],[0,-8],[3,0],[-3,-8],[3,0]],[[6446,8132],[0,8]],[[6446,8140],[3,0]],[[6443,8132],[3,0]],[[6443,8132],[0,0]],[[6434,8116],[3,8],[3,8],[3,0]],[[6415,8132],[0,-8]],[[6415,8124],[2,0]],[[6412,8124],[3,0]],[[6412,8124],[0,0]],[[6406,8116],[3,0],[0,8],[3,0]],[[6420,8124],[0,0]],[[6417,8124],[3,0]],[[6406,8124],[0,-8]],[[6400,8109],[0,7],[3,0],[0,8],[3,0]],[[6420,8124],[3,0],[3,-8]],[[6389,8124],[3,0]],[[6392,8124],[0,-8],[3,0],[0,-7]],[[6429,8124],[5,-8]],[[6426,8116],[0,8],[3,0]],[[6460,8116],[3,0],[3,-7]],[[6457,8116],[3,0]],[[6398,8116],[0,-7]],[[6398,8109],[2,0]],[[6395,8109],[3,0]],[[6466,8109],[2,0]],[[6466,8109],[0,0]],[[6468,8109],[3,0]],[[6468,8109],[0,0]],[[6355,8070],[3,0],[0,-8],[3,0],[0,-8],[3,0]],[[6352,8070],[3,0]],[[6349,8070],[3,0]],[[6364,8054],[2,-8],[3,0],[0,-8],[0,-8],[3,0]],[[6364,8054],[0,0]],[[6372,8030],[3,0],[0,-7],[3,0],[3,0],[0,-8],[0,-8]],[[6372,8030],[0,0]],[[6381,8007],[2,0],[-2,0]],[[6381,8007],[0,-8],[0,-8],[0,-7],[2,-8],[-2,0],[0,-8],[-3,0],[0,-8]],[[6381,8007],[0,0]],[[6809,8983],[8,-7],[0,-8],[3,0],[0,-8],[3,-8],[8,0],[0,-8],[0,-7],[0,-8],[-2,-8],[2,0],[0,-8],[0,-8],[-2,0],[-3,-7],[-3,0],[3,-8],[3,0]],[[6922,8898],[3,0],[9,-8],[2,0]],[[6916,8898],[3,0],[3,0]],[[6914,8898],[2,0]],[[6899,8882],[0,8],[3,0],[3,8],[9,0]],[[6942,8898],[6,-8],[0,-8],[-3,0],[0,-8],[0,-8],[3,0],[5,0]],[[6936,8890],[3,8],[3,0]],[[6843,8890],[3,0],[2,0]],[[6834,8890],[3,0],[6,0]],[[6831,8890],[3,0]],[[6829,8890],[2,0]],[[7010,8890],[0,0]],[[7002,8866],[2,0],[0,8],[3,0],[0,8],[-3,0],[3,8],[3,0]],[[7013,8890],[3,-8],[3,0]],[[7010,8890],[3,0]],[[6894,8890],[5,-8]],[[6885,8882],[3,0],[6,8]],[[6848,8890],[3,0],[0,-8],[-3,-8],[3,0]],[[6848,8890],[0,0]],[[6882,8882],[3,0]],[[6877,8882],[3,0],[2,0]],[[7027,8882],[3,0],[0,-8],[6,0]],[[7019,8882],[8,0]],[[6865,8882],[12,0]],[[6860,8874],[3,0],[2,0],[0,8]],[[7041,8882],[3,-8],[6,0],[5,-8],[3,0],[0,-8],[-5,-7],[0,-8],[2,0],[3,0],[0,-8],[3,-8]],[[7036,8874],[2,0],[3,0],[0,8]],[[6993,8874],[6,0],[3,-8]],[[6973,8851],[0,7],[3,0],[3,0],[6,8],[2,0],[3,8],[3,0]],[[6851,8874],[3,0]],[[6851,8874],[0,0]],[[6860,8874],[0,0]],[[6854,8874],[6,0]],[[6953,8866],[3,0],[0,-8]],[[6953,8866],[0,0]],[[6956,8858],[3,0]],[[6956,8858],[0,0]],[[6962,8858],[3,0]],[[6959,8858],[3,0]],[[6965,8858],[3,0]],[[6965,8858],[0,0]],[[6970,8858],[3,-7]],[[6968,8858],[2,0]],[[7070,8827],[5,0],[3,-8],[3,0],[0,-31]],[[7064,8827],[3,0],[3,0]],[[7064,8827],[0,0]],[[7061,8827],[3,0]],[[7124,8804],[2,0],[0,-8],[3,0],[0,-8],[3,0],[3,0]],[[7112,8796],[3,0],[3,8],[6,0]],[[7098,8796],[14,0]],[[7092,8788],[3,8],[3,0]],[[7087,8788],[2,0],[3,0]],[[7081,8788],[6,0]],[[7138,8788],[17,0],[3,0],[2,-8],[3,0],[0,-7],[12,0]],[[7135,8788],[3,0]],[[7350,8780],[0,-7],[3,0],[0,-8],[3,0],[0,-8],[9,0],[0,-8],[5,0]],[[7314,8741],[2,8],[0,8],[3,0],[3,0],[0,8],[3,0],[3,0],[3,0],[0,8],[2,0],[3,0],[0,7],[6,0],[8,0]],[[7200,8780],[3,0],[3,0],[5,-7],[3,0]],[[7214,8773],[0,-8]],[[7194,8780],[3,0],[3,0]],[[7189,8780],[3,0],[2,0]],[[7180,8780],[3,0],[3,0],[3,0]],[[7180,8780],[0,0]],[[7175,8773],[2,7],[3,0]],[[7226,8773],[2,0]],[[7214,8773],[9,0],[3,0]],[[7231,8773],[3,0],[3,-8],[0,-8],[3,0],[3,-8],[17,-8],[0,-7],[2,0]],[[7228,8773],[3,0]],[[7379,8757],[3,0],[2,0],[3,0]],[[7370,8749],[6,8],[3,0]],[[7390,8757],[6,0],[3,-8],[-3,0],[3,0],[5,-8],[0,-7],[9,0]],[[7387,8757],[3,0]],[[7285,8741],[29,0]],[[7262,8734],[3,0],[9,7],[3,0],[2,0],[6,0]],[[7427,8741],[3,-7],[3,0],[0,-8],[2,0]],[[7421,8734],[6,7]],[[7418,8734],[3,0]],[[7413,8734],[3,0],[2,0]],[[7438,8726],[3,0],[0,-8],[3,-8]],[[7435,8726],[3,0]],[[7563,8288],[-3,0]],[[7560,8288],[-3,0]],[[7557,8288],[-2,0],[-6,-8],[-3,0],[0,-7],[-6,-8]],[[7529,8273],[-3,0],[0,7],[-3,0]],[[7523,8280],[-2,0],[0,-7],[2,0],[-2,-8],[-3,0]],[[7540,8265],[-5,8],[0,7],[-3,0]],[[7532,8280],[-3,-7]],[[7512,8273],[-3,0]],[[7509,8273],[-3,0],[-2,0],[-3,-8]],[[7501,8265],[0,8],[-3,0]],[[7498,8273],[-3,0],[0,-8],[-3,0],[-3,0],[-3,-8]],[[7515,8273],[-3,0]],[[7512,8273],[0,0]],[[7518,8265],[0,8]],[[7518,8273],[-3,0]],[[7486,8257],[0,0]],[[7486,8257],[-2,0],[-6,-8],[3,0],[0,-8],[-9,0]],[[7472,8241],[-3,0]],[[7469,8241],[-5,0],[0,-7],[-3,0]],[[7461,8234],[0,7],[-3,0]],[[7458,8241],[-14,-7],[0,-8]],[[6122,7991],[0,-7],[0,-8],[3,0],[-3,-8],[0,-8]],[[6122,7960],[0,0]],[[6122,7960],[-2,0],[2,0]],[[6122,7960],[0,-8]],[[6122,7952],[3,0]],[[6122,7952],[0,0]],[[6125,7952],[0,-7]],[[6125,7952],[0,0]],[[6125,7945],[3,0],[0,-8],[0,-8]],[[6125,7945],[0,0]],[[6128,7929],[0,0]],[[6128,7929],[-3,0]],[[6125,7929],[0,0]],[[6125,7929],[-3,0],[0,-8],[0,-8]],[[6122,7913],[-2,0]],[[6324,9023],[-9,7],[-3,8],[-5,0]],[[6307,9038],[-3,0]],[[6304,9038],[0,0]],[[6347,9015],[-23,8]],[[6324,9023],[0,0]],[[6440,9015],[-23,0]],[[6417,9015],[-2,0],[-3,0],[-3,-8],[-3,-8],[-3,0],[3,0],[0,-8],[-3,0]],[[6389,8991],[-3,0],[-22,16],[-15,8]],[[6349,9015],[-2,0]],[[6403,8991],[-8,0]],[[6395,8991],[-6,0]],[[6888,9249],[3,8],[3,0],[0,8]],[[6888,9249],[0,0]],[[6882,9233],[-2,0],[2,0]],[[6882,9233],[0,8],[-2,0],[2,0],[3,8],[3,0]],[[6891,9233],[-3,0]],[[6888,9233],[-3,0]],[[6897,9226],[-3,0],[-3,7]],[[6891,9233],[0,0]],[[6885,9233],[0,0]],[[6885,9233],[-3,0]],[[6902,9226],[-3,0]],[[6899,9226],[-2,0]],[[6902,9218],[0,8]],[[6902,9226],[0,0]],[[6908,9194],[0,8],[3,0],[3,8],[-3,0],[-3,0],[-3,8]],[[6905,9218],[-3,0]],[[7444,8710],[6,-16],[-3,-7],[3,0],[2,0],[0,-8],[3,0]],[[7458,8679],[3,0],[3,0],[0,-8],[3,0],[2,0]],[[7455,8679],[3,0]],[[7472,8671],[3,-8],[6,0]],[[7469,8671],[3,0]],[[7484,8663],[2,0],[3,0],[0,-8],[-5,-7],[-6,0],[3,-8],[-31,-24],[-9,-7]],[[7481,8663],[3,0]],[[7475,8530],[-23,0],[-2,0],[0,8],[-3,0],[3,0],[0,8],[0,8],[2,0],[0,8],[3,0],[0,7],[-3,0],[0,8],[-8,24],[-3,0],[0,8]],[[7543,8484],[-8,23],[-3,8],[-9,0],[-2,15],[-15,8],[-17,0]],[[7489,8538],[-14,-8]],[[7583,8351],[3,0],[0,8],[0,7],[0,8],[-3,0],[0,8],[-11,0],[-3,0],[-3,0],[-14,8],[-3,0],[0,8],[-3,0],[0,7],[-3,16],[14,31],[12,8],[-6,16],[0,8]],[[7563,8484],[-20,0]],[[7580,8351],[3,0]],[[7574,8343],[3,0],[0,8],[3,0]],[[7574,8343],[0,0]],[[7563,8312],[-3,0],[3,7],[3,0],[3,8],[3,8],[0,8],[2,0]],[[7563,8288],[0,8],[3,16]],[[7566,8312],[-3,0]],[[7390,9179],[3,8],[3,0],[0,7]],[[7387,9179],[3,0]],[[7387,9155],[0,8],[0,8],[0,8]],[[7376,9163],[3,-8],[8,0]],[[7373,9155],[3,8]],[[7370,9163],[0,-8]],[[7370,9155],[3,0]],[[7376,9140],[0,8]],[[7376,9148],[-3,0],[-3,0],[0,7]],[[7370,9155],[-3,0],[3,0]],[[7384,9132],[-2,0],[-3,0],[-3,8]],[[7376,9140],[3,0],[-3,8]],[[7387,9124],[0,8],[-3,0]],[[7384,9132],[0,0]],[[7387,9124],[0,0]],[[7384,9124],[3,0]],[[7384,9108],[3,0],[-3,0]],[[7384,9108],[0,8],[0,8]],[[7382,9108],[2,0]],[[7382,9108],[0,0]],[[7407,9069],[-3,8],[3,0],[-3,0],[-5,8],[-20,16],[0,7],[3,0]],[[7421,8991],[-3,0],[0,8],[-2,8],[-3,0],[0,8],[3,0],[2,8],[-2,7],[-3,0],[0,8],[-3,0],[-3,0],[0,8],[0,8],[3,0],[3,8],[-3,0],[0,7],[-3,0]],[[7407,9069],[0,0]],[[7447,8921],[-6,0],[0,8],[3,0],[-3,0],[0,8],[3,0],[0,7],[3,0],[3,0],[0,8],[-3,8],[3,0],[-3,0],[0,8],[-3,0],[0,8],[-6,0],[3,0],[0,7],[-3,0],[-3,0],[0,8],[-2,0]],[[7433,8991],[-9,0],[-3,0]],[[7461,8913],[-3,0],[0,8],[3,0],[-3,0],[-3,0]],[[7455,8921],[-8,0]],[[7467,8819],[2,0],[0,8],[0,8],[3,0],[0,8],[3,0],[3,0],[0,8],[3,0],[5,7],[3,0],[-3,0],[3,8],[0,8],[-3,0],[0,8],[0,8],[-2,0],[2,0],[0,8],[-2,0],[0,7],[2,0],[0,8],[-2,0],[-6,0]],[[7478,8913],[-3,0],[-3,0],[-3,0],[-2,0]],[[7467,8913],[-3,0]],[[7464,8913],[-3,0]],[[7464,8819],[3,0]],[[7461,8819],[3,0]],[[7464,8812],[0,7]],[[7461,8819],[0,0]],[[7467,8812],[0,0]],[[7467,8812],[-3,0]],[[7472,8796],[0,8]],[[7472,8804],[0,8],[-3,0]],[[7469,8812],[-2,0]],[[7444,8710],[3,0],[5,16],[3,0],[3,8],[0,7],[3,0],[3,0],[0,8],[3,0],[0,8],[2,8],[3,0],[3,0],[0,8],[3,0],[0,7],[-3,0],[0,8],[0,8],[3,0],[3,0],[0,8],[-3,0],[-3,0]],[[7475,8804],[-3,0]],[[7577,8234],[0,7],[0,8],[-3,0],[-2,0],[0,8],[-6,0],[-3,0],[0,8],[-3,0],[0,8],[6,0],[0,7],[-3,0],[0,8]],[[7580,8202],[0,8],[3,0],[3,0],[0,8],[-3,0],[0,8],[-3,0],[3,8],[-3,0]],[[7580,8234],[-3,0]],[[7577,8202],[3,0]],[[7563,8187],[3,0],[6,7],[5,8]],[[7937,8421],[3,0],[3,0],[6,0],[0,8],[3,0],[0,8],[2,0],[3,0],[3,7],[-3,0],[0,8],[-3,0],[0,8],[0,8],[3,8]],[[7937,8421],[0,0]],[[7929,8398],[0,7],[3,0],[0,8],[3,0],[2,8]],[[7926,8398],[3,0]],[[7912,8374],[3,0],[3,0],[0,8],[2,0],[0,8],[-2,0],[2,0],[0,8],[3,0],[3,0]],[[7878,8390],[3,0]],[[7869,8366],[3,0],[0,8],[0,8],[3,0],[3,8]],[[7886,8390],[3,0],[0,-8],[0,-8],[3,0],[0,-8],[3,0],[3,-7],[-3,0],[3,0],[0,-8],[0,-8],[5,0],[3,0],[0,-8]],[[7881,8390],[5,0]],[[7909,8374],[3,0]],[[7912,8343],[3,0],[-3,0]],[[7912,8343],[3,0],[0,8],[-3,0],[-3,0],[0,8],[3,0],[0,7],[-3,0],[0,8]],[[7830,8366],[14,0],[3,0]],[[7818,8288],[-3,0],[0,8],[3,0],[0,8],[-3,0],[-2,0],[-3,0],[3,8],[14,54],[3,0]],[[7866,8366],[3,0]],[[7864,8366],[2,0]],[[7849,8366],[3,0],[3,-7]],[[7847,8366],[2,0]],[[7861,8366],[3,0]],[[7855,8359],[3,0],[3,7]],[[7912,8343],[0,0]],[[7906,8335],[3,0],[0,8],[3,0]],[[7813,8234],[2,7],[3,0],[0,8],[0,8],[6,0],[3,0],[0,8],[0,8],[-3,0],[0,7],[0,8],[-3,0]],[[7821,8288],[-3,0]],[[7807,8234],[3,0],[3,0]],[[7790,8109],[0,7],[0,8],[0,8],[3,0],[0,8],[0,8],[-3,0],[0,7],[3,0],[0,8],[0,8],[3,0],[2,0],[0,8],[-2,0],[0,8],[2,0],[-2,0],[0,7],[2,0],[-2,0],[0,8],[0,8],[2,0],[3,8],[0,8],[3,0],[0,8],[3,0]],[[7776,8116],[3,-7]],[[7770,8101],[3,0],[0,8],[0,7],[3,0]],[[7781,8116],[3,0],[0,-7],[3,0],[3,0]],[[7779,8109],[2,0],[0,7]],[[7767,8101],[3,0]],[[7773,8077],[-3,0],[0,8],[-3,0],[-3,0],[0,8],[0,8],[3,0]],[[7790,8038],[0,8]],[[7790,8046],[-3,0],[-3,0],[0,8],[-3,8],[-2,0],[-3,8],[0,7],[-3,0]],[[7773,8077],[0,0]],[[7793,8038],[-3,0]],[[7793,8038],[0,0]],[[7563,8148],[-3,0],[3,0]],[[7563,8148],[0,7],[-3,0],[0,8],[-3,0],[0,8],[3,0],[3,8]],[[7566,8140],[0,8]],[[7566,8148],[-3,0]],[[7566,8132],[3,0],[-3,8]],[[7566,8140],[0,0]],[[7566,8132],[0,0]],[[7563,8093],[-3,0],[-3,8],[3,0],[3,8],[0,7],[0,8],[0,8],[3,0]],[[7574,8093],[0,8],[-2,0],[-3,0]],[[7569,8101],[-3,0],[0,-8],[-3,0]],[[7577,8070],[-3,0],[0,7],[6,0],[0,8],[0,8],[-3,0]],[[7577,8093],[0,8]],[[7577,8093],[-3,0]],[[7580,8062],[-3,8]],[[7577,8070],[0,0]],[[7580,8054],[3,0],[0,8],[-3,0]],[[7580,8062],[0,0]],[[7577,8054],[3,0]],[[7572,8038],[2,8],[0,8],[3,0]],[[7572,8038],[0,0]],[[7569,8015],[0,8]],[[7569,8023],[0,7],[3,0],[0,8]],[[7572,8038],[-3,0],[3,0]],[[7574,7984],[0,7],[-2,0],[2,8],[3,0],[-3,0],[0,8],[3,0],[-3,8],[0,8],[-2,0]],[[7572,8023],[-3,0]],[[7577,7984],[0,7]],[[7577,7991],[-3,-7]],[[7563,7929],[3,0],[0,8],[0,8],[3,0],[3,0],[0,7],[2,0],[3,8],[0,8],[-3,0],[3,0],[3,0],[0,8],[0,8]],[[7580,7984],[-3,0]],[[7563,7929],[0,0]],[[7557,7929],[3,0],[3,0]],[[7563,8179],[0,8]],[[8125,8874],[2,0],[0,-8],[0,-8],[3,0],[0,-7],[3,0],[0,-8],[3,0],[-3,-8],[-3,0]],[[8122,8866],[0,8],[3,0]],[[8116,8874],[3,0],[3,-8]],[[8113,8866],[3,0]],[[8116,8866],[0,8]],[[8125,8835],[0,0]],[[8125,8835],[-3,0],[0,-8],[-3,-8]],[[8119,8819],[-3,0],[3,0]],[[8130,8835],[0,0]],[[8130,8835],[-3,0]],[[8127,8835],[-2,0]],[[8127,8819],[3,0]],[[8119,8819],[8,0]],[[8133,8819],[3,0],[0,-7],[3,0]],[[8130,8819],[3,0]],[[8142,8819],[2,-7],[3,0],[0,-8],[3,0]],[[8150,8804],[0,-8]],[[8142,8812],[0,7]],[[8139,8819],[3,-7]],[[8139,8812],[0,7]],[[8150,8804],[3,0],[0,-8],[0,-8],[3,0],[-3,0],[3,-8],[-3,0],[3,0],[0,-7],[0,-8],[3,0],[0,-8],[-3,0],[0,-8],[-3,0],[0,-8],[-3,0],[-3,0],[3,0],[0,-7],[3,0],[0,-8],[3,0]],[[8159,8726],[2,0]],[[8156,8726],[3,0]],[[8164,8726],[3,0],[0,-8],[3,0],[-3,-8],[3,0],[-3,-8],[0,-8],[-3,0],[-3,0],[-2,-7],[0,-8],[0,-8],[2,0],[0,-8],[3,0],[3,0],[0,-8],[-3,0],[0,-7],[0,-8],[3,0]],[[8161,8726],[3,0]],[[8167,8640],[3,0],[3,0],[0,-8],[3,0],[0,-8]],[[8167,8640],[0,0]],[[8181,8632],[3,0],[0,-8],[0,-8],[-3,0],[0,-7],[-3,0],[0,-8],[-2,0],[2,0],[0,-8],[-2,0]],[[8178,8624],[0,8]],[[8178,8632],[3,0]],[[8176,8624],[2,8]],[[8176,8593],[0,0]],[[8176,8593],[-3,0]],[[8173,8593],[0,0]],[[8173,8593],[-3,0],[3,0]],[[8173,8593],[0,-8],[-3,0],[0,-8],[-3,0],[0,-8],[3,0],[-3,0],[0,-7],[-3,0],[0,-8],[-3,0],[0,-8],[0,-8],[3,0],[-3,0],[0,-8],[-2,0],[2,0],[-2,0],[0,-7],[-3,0],[0,-8],[0,-8],[-3,0],[0,-8],[-3,0],[0,-8],[-3,0],[3,0],[0,-7],[3,0]],[[8332,8577],[2,0],[6,0],[0,-8],[3,0],[3,0],[3,0]],[[8306,8554],[3,0],[3,8],[3,0],[0,7],[2,0],[6,8],[9,0]],[[8349,8569],[8,0],[0,-7],[3,0],[3,-8],[3,0],[2,0],[0,-8],[0,-8],[3,0]],[[8349,8569],[0,0]],[[8303,8554],[3,0]],[[8283,8515],[3,0],[3,0],[0,8],[3,0],[0,7],[6,8],[2,0],[-2,0],[0,8],[2,0],[0,8],[3,0]],[[8374,8538],[0,0]],[[8371,8538],[3,0]],[[8377,8538],[-3,0]],[[8371,8538],[0,-8],[3,0],[0,-7],[0,-8],[0,-8],[-3,0],[3,0],[0,-8],[3,0],[3,0]],[[8281,8515],[2,0]],[[8281,8515],[0,0]],[[8261,8476],[2,0],[3,0],[3,8],[-3,7],[3,0],[3,8],[0,8],[6,0],[0,8],[3,0]],[[8402,8507],[0,0]],[[8394,8491],[0,8],[3,0],[0,8],[3,0],[2,0]],[[8405,8507],[3,0],[0,-8],[3,0],[3,0],[3,-8],[2,0],[0,-7],[0,-8],[-2,0],[0,-8],[0,-8],[2,0],[3,0],[-3,0],[0,-8],[3,-8],[0,-7],[-3,0],[0,-8]],[[8402,8507],[3,0]],[[8391,8499],[0,-8],[3,0]],[[8385,8499],[3,0],[3,0]],[[8232,8499],[3,0],[0,-8],[0,-7]],[[8224,8484],[3,0],[2,7],[3,8]],[[8383,8499],[2,0]],[[8380,8499],[3,0]],[[8238,8484],[3,0]],[[8235,8484],[3,0]],[[8244,8484],[0,-8],[-3,0],[0,-8],[-3,0],[3,0],[0,-8],[-3,0],[0,-8],[3,0]],[[8241,8484],[3,0]],[[8156,8484],[0,-8],[3,0],[0,-8],[2,0]],[[8153,8484],[3,0]],[[8224,8484],[0,0]],[[8215,8476],[3,0],[0,8],[3,0],[3,0]],[[8210,8484],[2,0],[0,-8],[3,0]],[[8204,8476],[3,0],[0,8],[3,0]],[[8190,8484],[3,0],[2,-8],[3,0]],[[8184,8460],[0,8],[3,0],[0,8],[3,0],[0,8]],[[8201,8476],[3,0]],[[8198,8476],[3,0]],[[8261,8476],[0,0]],[[8258,8468],[0,8],[3,0]],[[8252,8476],[0,-8]],[[8252,8468],[3,0]],[[8244,8460],[2,0],[0,8],[3,0],[3,0]],[[8255,8468],[3,0]],[[8255,8468],[0,0]],[[8161,8468],[3,0],[0,-8]],[[8161,8468],[0,0]],[[8244,8468],[0,-8]],[[8241,8452],[3,0],[0,8]],[[8181,8460],[3,0]],[[8176,8460],[2,0],[3,0]],[[8167,8460],[3,0],[3,0],[3,0]],[[8164,8460],[3,0]],[[8419,8429],[0,0]],[[8419,8429],[3,0]],[[8422,8429],[0,-8]],[[8422,8429],[3,0],[0,-8],[3,0],[0,-8],[0,-8],[0,-7]],[[8195,9616],[3,0],[9,8]],[[7282,9491],[-3,0],[3,0]],[[7282,9491],[0,8],[-3,0],[-2,0],[-3,0],[0,8],[3,0]],[[7288,9483],[-3,8]],[[7285,9491],[-3,0]],[[7294,9483],[-3,0]],[[7291,9483],[-3,0]],[[7299,9483],[-3,0],[-2,0]],[[7294,9483],[0,0]],[[7302,9476],[0,7]],[[7302,9483],[-3,0]],[[7316,9476],[-5,7]],[[7311,9483],[-3,-7]],[[7308,9476],[-3,0]],[[7305,9476],[-3,0]],[[7325,9468],[-3,0]],[[7322,9468],[0,8],[-3,0],[-3,0]],[[7316,9476],[0,0]],[[7328,9468],[-3,0]],[[7325,9468],[0,0]],[[7328,9468],[0,0]],[[7316,9444],[3,0],[0,8],[3,0],[0,8],[-3,0],[3,0],[0,8]],[[7302,9444],[3,0]],[[7342,9351],[-3,0]],[[7339,9351],[0,7],[-3,0]],[[7336,9358],[3,0],[0,8],[3,0],[0,8],[-3,0],[-3,0],[0,8],[3,0],[-3,0],[0,8],[0,7],[-3,0],[3,0],[-3,8],[-2,0],[-12,0],[-11,16],[-3,0],[-6,0],[-3,0],[0,8],[-2,0],[2,0],[3,8],[3,0],[0,7]],[[7302,9444],[-3,0],[3,0]],[[7308,9444],[8,0]],[[7305,9444],[3,0]],[[7336,9358],[0,-7]],[[7328,9351],[0,7],[8,0]],[[7342,9351],[0,0]],[[7325,9351],[3,0]],[[7325,9351],[0,0]],[[7339,9351],[0,0]],[[7336,9351],[3,0]],[[7322,9351],[3,0]],[[7314,9343],[2,0],[3,0],[3,8]],[[7311,9343],[3,0]],[[7305,9327],[3,8],[3,0],[0,8]],[[7302,9335],[0,-8]],[[7302,9327],[3,0]],[[7299,9319],[3,0],[0,8]],[[7302,9327],[-3,0]],[[7299,9327],[3,8]],[[7299,9327],[0,-8]],[[7296,9319],[0,8],[3,0]],[[7294,9319],[2,0]],[[7288,9312],[3,0],[3,0],[0,7]],[[7288,9312],[0,0]],[[7302,9288],[-8,8],[-3,0],[3,0],[0,8],[-3,0],[-3,8]],[[7316,9265],[0,8]],[[7316,9273],[-2,0],[-3,0],[0,7],[-3,0],[0,8],[-3,0],[0,8]],[[7305,9296],[-3,0],[0,-8]],[[7384,9257],[-11,0],[-3,0],[0,8],[3,0],[0,8],[-3,0],[-3,0]],[[7367,9273],[-2,0],[0,-8],[-3,0],[-3,0]],[[7322,9273],[0,0]],[[7348,9257],[-3,0],[-3,8],[-3,0],[-6,0],[-5,8],[-3,0]],[[7325,9273],[-3,0]],[[7322,9273],[-3,0]],[[7319,9273],[0,-8]],[[7319,9265],[-3,0]],[[7359,9265],[-3,0]],[[7356,9265],[-3,0],[0,-8],[-5,0]],[[7396,9226],[-3,0],[-3,0],[0,7],[0,8],[-3,0],[-3,0],[0,8],[3,0],[3,0],[0,8],[-3,0]],[[7387,9257],[-3,0]],[[7401,9210],[3,8],[-5,0],[0,8]],[[7399,9226],[-3,0]],[[7396,9210],[5,0]],[[7393,9210],[3,0]],[[7390,9210],[3,0]],[[7396,9194],[0,8],[-3,0],[-3,8]],[[8198,9601],[3,0],[-6,7]],[[8195,9601],[3,0]],[[8195,9522],[-2,0],[-3,0],[0,8],[-3,0],[0,8],[3,0],[-3,8],[3,0],[3,0],[0,8],[2,0],[0,8],[-2,0],[0,7],[-12,0],[6,8],[-3,0],[-3,0],[-5,8],[8,0],[3,0],[3,8],[3,0],[0,8],[2,0]],[[8210,9499],[-3,0],[-6,8],[3,0],[0,8],[3,0],[-3,0],[-6,7]],[[8198,9522],[-3,0]],[[8221,9483],[-3,8],[-3,0],[0,8],[-3,0]],[[8212,9499],[-2,0]],[[8241,9421],[-3,0],[-3,0],[-8,8],[0,54]],[[8227,9483],[-6,0]],[[8241,9405],[3,0],[-3,0]],[[8241,9405],[0,8],[3,0],[2,0],[0,8],[-2,0]],[[8244,9421],[-3,0]],[[8238,9405],[3,0]],[[8232,9397],[3,0],[3,8]],[[8229,9405],[0,-8],[3,0]],[[8193,9382],[2,0],[3,0],[3,0],[6,8],[3,0],[2,0],[15,7],[0,8],[2,0]],[[8190,9382],[3,0]],[[8187,9382],[3,0]],[[8187,9382],[0,0]],[[8173,9366],[3,8],[2,0],[3,0],[3,0],[0,8],[3,0]],[[8173,9366],[0,0]],[[8176,9351],[2,0],[0,7],[-2,0],[-3,0],[0,8]],[[8173,9351],[3,0]],[[8173,9351],[0,0]],[[8170,9351],[3,0]],[[8167,9351],[3,0]],[[8164,9351],[3,0]],[[8144,9304],[3,0],[3,0],[3,0],[0,8],[0,7],[3,0],[-3,0],[0,8],[-3,0],[0,8],[3,0],[3,8],[3,0],[0,8],[2,0],[3,0]],[[8122,9312],[5,0],[3,-8]],[[8110,9296],[3,0],[0,8],[3,0],[6,8]],[[8139,9304],[3,0],[2,0]],[[8130,9304],[9,0]],[[8108,9296],[2,0]],[[8073,9280],[6,0],[3,0],[6,8],[20,8]],[[8071,9288],[0,-8],[2,0]],[[8068,9280],[0,8],[3,0]],[[6281,8070],[-3,0]],[[6278,8070],[-2,0]],[[6301,8046],[-3,0],[0,8],[-3,0],[0,8],[-2,0],[0,8],[-6,0],[-3,0]],[[6284,8070],[-3,0]],[[6349,8070],[-2,0],[0,-8]],[[6276,8070],[0,0]],[[6276,8070],[-3,0],[0,-8]],[[6335,8062],[-3,8]],[[6332,8070],[-3,0]],[[6329,8070],[-2,0]],[[6327,8070],[-3,0],[-3,0],[0,-8],[-3,0]],[[6347,8062],[0,0]],[[6347,8062],[-3,0],[-3,0]],[[6318,8062],[0,0]],[[6318,8062],[-3,0],[0,-8],[3,0],[0,-8]],[[6273,8062],[3,0],[0,-8]],[[6273,8062],[0,0]],[[6341,8062],[0,0]],[[6341,8062],[-3,0],[-3,0]],[[6276,8054],[-3,0]],[[6273,8054],[0,8]],[[6273,8054],[-3,0]],[[6256,8046],[0,8]],[[6256,8054],[-3,0],[-3,0]],[[6259,8054],[-3,0]],[[6264,8054],[0,0]],[[6264,8054],[-3,0]],[[6270,8054],[0,0]],[[6270,8054],[-3,0]],[[6261,8054],[0,0]],[[6261,8054],[-2,0]],[[6267,8054],[-3,0]],[[6307,8046],[-3,8]],[[6304,8054],[-3,-8]],[[6315,8046],[-3,0],[-2,0]],[[6310,8046],[-3,0]],[[6318,8046],[-3,0]],[[6315,8046],[0,0]],[[6366,8132],[0,-8],[3,0]],[[6369,8124],[0,-8]],[[6369,8116],[-3,0],[3,0]],[[6369,8116],[0,-7]],[[6369,8116],[0,0]],[[6372,8109],[-3,0]],[[6369,8109],[0,-8],[3,0]],[[6372,8101],[3,0],[0,-8],[-3,0]],[[6372,8101],[0,0]],[[6372,8093],[-3,0]],[[6369,8093],[-3,-8]],[[6366,8085],[-2,0]],[[6364,8085],[-6,0]],[[6358,8085],[0,0]],[[6358,8085],[-3,0],[0,-8],[-3,0],[0,-7]],[[6071,8038],[-2,0]],[[6069,8038],[-3,0],[0,-8]],[[6063,8030],[0,0]],[[6063,8030],[-3,0],[-3,0],[0,-7]],[[6066,8030],[-3,0]],[[6057,8023],[0,0]],[[6057,8023],[-3,0],[3,0]],[[6057,8023],[-3,0],[0,-8],[-2,0]],[[6052,8015],[0,0]],[[6052,8015],[-3,0]],[[6049,8015],[0,0]],[[6049,8015],[-3,0]],[[6202,8343],[0,8]],[[6202,8351],[3,0],[-3,0]],[[6202,8351],[0,8],[0,7],[0,8],[3,8],[0,8],[3,0],[2,0],[0,8],[3,0],[0,7],[3,0],[3,0],[0,8],[-3,0],[0,8],[-3,0],[0,8]],[[6213,8429],[-3,0]],[[6199,8351],[0,0]],[[6199,8343],[-3,0]],[[6196,8343],[0,8],[3,0]],[[6199,8351],[3,0]],[[6196,8327],[0,8],[3,0],[-3,0],[0,8]],[[6168,8288],[-3,-8],[0,-7],[0,-8]],[[6145,8265],[-3,0],[0,8],[3,0]],[[6145,8273],[-3,0],[-3,7]],[[6157,8265],[-3,8],[-3,0]],[[6151,8273],[-3,0],[-3,0]],[[6145,8273],[0,-8]],[[6165,8265],[-3,8],[-3,0]],[[6159,8273],[-2,-8]],[[6188,8023],[-6,0],[0,7],[-3,0],[0,8],[-3,0]],[[6176,8038],[-5,-8],[0,-7],[-3,0],[-3,0],[-3,0]],[[6162,8023],[-3,0],[0,7],[-2,0],[-3,8]],[[6191,8015],[-3,8]],[[6188,8023],[0,0]],[[6162,8023],[0,0]],[[6233,8054],[9,0],[2,0]],[[6233,8054],[0,0]],[[6244,8054],[0,0]],[[6230,8054],[3,0]],[[6227,8054],[3,0]],[[6225,8054],[2,0]],[[6219,8023],[0,7],[3,0],[3,8],[0,8],[-3,0],[3,8]],[[6205,8038],[3,0],[0,-8],[2,0]],[[6202,8030],[3,0],[0,8]],[[6202,8030],[0,0]],[[6199,8030],[3,0]],[[6210,8030],[3,0],[3,-7],[3,0]],[[6210,8030],[0,0]],[[6196,8030],[3,0]],[[6196,8015],[0,8],[0,7]],[[6193,8023],[0,-8]],[[6193,8015],[3,0]],[[6191,8015],[2,0]],[[6191,8015],[0,0]],[[6250,8054],[-3,0],[-3,0]],[[6256,8140],[-3,-8]],[[6253,8132],[0,-8],[3,0]],[[6256,8124],[3,0]],[[6256,8124],[0,0]],[[6259,8124],[0,-8],[2,0],[-2,-7]],[[6259,8109],[2,0],[-2,0]],[[6259,8124],[0,0]],[[6259,8109],[0,0]],[[6259,8109],[-3,0],[0,-8]],[[6259,8101],[0,0]],[[6256,8101],[3,0]],[[6256,8101],[0,-8]],[[6256,8093],[-3,0]],[[6253,8093],[-3,-8]],[[6250,8085],[-3,0],[0,8]],[[6256,8093],[0,-8],[3,0],[-3,-8]],[[6256,8077],[3,0],[-3,0]],[[6250,8085],[3,0],[0,8]],[[6253,8077],[-3,0]],[[6250,8077],[3,-7],[3,0],[-3,-8],[-3,0],[0,-8]],[[6256,8077],[-3,0]],[[6253,8077],[0,0]],[[6196,8171],[-3,0]],[[6193,8171],[0,0]],[[6193,8171],[-2,0]],[[6191,8171],[0,0]],[[6202,8163],[0,8],[-3,0]],[[6199,8171],[-3,0]],[[6216,8155],[0,8]],[[6216,8163],[-3,0],[0,8],[-3,0]],[[6210,8171],[0,-8],[-2,0],[-3,0]],[[6225,8155],[0,8],[-3,0],[-3,0]],[[6219,8163],[-3,0]],[[6205,8163],[0,0]],[[6205,8163],[-3,0]],[[6230,8155],[-3,8]],[[6227,8163],[0,-8],[-2,0]],[[6236,8155],[-3,0]],[[6233,8155],[-3,0]],[[6256,8132],[0,0]],[[6256,8132],[-3,0]],[[6103,8741],[0,8],[-9,0],[-3,0],[-3,8],[-2,0],[-3,8],[-3,8],[0,7],[0,8],[3,0],[-3,0],[0,8],[-3,0],[0,8],[-3,8],[-3,0],[-2,7],[14,0],[0,8],[3,0],[2,8],[-2,0],[0,8],[0,8]],[[6114,8710],[-3,0],[3,8],[3,0],[0,8],[0,8],[-3,7],[-3,8]],[[6111,8749],[-6,0],[-2,-8]],[[6122,8655],[0,8],[0,8],[3,0],[0,8],[0,8],[0,7],[-3,0],[0,8],[-2,8],[-6,0]],[[6114,8710],[0,0]],[[5992,9054],[-3,0],[-3,0]],[[5932,9062],[15,0],[0,-8],[2,-8],[3,0],[0,-8],[3,0]],[[5884,9054],[48,8]],[[5955,9038],[12,0],[2,0],[0,8],[3,0],[3,0],[0,8],[9,0]],[[6230,8359],[3,0],[3,0],[3,0],[0,-8],[3,0],[2,0]],[[6227,8343],[3,0],[0,8],[0,8]],[[6264,8359],[3,0],[0,-8],[-3,0],[3,0],[-3,0],[0,-8],[3,0],[-3,0],[0,-8],[3,0],[3,0]],[[6256,8351],[3,0],[2,0],[0,8],[3,0]],[[6287,8359],[0,-8],[-3,0]],[[6284,8351],[3,-8],[3,0]],[[6276,8335],[2,0],[0,8],[3,0],[0,8],[3,0]],[[6284,8351],[3,8]],[[6253,8351],[3,0]],[[6247,8351],[3,0],[3,0]],[[6276,8351],[0,-8],[0,-8]],[[6270,8335],[3,0],[3,0]],[[6247,8351],[0,0]],[[6244,8351],[3,0]],[[6225,8343],[2,0]],[[6225,8335],[0,8]],[[6225,8335],[0,0]],[[6222,8335],[3,0]],[[6219,8335],[3,0]],[[6216,8327],[0,8],[3,0]],[[6213,8335],[3,-8]],[[6213,8327],[0,8]],[[6210,8327],[0,0]],[[6205,8327],[5,0]],[[6213,8327],[0,0]],[[6210,8327],[3,0]],[[6202,8327],[3,0]],[[6196,8327],[3,0],[3,0]],[[6193,8327],[3,0]],[[6193,8327],[0,0]],[[6191,8327],[2,0]],[[6191,8327],[0,0]],[[6191,8319],[0,8]],[[6188,8319],[3,0]],[[6179,8312],[0,7],[3,0],[3,0],[3,0]],[[6179,8312],[0,0]],[[6174,8304],[-3,0]],[[6171,8304],[3,8],[2,0],[3,0]],[[6171,8296],[0,8]],[[6171,8296],[0,0]],[[6168,8288],[0,8],[3,0]],[[6185,8265],[-3,0],[0,8],[-3,0],[3,0],[0,7],[0,8],[-3,0],[-3,0],[-2,0]],[[6174,8288],[-3,0]],[[6171,8288],[-3,0]],[[6210,8265],[-2,0],[0,8],[-3,0]],[[6205,8273],[-3,0]],[[6202,8273],[-3,0]],[[6199,8273],[0,-8]],[[6244,8257],[-2,0],[-3,0],[0,8]],[[6239,8265],[-3,0]],[[6196,8265],[0,0]],[[6196,8265],[-3,0],[-2,0],[0,-8]],[[6199,8265],[-3,0]],[[6213,8265],[0,0]],[[6213,8265],[-3,0]],[[6216,8265],[-3,0]],[[6236,8265],[-3,0]],[[6233,8265],[-3,0]],[[6230,8265],[-3,0]],[[6227,8265],[-5,0]],[[6222,8265],[-3,0]],[[6219,8265],[-3,0]],[[6191,8257],[-3,0],[0,8]],[[6188,8265],[-3,0]],[[6259,8257],[-3,0],[-3,0],[-3,8]],[[6250,8265],[-3,-8],[-3,0]],[[6259,8257],[0,0]],[[6347,8163],[0,-8],[2,0],[-2,0],[2,0],[0,-7]],[[6349,8148],[-2,0]],[[6344,8155],[0,8],[3,0]],[[6341,8155],[3,0]],[[6338,8140],[0,8],[3,7]],[[6352,8148],[3,0],[3,0]],[[6352,8148],[0,0]],[[6349,8148],[3,0]],[[6281,8148],[0,-8]],[[6281,8140],[3,0],[3,0],[3,-8],[3,0],[2,0]],[[6273,8132],[0,8],[3,0],[2,0],[3,0]],[[6338,8140],[0,0]],[[6332,8132],[0,8],[3,0],[3,0]],[[6256,8140],[0,-8]],[[6256,8132],[3,0]],[[6261,8132],[3,0]],[[6259,8132],[2,0]],[[6295,8132],[3,0],[-3,0]],[[6295,8132],[0,-8],[3,0]],[[6295,8132],[0,0]],[[6270,8132],[3,0]],[[6264,8132],[6,0]],[[6332,8132],[0,0]],[[6329,8109],[0,7],[-2,0],[2,0],[0,8],[-2,0],[2,0],[0,8],[3,0]],[[6301,8124],[0,-8],[3,0],[3,0],[3,0],[0,-7],[2,0]],[[6298,8124],[3,0]],[[6315,8116],[3,0],[0,-7]],[[6318,8109],[-3,0]],[[6312,8109],[3,0]],[[6315,8109],[0,7]],[[6321,8109],[3,0]],[[6318,8109],[3,0]],[[6327,8109],[2,0]],[[6324,8109],[3,0]],[[6344,8374],[-3,0],[0,8],[-6,0],[0,8],[-3,0],[-5,0]],[[6327,8390],[0,0]],[[6327,8390],[-3,0]],[[6324,8390],[-3,0],[0,-8],[0,-8],[3,0],[-3,-8],[0,-7],[-3,0]],[[6364,8390],[-3,0],[-3,0],[-3,0],[-3,0],[0,-8]],[[6352,8382],[-3,0]],[[6349,8382],[-2,0],[-3,-8]],[[6318,8359],[-3,0]],[[6315,8359],[-3,0],[0,-8],[-2,0],[-3,-8],[-3,0],[-3,0],[-3,-8],[-5,0]],[[6293,8335],[-3,8]],[[6259,8257],[2,0],[0,-8],[3,0],[-3,-8],[3,0],[3,0],[0,-7]],[[6267,8234],[-3,0]],[[6264,8234],[-3,0],[0,-8],[-2,0]],[[6259,8226],[0,0]],[[6259,8226],[-3,-8],[0,-8],[-3,0],[-3,0],[-3,0],[0,-8],[-3,0],[0,-8]],[[6244,8194],[0,0]],[[6244,8194],[-2,0],[2,0]],[[6244,8194],[0,-7],[0,-8],[-2,0],[0,-8]],[[6242,8171],[0,0]],[[6242,8171],[-3,0],[3,0]],[[6242,8171],[-3,0],[0,-8],[-3,0],[0,-8]],[[6236,8155],[3,0]],[[6242,8155],[0,-7],[2,0],[3,-8]],[[6239,8155],[3,0]],[[6253,8148],[3,0],[-3,0]],[[6253,8148],[3,-8]],[[6247,8140],[0,8],[3,0],[3,0]],[[6293,8335],[2,0],[-2,0]],[[6293,8335],[-3,0],[0,8]],[[6293,8335],[0,0]],[[6293,8327],[0,8]],[[6290,8327],[3,0]],[[6290,8327],[0,0]],[[6287,8327],[3,0]],[[6284,8312],[0,7],[3,0],[-3,0],[0,8],[3,0]],[[6276,8296],[2,0],[3,0],[3,0],[0,8],[3,0],[3,0],[0,8],[-3,0],[-3,0]],[[6284,8312],[0,0]],[[6276,8296],[0,0]],[[6270,8288],[3,0],[0,8],[3,0]],[[6270,8288],[0,0]],[[6267,8288],[3,0]],[[6267,8288],[0,0]],[[6264,8273],[0,7],[0,8],[3,0]],[[6267,8273],[0,7]],[[6267,8280],[-3,-7]],[[6264,8265],[3,0],[-3,0]],[[6264,8265],[0,8]],[[6264,8273],[3,0]],[[6267,8273],[0,0]],[[6259,8265],[2,0],[3,0]],[[6259,8257],[0,8]],[[8122,8851],[0,7],[0,8]],[[8122,8866],[-3,0],[-3,0]],[[8108,8851],[2,0]],[[8102,8843],[0,8],[3,0],[3,0]],[[8119,8851],[3,0]],[[8116,8851],[3,0]],[[8110,8851],[3,0]],[[8110,8851],[0,0]],[[8079,8851],[0,0]],[[8076,8796],[0,8],[-3,0],[0,8],[-2,0],[2,0],[0,7],[3,0],[-3,8],[3,0],[0,8],[3,0],[0,8],[-3,0],[0,8],[3,0]],[[8116,8851],[0,0]],[[8113,8851],[3,0]],[[8079,8851],[3,0],[3,-8],[3,0]],[[8091,8851],[2,-8],[3,0]],[[8088,8843],[3,0],[0,8]],[[8099,8843],[3,0]],[[8096,8843],[3,0]],[[8071,8796],[5,0]],[[8071,8726],[2,0],[3,8],[0,7],[3,0],[-6,8],[-2,0],[0,8],[-3,0],[0,8],[-3,0],[-3,0],[0,8],[-3,0],[0,7],[6,0],[3,0],[0,8],[0,8],[3,0]],[[8071,8726],[0,0]],[[8068,8710],[-3,8],[3,0],[3,0],[-3,0],[0,8],[3,0]],[[8051,8663],[0,8],[3,0],[0,8],[2,8],[3,0],[0,7],[3,0],[6,0],[0,8],[0,8]],[[8068,8710],[0,0]],[[8048,8663],[3,0]],[[8034,8648],[3,0],[0,7],[2,0],[3,8],[3,0],[3,0]],[[8031,8648],[3,0]],[[8028,8632],[0,8],[-3,0],[-3,0],[3,8],[3,0],[3,0]],[[8022,8632],[6,0]],[[8020,8624],[2,0],[0,8]],[[8020,8624],[0,0]],[[8028,8562],[-3,0],[-3,0],[0,7],[-2,0],[0,8],[-3,0],[0,8],[-3,0],[3,8],[0,8],[-3,0],[0,8],[3,0],[0,7],[0,8],[3,0]],[[8039,8562],[-2,0]],[[8037,8562],[-3,0]],[[8034,8562],[-3,0]],[[8031,8562],[-3,0]],[[8039,8523],[3,0],[0,7],[-3,0],[0,8],[3,0],[-3,8],[0,8],[3,0],[0,8],[-3,0]],[[8039,8562],[0,0]],[[8034,8530],[0,-7],[3,0]],[[8028,8523],[3,0],[0,7],[3,0]],[[8037,8530],[0,-7]],[[8037,8523],[2,0]],[[8028,8523],[0,0]],[[8028,8499],[-3,0],[0,8],[-3,0],[0,8],[3,0],[3,8]],[[8017,8429],[5,8],[3,0],[-3,7],[0,8],[3,0],[0,8],[3,0],[3,0],[3,0],[0,8],[3,0],[2,0],[-2,0],[0,8],[0,8],[-3,0],[0,7],[0,8]],[[8034,8499],[-3,0]],[[8031,8499],[0,0]],[[8031,8499],[-3,0]],[[7971,8484],[3,0]],[[7966,8476],[3,8],[2,0]],[[7977,8484],[3,0],[0,-8]],[[7974,8484],[3,0]],[[7980,8476],[0,0]],[[7980,8476],[-3,0],[3,0]],[[7980,8476],[0,-8],[3,-8],[3,0],[2,0],[0,-8]],[[7960,8476],[3,0],[3,0]],[[7957,8476],[3,0]],[[7991,8452],[3,0]],[[7988,8452],[3,0]],[[7997,8452],[0,-8],[3,0]],[[8000,8444],[-3,0],[3,0]],[[8000,8444],[-3,0],[0,-7]],[[7994,8452],[3,0]],[[8000,8444],[5,0],[0,-7],[3,0]],[[7997,8437],[3,0],[0,7]],[[8011,8437],[0,-8],[3,0]],[[8008,8437],[3,0]],[[8014,8429],[3,0]],[[8014,8429],[0,0]],[[8076,9101],[0,7],[3,0],[0,8],[0,8],[0,8],[0,8],[3,8],[0,7],[0,8],[0,8],[0,16],[0,7],[0,39],[-20,40],[-3,0],[3,0],[3,7],[3,0]],[[8071,9108],[2,0],[0,-7],[3,0]],[[8048,9077],[-3,8],[-3,0],[12,0],[2,8],[0,8],[3,0],[3,0],[3,0],[3,7],[3,0]],[[8056,9069],[3,0]],[[8059,9069],[0,8],[-3,0],[-2,0],[-3,0]],[[8051,9077],[-3,0]],[[8062,9015],[0,8],[-3,0],[0,7],[0,8],[3,0],[3,8],[0,8],[-3,0],[0,8],[3,0],[-3,0],[-3,0],[0,7]],[[8059,9069],[3,0],[-3,0]],[[8079,8960],[3,0],[0,8],[3,0],[-3,0],[-6,0],[0,8],[-3,0],[-2,7],[-3,0],[3,0],[0,8],[0,8],[0,8],[-3,8],[-3,8]],[[8065,9023],[-3,-8]],[[8073,8960],[3,0]],[[8071,8944],[-3,0]],[[8068,8944],[0,8],[3,0],[0,8],[2,0]],[[8079,8960],[0,0]],[[8076,8960],[3,0]],[[8062,8913],[0,8],[-3,0]],[[8059,8921],[-3,8],[0,8],[6,0],[3,0],[0,7],[3,0]],[[8056,8921],[3,0]],[[8059,8921],[3,-8]],[[8056,8913],[0,8]],[[8056,8921],[-2,0],[2,0]],[[8054,8913],[2,0]],[[8051,8898],[3,0],[0,7],[-3,0]],[[8051,8905],[0,8],[3,0]],[[8048,8905],[3,0]],[[8051,8905],[0,-7]],[[8051,8890],[0,8]],[[8051,8898],[-3,0],[0,7]],[[8062,8882],[-3,0],[0,8],[-3,0]],[[8056,8890],[-2,0]],[[8079,8882],[-3,0],[0,8],[-3,0]],[[8073,8890],[0,-8],[-5,0],[-3,0],[-3,0]],[[8054,8890],[0,0]],[[8054,8890],[-3,0]],[[8093,8866],[0,8],[-2,0],[-3,0],[0,8],[-3,0],[-3,0]],[[8082,8882],[-3,0]],[[8113,8866],[-3,0],[-2,0],[-3,0],[0,8],[-3,0]],[[8102,8874],[-3,0],[-3,0],[-3,-8]],[[8113,8866],[0,0]],[[6154,8038],[0,0]],[[6142,7991],[3,0],[0,8],[0,8],[0,8],[-3,0],[3,0],[3,0],[0,8],[3,0],[-3,0],[0,7],[3,0],[3,8]],[[6125,7999],[3,0]],[[6122,7991],[3,0],[0,8]],[[6131,7999],[3,-8]],[[6128,7999],[3,0]],[[6142,7991],[0,0]],[[6137,7991],[2,0],[3,0]],[[6137,7991],[0,0]],[[6134,7991],[3,0]],[[6074,8038],[-3,0]],[[6086,8023],[-3,0],[0,7],[-3,0],[0,8],[-3,0]],[[6077,8038],[-3,0]],[[6097,8015],[-3,0],[-3,0],[0,8],[-3,0]],[[6088,8023],[-2,0]],[[6114,8015],[-3,0]],[[6111,8015],[-3,0],[-3,0]],[[6105,8015],[-2,0],[-3,0]],[[6100,8015],[-3,0]],[[6117,7999],[0,8],[0,8]],[[6117,8015],[-3,0]],[[6122,7991],[0,8],[-2,0]],[[6120,7999],[-3,0]],[[6108,8132],[-3,0],[0,-8],[-2,-15]],[[6097,8116],[-3,0]],[[6094,8116],[0,-7],[3,0]],[[6103,8109],[0,7],[-3,0]],[[6100,8116],[-3,0]],[[6097,8109],[0,-8],[3,0],[-3,0],[0,-8]],[[6097,8109],[0,0]],[[6091,8093],[0,0]],[[6091,8093],[-3,0],[-2,0],[-3,0],[3,0],[-3,-8]],[[6097,8093],[-3,0]],[[6094,8093],[-3,0]],[[6080,8085],[0,0]],[[6080,8085],[-3,0]],[[6083,8085],[0,0]],[[6083,8085],[-3,0]],[[6077,8085],[-3,0]],[[6074,8085],[-3,0],[3,-8]],[[6074,8077],[0,0]],[[6077,8077],[-3,-7],[-3,-8],[-2,0],[0,-8],[2,0],[-2,0],[2,0],[0,-8]],[[6074,8077],[3,0]],[[6071,8046],[3,0],[-3,0]],[[6071,8046],[0,-8]],[[6071,8046],[0,0]],[[6148,8085],[0,0]],[[6148,8085],[3,0],[0,-8],[-3,0],[0,-7]],[[6148,8070],[3,0],[0,-8],[0,-8]],[[6148,8070],[0,0]],[[6154,8054],[0,-8],[0,-8]],[[6151,8054],[3,0]],[[6423,8210],[-3,0]],[[6420,8210],[-3,-8],[-2,0]],[[6415,8202],[0,0]],[[6415,8202],[-3,-8]],[[6415,8194],[0,-7],[-3,0],[-3,0],[0,-8],[-3,0],[0,-8]],[[6406,8171],[-3,0],[0,-8],[3,0]],[[6412,8194],[3,0]],[[6409,8171],[3,0],[0,-8],[3,0],[0,-8]],[[6409,8163],[0,8]],[[6406,8171],[3,0]],[[6406,8163],[0,8]],[[6415,8155],[-3,0]],[[6412,8155],[-3,0],[0,-7]],[[6409,8148],[3,0]],[[6412,8148],[0,0]],[[6409,8148],[-3,-8]],[[6406,8140],[0,0]],[[6406,8140],[0,-8]],[[6406,8132],[3,0],[-3,0]],[[6406,8140],[-3,0]],[[6403,8140],[0,-8]],[[6403,8132],[3,0]],[[6400,8132],[-2,8],[-3,0]],[[6395,8140],[0,-8],[0,-8],[-3,0]],[[6403,8132],[-3,0]],[[6366,8132],[3,-8]],[[6369,8124],[6,0],[3,0],[0,-8],[3,0]],[[6386,8124],[3,0]],[[6381,8116],[0,8],[2,0],[3,0]],[[6389,8124],[0,0]],[[6361,8155],[3,0],[0,-7],[0,-8],[2,0],[0,-8]],[[6361,8148],[0,7]],[[6358,8148],[3,0]],[[6355,8210],[3,0],[0,8],[0,8]],[[6358,8226],[3,0]],[[6355,8210],[0,0]],[[6355,8202],[0,8]],[[6355,8202],[0,0]],[[6355,8194],[-3,8],[3,0]],[[6361,8187],[-3,0],[0,7],[-3,0]],[[6355,8194],[0,0]],[[6364,8187],[-3,0]],[[6361,8187],[0,0]],[[6358,8148],[0,7],[0,8],[3,0],[0,8],[0,8],[3,0],[2,0],[0,8],[-2,0]],[[6364,8187],[0,0]],[[6128,8624],[0,8],[-3,0],[0,8],[0,8],[-3,0],[0,7]],[[6364,8616],[-12,0],[-3,0],[0,8],[0,8],[-2,0],[-9,0]],[[6338,8632],[-3,0],[-3,-23]],[[6137,8609],[-3,0],[0,7],[0,8],[-3,0],[3,0],[-3,8]],[[6131,8632],[-3,-8]],[[6332,8609],[-20,0],[-8,7],[0,8],[-3,0]],[[6301,8624],[-3,0],[0,-8],[-3,0]],[[6383,8609],[-2,0],[-3,0],[0,7],[-3,0],[-3,0],[-3,0]],[[6369,8616],[0,8]],[[6369,8616],[-3,0],[-2,0]],[[6295,8616],[-2,0]],[[6293,8616],[0,-7],[-3,0],[-3,0],[-3,0],[0,-8]],[[6148,8593],[-3,0],[0,8],[-6,0],[0,8]],[[6139,8609],[0,7]],[[6139,8609],[-2,0]],[[6242,8601],[-3,0],[0,8]],[[6239,8609],[3,0],[-3,0]],[[6239,8609],[0,0]],[[6137,8609],[0,0]],[[6239,8609],[-3,0],[-3,-8]],[[6233,8601],[0,8],[-3,0],[-3,0]],[[6227,8609],[-2,0],[0,-8],[0,-8],[-3,0]],[[6222,8593],[3,0],[0,-8],[-3,0]],[[6264,8609],[-3,0]],[[6261,8609],[-2,0],[0,-8],[-3,0]],[[6267,8601],[-3,8]],[[6264,8609],[0,0]],[[6253,8601],[-11,0]],[[6242,8601],[0,0]],[[6162,8593],[-3,0],[-2,0],[0,8]],[[6157,8601],[-3,0]],[[6284,8601],[-8,0],[-3,0]],[[6273,8601],[0,-8],[-3,0]],[[6270,8593],[0,8],[-3,0]],[[6267,8601],[0,0]],[[6256,8601],[0,0]],[[6256,8601],[-3,0]],[[6202,8593],[-3,0],[0,8],[-3,0]],[[6196,8601],[0,-8],[-3,0],[-2,0]],[[6216,8585],[-3,8],[-5,0],[0,8],[-3,0]],[[6205,8601],[0,-8],[-3,0]],[[6154,8601],[0,0]],[[6154,8601],[-3,-8],[-3,0]],[[6176,8593],[-2,0]],[[6174,8593],[-6,0]],[[6185,8585],[-3,8],[-3,0],[-3,0]],[[6176,8593],[0,0]],[[6168,8593],[-3,0],[-3,0]],[[6162,8593],[0,0]],[[6191,8593],[-3,0]],[[6188,8593],[-3,0],[0,-8]],[[6222,8585],[0,8]],[[6222,8593],[-3,0],[-3,-8]],[[6378,8507],[-12,0]],[[6366,8507],[0,-8],[0,-15],[-2,0]],[[6386,8507],[-5,0]],[[6381,8507],[-3,0]],[[6250,8484],[-3,0],[0,7],[-3,0],[-2,0]],[[6242,8491],[0,-7],[0,-8],[2,0],[-2,-8]],[[6364,8484],[-3,0]],[[6361,8484],[-3,0],[-3,0],[0,-8],[-3,0],[-3,0]],[[6264,8476],[-3,0],[0,8],[-2,0]],[[6259,8484],[-3,0],[-3,0],[-3,0]],[[6284,8476],[0,8]],[[6284,8484],[-3,0],[-3,0],[3,-8],[-3,0]],[[6278,8476],[-2,0],[0,8],[-3,0]],[[6273,8484],[0,-8],[-3,0],[-3,0]],[[6293,8476],[0,8],[-3,0]],[[6290,8484],[0,-8],[-3,0],[-3,0]],[[6298,8476],[-3,0],[-2,0]],[[6293,8476],[0,0]],[[6307,8468],[0,8],[-3,0],[-3,0]],[[6301,8476],[-3,0]],[[6349,8476],[-2,0]],[[6347,8476],[-3,0]],[[6341,8476],[-3,0]],[[6338,8476],[-3,0]],[[6267,8476],[0,0]],[[6344,8476],[-3,0]],[[6341,8476],[0,0]],[[6335,8476],[-6,0]],[[6329,8476],[-2,0],[0,-8]],[[6267,8476],[-3,0]],[[6264,8476],[0,0]],[[6327,8468],[-9,0],[-8,8]],[[6310,8476],[0,-8],[-3,0]],[[6239,8468],[-3,0]],[[6236,8468],[-3,0],[-3,0],[-3,-8],[-2,0],[-3,0]],[[6242,8468],[0,0]],[[6242,8468],[-3,0]],[[6222,8460],[0,0]],[[6222,8460],[-3,0],[0,-8]],[[6219,8452],[0,-8],[-3,0],[3,-7],[-3,0],[-3,-8]],[[6219,8452],[0,0]],[[6159,8460],[3,-8]],[[6157,8452],[2,0],[0,8]],[[6154,8452],[3,0]],[[6154,8437],[0,7],[3,0],[0,8]],[[6165,8452],[3,0],[3,0]],[[6162,8452],[3,0]],[[6174,8452],[2,-8],[3,0],[3,0]],[[6171,8452],[3,0]],[[6145,8444],[3,0]],[[6148,8444],[0,-7]],[[6142,8437],[0,7],[3,0]],[[6182,8444],[3,0],[0,-7],[3,0],[0,-8],[3,0],[0,-8],[2,0]],[[6182,8444],[0,0]],[[6148,8444],[3,0],[0,-7],[3,0]],[[6128,8437],[14,0]],[[6125,8429],[3,8]],[[6122,8429],[3,0]],[[6117,8421],[3,0]],[[6120,8421],[0,8],[2,0]],[[6202,8429],[3,0]],[[6199,8429],[3,0]],[[6205,8429],[3,0]],[[6205,8429],[0,0]],[[6210,8429],[0,0]],[[6208,8429],[2,0]],[[6196,8429],[3,0]],[[6196,8421],[0,8]],[[6193,8429],[3,-8]],[[6193,8421],[0,8]],[[6100,8663],[3,0],[2,-8],[3,0]],[[6094,8655],[3,0],[3,8]],[[6091,8663],[3,-8]],[[6060,8632],[23,16],[3,0],[0,7],[2,0],[0,8],[3,0]],[[6108,8655],[14,0]],[[6131,8616],[-3,0]],[[6037,8460],[0,8]],[[6037,8468],[-2,0]],[[6043,8452],[0,8],[-3,0],[-3,0]],[[6037,8460],[3,0],[0,8]],[[6040,8468],[-3,0]],[[6046,8452],[-3,0]],[[6043,8452],[0,0]],[[6046,8444],[0,8]],[[6046,8452],[3,0],[-3,0]],[[6046,8452],[0,0]],[[6057,8444],[-3,0]],[[6054,8444],[-2,0]],[[6066,8444],[-3,0]],[[6063,8444],[-3,0]],[[6060,8444],[0,0]],[[6060,8444],[-3,0]],[[6052,8444],[-3,0]],[[6049,8444],[-3,0]],[[6066,8444],[0,0]],[[6066,8437],[0,7]],[[6077,8429],[-3,0],[0,8],[-3,0],[0,7],[-2,0]],[[6069,8444],[-3,-7]],[[6077,8421],[0,8]],[[6077,8429],[0,0]],[[6114,8413],[3,0],[3,0],[0,8]],[[6114,8413],[0,0]],[[6111,8398],[-3,0],[3,7],[0,8],[3,0]],[[6120,8390],[-3,0]],[[6117,8390],[0,8],[-3,0]],[[6114,8398],[-3,0]],[[6114,8382],[0,8],[3,0]],[[6111,8382],[3,0]],[[6114,8374],[-3,0]],[[6111,8374],[0,8]],[[6111,8374],[-3,0],[3,0]],[[6111,8366],[0,8]],[[6111,8374],[0,0]],[[6122,8351],[-2,0],[0,8],[-3,0],[3,0],[-3,0],[-3,0],[0,7],[-3,0]],[[6111,8366],[0,0]],[[6128,8335],[-3,0],[-3,0],[0,8],[0,8]],[[6122,8351],[0,0]],[[6137,8288],[-3,0],[-3,0]],[[6131,8288],[0,8],[3,0],[0,8],[3,8],[-3,0],[0,7],[-3,0],[3,0],[0,8]],[[6134,8327],[3,0],[0,8]],[[6137,8335],[-3,0],[0,-8]],[[6134,8327],[-3,0]],[[6131,8327],[-3,8]],[[6128,8335],[0,0]],[[6103,8452],[2,-8],[3,-7],[3,-8],[3,0],[0,-8],[3,0]],[[6100,8444],[3,8]],[[6097,8444],[3,0]],[[6094,8437],[0,7],[3,0]],[[6091,8437],[3,0]],[[6086,8421],[0,8],[2,0],[3,8]],[[6080,8421],[0,0]],[[6077,8421],[3,0]],[[6086,8421],[0,0]],[[6080,8421],[3,0],[3,0]],[[6077,8421],[0,0]],[[6077,8421],[-3,0]],[[6074,8421],[0,0]],[[6074,8421],[-3,0],[-2,0],[0,-8],[2,0],[-2,0],[-3,0]],[[6066,8413],[-6,0]],[[6060,8413],[-3,0],[-3,0]],[[6054,8413],[0,0]],[[6054,8413],[-2,0]],[[6052,8413],[0,0]],[[6052,8413],[0,-8],[-3,-7],[-3,0],[-3,0]],[[6037,8398],[0,0]],[[6037,8398],[-2,0],[0,-8]],[[6043,8398],[-3,0]],[[6040,8398],[-3,0]],[[6043,8398],[0,0]],[[6018,8398],[-3,0]],[[6015,8398],[-3,0],[0,-8],[-3,0]],[[6035,8390],[-3,0],[-3,0],[-11,8]],[[6018,8398],[0,0]],[[6009,8390],[-3,8]],[[6006,8398],[0,-8],[-3,0]],[[6003,8390],[3,0],[-3,0]],[[6003,8390],[0,0]],[[6003,8390],[-2,0],[0,-8],[2,0]],[[6003,8382],[3,0],[0,-8],[-3,0],[0,-8],[0,-7],[-2,0]],[[6003,8382],[0,0]],[[6001,8359],[-3,0]],[[5998,8359],[-3,0],[0,-8],[-3,0],[0,-8]],[[5992,8343],[3,0],[0,-8],[-3,0]],[[5992,8335],[0,8]],[[5992,8343],[-3,0]],[[5989,8343],[0,-8],[-3,0]],[[5984,8343],[-3,0]],[[5981,8343],[0,-8],[-3,0],[0,-8],[-3,0],[-3,0]],[[5986,8335],[-2,8]],[[5984,8343],[0,0]],[[5972,8327],[0,0]],[[5972,8327],[-3,0],[0,-8]],[[5969,8319],[-2,0]],[[5967,8319],[0,8]],[[5967,8319],[-3,0]],[[5964,8319],[0,0]],[[5964,8319],[-3,0],[0,-7],[-3,0],[-3,0]],[[5955,8312],[0,0]],[[5955,8312],[-3,0]],[[5952,8312],[-3,0]],[[5949,8312],[0,-8],[-2,0],[-3,-8]],[[5941,8296],[-3,8]],[[5938,8304],[-6,-8]],[[5932,8296],[0,8],[-2,0]],[[5944,8296],[0,0]],[[5944,8296],[-3,0]],[[6088,8171],[0,0]],[[6088,8171],[-2,0]],[[6086,8171],[-3,0]],[[6083,8171],[-3,0],[3,0]],[[6083,8171],[-3,0],[0,-8],[-3,0],[-3,0]],[[6069,8163],[-3,0],[0,8],[-3,0]],[[6063,8171],[0,0]],[[6063,8171],[-3,0]],[[6060,8171],[-3,0],[0,-8]],[[6094,8163],[0,8],[-3,0],[-3,0]],[[6057,8163],[-3,0]],[[6071,8163],[-2,0]],[[6069,8163],[0,0]],[[6097,8163],[-3,0]],[[6074,8163],[-3,0]],[[6071,8163],[0,0]],[[6108,8132],[-3,8],[-2,0],[2,0],[-2,0],[0,8]],[[6103,8148],[0,7],[-3,0],[0,8],[-3,0]],[[6139,8280],[-2,0]],[[6137,8280],[0,8]],[[6137,8280],[0,-7],[0,-8],[2,0],[0,-8],[0,-8],[0,-8],[3,0]],[[6142,8241],[0,-7],[3,0],[0,-8]],[[6142,8241],[0,0]],[[6145,8226],[3,0]],[[6145,8226],[0,0]],[[6148,8226],[3,-8]],[[6148,8226],[0,0]],[[6157,8218],[2,0],[0,-8]],[[6154,8218],[3,0]],[[6154,8218],[0,0]],[[6151,8218],[3,0]],[[6151,8218],[0,0]],[[6162,8210],[3,0],[3,0]],[[6159,8210],[3,0]],[[6179,8210],[3,0],[0,-8],[3,0],[3,-8],[-3,0],[0,-7]],[[6176,8210],[3,0]],[[6174,8210],[2,0]],[[6168,8210],[3,0],[3,0]],[[6168,8210],[0,0]],[[6188,8187],[3,0],[0,-8],[-3,0],[3,-8]],[[6185,8187],[3,0]],[[6179,8155],[-3,0],[3,0]],[[6179,8155],[0,8],[3,0],[3,0],[3,8],[3,0]],[[6179,8148],[3,7],[-3,0]],[[6179,8155],[0,0]],[[6176,8148],[3,0]],[[6165,8124],[3,0],[-3,0]],[[6165,8124],[0,8],[3,0],[0,8],[3,0],[0,8],[3,0],[2,0]],[[6165,8124],[0,0]],[[6162,8116],[0,8],[3,0]],[[6162,8116],[0,0]],[[6157,8116],[2,0],[3,0]],[[6154,8116],[3,0]],[[6151,8101],[3,0],[-3,0]],[[6151,8101],[0,8],[0,7],[3,0]],[[6151,8101],[0,0]],[[6148,8085],[0,8],[3,8]],[[6128,8132],[-3,0],[-3,0]],[[6122,8132],[0,0]],[[6111,8132],[-3,0]],[[6120,8124],[-3,0],[0,8],[-3,0],[-3,0]],[[6111,8132],[0,0]],[[6122,8132],[-2,0],[2,0]],[[6122,8132],[0,-8],[-2,0]],[[6131,8124],[-3,0],[0,8]],[[6128,8132],[0,0]],[[6137,8116],[-3,8]],[[6134,8124],[-3,0]],[[6148,8085],[-3,8],[-3,0],[0,8],[-3,0],[0,8],[3,0],[0,7],[-3,0],[0,8]],[[6139,8124],[-2,0],[0,-8]],[[6125,8296],[-3,0],[-2,8]],[[6120,8304],[0,-8],[-3,0]],[[6117,8296],[0,0]],[[6117,8296],[-3,0],[3,0]],[[6117,8296],[0,-8],[-3,0]],[[6137,8288],[-6,0]],[[6131,8288],[-3,0],[0,8],[-3,0]],[[6125,8296],[0,0]],[[6114,8288],[-3,0]],[[6111,8288],[-3,0]],[[6108,8288],[-3,0]],[[6105,8288],[0,-8]],[[6105,8288],[-2,-8],[2,0]],[[6105,8280],[-2,0],[2,0]],[[6105,8280],[-2,-7],[2,0],[-2,0],[0,-8],[-3,0]],[[6100,8265],[0,8],[-6,0]],[[6094,8273],[-3,0],[0,-8],[-3,0],[-2,0],[0,-8]],[[6066,8257],[-3,0],[0,8],[-3,0]],[[6060,8265],[-3,0]],[[6057,8265],[0,0]],[[6057,8265],[0,-8]],[[6083,8257],[-3,0]],[[6080,8257],[-3,0],[-3,0]],[[6074,8257],[0,-8]],[[6086,8257],[0,0]],[[6086,8257],[-3,0]],[[6069,8257],[-3,0]],[[6066,8257],[0,0]],[[6057,8257],[3,0],[-3,0]],[[6057,8257],[0,0]],[[6074,8257],[-3,0]],[[6071,8257],[-2,0]],[[6057,8257],[0,-8],[0,-8]],[[6057,8241],[-3,0]],[[6054,8241],[-2,0],[0,-7]],[[6052,8234],[0,0]],[[6052,8234],[0,-8],[-3,0],[0,-8]],[[6312,8476],[-2,0]],[[6468,8257],[0,8]],[[6468,8265],[3,0],[3,0],[0,8]],[[6474,8273],[-3,0]],[[6463,8265],[-3,0]],[[6463,8265],[3,-8]],[[6460,8265],[0,0]],[[6454,8257],[3,0],[0,8],[3,0]],[[6468,8265],[-2,0]],[[6466,8265],[2,-8]],[[6466,8257],[0,8]],[[6451,8265],[0,-8]],[[6451,8257],[3,0]],[[6443,8257],[3,0]],[[6440,8241],[-3,8],[3,0],[0,8],[3,0]],[[6446,8257],[3,0]],[[6446,8257],[0,0]],[[6451,8257],[0,0]],[[6449,8257],[2,0]],[[6440,8241],[3,0],[-3,0]],[[6440,8241],[0,0]],[[6434,8234],[3,0],[0,7],[3,0]],[[6432,8234],[2,0]],[[6429,8218],[3,0],[0,8],[0,8]],[[6429,8218],[0,0]],[[6423,8210],[0,8],[3,0],[3,0]],[[6375,8304],[0,0]],[[6375,8304],[0,-8]],[[6375,8296],[-3,0]],[[6369,8296],[-5,8]],[[6364,8304],[0,-8]],[[6372,8296],[0,0]],[[6372,8296],[-3,0]],[[6364,8296],[0,0]],[[6364,8296],[-3,0],[-3,0],[-3,0]],[[6355,8296],[0,0]],[[6355,8296],[-3,0],[0,-8],[0,-8],[0,-7],[-3,0],[-2,0],[-3,0],[0,-8],[3,0]],[[6347,8265],[-3,0],[3,0]],[[6347,8265],[2,0],[0,-8]],[[6347,8265],[0,0]],[[6352,8257],[0,0]],[[6349,8257],[3,0]],[[6352,8257],[3,0],[-3,0]],[[6352,8257],[0,-8],[0,-8],[3,0]],[[6358,8241],[0,-7]],[[6358,8241],[0,0]],[[6355,8241],[3,0]],[[6355,8241],[0,0]],[[6358,8234],[0,-8]],[[6358,8234],[0,0]],[[6361,8226],[0,0]],[[6392,8249],[3,0],[0,-8],[3,0],[8,-7],[3,0],[0,-8],[3,0],[0,-8],[5,0],[3,-8]],[[6389,8249],[3,0]],[[6389,8249],[0,0]],[[6375,8234],[3,7],[5,8],[3,0],[3,0]],[[6369,8234],[3,0]],[[6361,8226],[0,8],[3,0],[2,0],[3,0]],[[6372,8234],[3,0]],[[6372,8234],[0,0]],[[6423,8210],[0,0]],[[6477,8280],[3,-7]],[[6477,8273],[0,7]],[[6474,8280],[3,0]],[[6474,8273],[0,7]],[[6471,8273],[0,0]],[[6483,8273],[0,-8],[0,-8],[2,0]],[[6480,8273],[3,0]],[[6491,8257],[3,0],[0,-8],[-3,0]],[[6491,8249],[0,-8],[3,0],[3,0],[3,-7]],[[6488,8249],[3,0]],[[6491,8249],[0,8]],[[6485,8257],[3,-8]],[[6485,8257],[0,0]],[[6500,8234],[2,0],[3,0]],[[6500,8234],[0,0]],[[6505,8234],[3,0]],[[6409,8616],[-3,0],[-3,0],[-3,0],[0,8]],[[6400,8624],[-2,-8]],[[6398,8616],[-9,8]],[[6389,8624],[0,-8],[-3,0],[0,-7],[-3,0]],[[6423,8609],[-8,0],[-3,0],[0,7]],[[6412,8616],[-3,0]],[[6395,8468],[0,8]],[[6395,8476],[-6,0],[3,15],[-6,0],[0,16]],[[6400,8452],[0,8],[-2,0],[2,0],[0,8],[-2,0],[-3,0]],[[6395,8452],[3,0]],[[6395,8452],[0,0]],[[6392,8452],[3,0]],[[6389,8444],[3,0],[0,8]],[[6400,8452],[0,0]],[[6398,8452],[2,0]],[[6386,8444],[3,0]],[[6375,8429],[3,0],[3,0],[2,0],[0,8],[3,0],[0,7]],[[6372,8429],[3,0]],[[6366,8405],[0,8],[3,0]],[[6369,8413],[3,0],[0,8],[0,8]],[[6364,8390],[0,8],[2,0],[0,7]],[[6366,8405],[3,0],[0,8]],[[6369,8413],[-3,-8]],[[6364,8390],[2,0],[0,-8]],[[6369,8382],[3,0],[11,0]],[[6366,8382],[3,0]],[[6395,8382],[3,0],[2,0]],[[6383,8382],[12,0]],[[6403,8382],[0,-8],[3,0],[-3,0],[-3,-8],[0,-7],[-2,0],[0,-8]],[[6400,8382],[3,0]],[[6398,8351],[0,0]],[[6398,8351],[0,-8]],[[6398,8343],[-3,0],[0,8],[-3,0]],[[6392,8351],[-3,0],[-3,-8],[-3,0]],[[6378,8343],[0,0]],[[6378,8343],[-3,0],[3,0]],[[6378,8343],[0,-8]],[[6378,8335],[-3,0]],[[6383,8343],[-2,0]],[[6381,8343],[-3,0]],[[6375,8335],[0,-8],[3,0],[0,-8]],[[6375,8335],[0,0]],[[6378,8319],[-3,0]],[[6378,8319],[0,-7],[0,-8],[-3,0]],[[6375,8304],[3,0],[-3,0]],[[6383,8585],[0,8],[3,8],[-3,0],[0,8]],[[6375,8562],[3,0],[0,7],[3,0],[0,8],[2,0],[0,8]],[[6383,8585],[3,0],[-3,0]],[[6383,8585],[0,0]],[[6372,8562],[3,0]],[[6369,8562],[3,0]],[[6366,8562],[3,0]],[[6366,8562],[0,0]],[[6364,8562],[2,0]],[[6366,8546],[0,8],[-2,0],[0,8]],[[6386,8507],[0,8],[0,8],[-3,0],[-2,0],[0,7],[2,8],[0,8],[-2,0]],[[6381,8546],[-3,0]],[[6372,8546],[-3,0]],[[6369,8546],[-3,0]],[[6378,8546],[0,0]],[[6378,8546],[-3,0]],[[6375,8546],[0,0]],[[6375,8546],[-3,0]],[[6446,8327],[0,-8],[-3,0],[3,-7],[3,-8],[2,0]],[[6437,8312],[3,0],[0,7],[0,8],[6,0]],[[6432,8319],[2,0],[0,-7],[3,0]],[[6437,8312],[-3,0],[3,0]],[[6429,8319],[3,0]],[[6429,8319],[0,0]],[[6423,8312],[3,0],[0,7],[3,0]],[[6420,8319],[3,0],[0,-7]],[[6415,8304],[2,0],[0,8],[3,0],[0,7]],[[6423,8312],[0,0]],[[6460,8312],[0,-8],[3,0],[-3,-8],[3,0]],[[6451,8304],[0,8],[3,0],[6,0]],[[6406,8312],[0,-8]],[[6406,8304],[3,0]],[[6403,8304],[3,0]],[[6403,8304],[0,8],[3,0]],[[6412,8304],[3,0]],[[6412,8304],[0,0]],[[6403,8304],[0,0]],[[6398,8296],[2,0],[0,8],[3,0]],[[6409,8304],[3,0]],[[6409,8304],[0,0]],[[6415,8304],[0,0]],[[6375,8296],[3,0]],[[6381,8296],[2,0]],[[6378,8296],[3,0]],[[6386,8296],[3,0],[0,-8]],[[6389,8288],[-3,0],[3,0]],[[6383,8296],[3,0]],[[6463,8296],[3,0],[2,0]],[[6463,8296],[0,0]],[[6395,8296],[3,0]],[[6389,8288],[3,0],[3,8]],[[6468,8296],[3,-8],[0,-8],[0,-7]],[[6468,8296],[0,0]],[[6593,8257],[-3,0]],[[6590,8257],[0,-8],[3,0]],[[6593,8249],[-3,0],[0,-8],[-2,0],[-3,0],[0,-7],[-3,0],[0,-8],[-3,0]],[[6579,8226],[0,0]],[[6579,8226],[-3,0],[-3,0],[0,-8]],[[6551,8265],[3,0]],[[6551,8265],[0,0]],[[6556,8265],[-2,-8],[-3,0]],[[6551,8257],[3,0],[0,-8],[-3,0],[3,0],[0,-8]],[[6554,8265],[2,0]],[[6548,8265],[3,0]],[[6548,8257],[3,0]],[[6551,8257],[3,8]],[[6548,8257],[0,0]],[[6542,8249],[3,8],[3,0]],[[6542,8249],[0,0]],[[6542,8241],[0,8]],[[6565,8249],[3,0],[0,-8],[3,0],[-3,0],[3,0],[-3,-7],[-3,-8],[-3,0],[0,-8]],[[6562,8234],[0,7],[0,8],[3,0]],[[6545,8241],[-3,0]],[[6542,8241],[0,0]],[[6548,8234],[3,0],[-3,0]],[[6548,8234],[0,7],[-3,0]],[[6545,8241],[0,0]],[[6554,8241],[2,0]],[[6554,8241],[0,-7],[2,0]],[[6554,8241],[0,0]],[[6556,8241],[3,0],[0,-7],[3,0]],[[6556,8234],[0,7]],[[6514,8241],[0,-7]],[[6514,8234],[-3,0]],[[6511,8234],[-3,-8],[0,-8]],[[6514,8234],[0,0]],[[6508,8234],[3,0]],[[6545,8234],[3,0]],[[6545,8226],[0,8]],[[6531,8234],[3,0]],[[6531,8234],[0,0]],[[6534,8234],[0,-8],[2,0]],[[6534,8234],[0,0]],[[6539,8234],[3,0],[0,-8],[3,0]],[[6536,8226],[3,0],[0,8]],[[6539,8234],[-3,0],[3,0]],[[6531,8218],[0,8],[0,8]],[[6525,8226],[0,0]],[[6519,8218],[3,0],[0,8],[3,0]],[[6525,8226],[3,-8]],[[6517,8226],[0,-8]],[[6517,8218],[2,0]],[[6514,8226],[3,-8]],[[6508,8218],[3,0],[3,8]],[[6531,8218],[0,0]],[[6528,8218],[3,0]],[[6562,8218],[-3,0]],[[6562,8218],[6,0],[3,0]],[[6528,8218],[0,0]],[[6562,8413],[-3,0],[0,8],[-3,0]],[[6556,8421],[-2,0]],[[6554,8421],[-3,0]],[[6551,8421],[0,-8]],[[6551,8413],[-15,0],[-2,8],[-3,0]],[[6531,8421],[-3,0]],[[6528,8421],[-3,0]],[[6525,8421],[-6,-8],[0,-8],[-2,0],[0,-7],[0,-8]],[[6571,8413],[-3,8]],[[6568,8421],[0,-8],[-3,0],[-3,0]],[[6576,8413],[-5,0]],[[6519,8390],[0,-8],[3,0],[0,-8],[-3,0],[0,-8],[3,0],[0,-7],[0,-8],[-3,0],[-2,-8]],[[6517,8390],[2,0]],[[6517,8343],[-3,0]],[[6514,8343],[0,-8]],[[6514,8335],[-3,8],[-3,0]],[[6508,8343],[-3,0]],[[6505,8343],[-3,0]],[[6502,8343],[0,-8],[-2,0],[0,-8],[2,-8],[0,-7],[3,-8],[0,-8],[3,0],[3,0],[0,-8],[-3,0],[0,-8],[-3,0]],[[6505,8280],[-3,0]],[[6502,8280],[0,-7],[0,-8],[-2,0],[2,0],[0,-8]],[[6505,8257],[0,-8],[3,0],[0,-8]],[[6502,8257],[3,0]],[[6508,8241],[3,0],[-3,0]],[[6508,8241],[0,-7]],[[6508,8241],[0,0]],[[6732,8671],[3,0],[0,8],[-3,0],[0,8],[3,0],[3,7]],[[6809,8983],[-3,0],[-3,0],[0,-7],[-3,0],[-3,0],[0,-8],[-2,0],[-3,-8],[-3,-8],[0,-8],[-3,0],[-3,0],[0,-7],[-3,0],[0,-8]],[[6769,8921],[-3,8],[-3,0],[0,8],[-2,0]],[[6761,8937],[-3,0],[-3,0],[0,-8],[-3,0],[-3,-8],[-5,0],[0,-8],[-3,0],[0,-8],[3,0],[0,-7],[-3,0],[-3,-8],[3,0],[0,-8],[0,-8],[0,-8],[3,0],[2,-8]],[[6780,8929],[-5,8]],[[6775,8937],[0,-8],[-3,0],[0,-8],[-3,0]],[[6746,8866],[3,-8],[-3,0]],[[6746,8858],[0,-7],[-5,-8],[0,-8],[-3,0],[0,-16],[-3,-7],[-3,-8],[0,-8],[0,-8],[0,-8],[-3,0],[0,-7],[3,0],[3,-8],[3,0],[0,-8],[-3,0],[0,-8],[0,-8],[3,0],[0,-7],[3,0],[0,-8],[0,-8],[-3,0],[0,-8],[-3,-8],[3,-8]],[[6746,8858],[0,8]],[[6440,8944],[0,8],[0,8],[0,55]],[[6477,8890],[6,23],[-9,0],[-3,8],[-11,31],[-3,0]],[[6457,8952],[-17,-8]],[[6457,8898],[20,-8]],[[6454,8890],[3,8]],[[6440,8890],[14,0]],[[6434,8874],[0,8],[3,8],[3,0]],[[6426,8882],[8,-8]],[[6423,8866],[3,8],[0,8]],[[6415,8874],[2,0],[0,-8],[3,0],[3,0]],[[6364,8874],[8,0],[43,0]],[[6352,8874],[12,0]],[[6398,8780],[-3,8],[-3,0],[-3,0],[-3,0],[0,8],[-3,0],[-2,0],[0,8],[2,0],[0,8],[0,7],[-5,8],[-12,16],[-8,0],[-3,8],[-3,0],[-3,0],[-5,7],[-6,8],[6,0],[5,8],[3,0]],[[6400,8710],[-2,0],[-3,0],[0,8],[-3,0],[-3,8],[0,15],[0,8],[-3,8],[0,8],[3,0],[6,8],[3,0],[0,7]],[[6398,8780],[2,0]],[[6449,8702],[2,0],[6,55],[-20,0]],[[6437,8757],[-5,0],[0,-8],[-3,0]],[[6429,8749],[-6,0]],[[6423,8749],[-3,0],[-3,-15],[0,-8],[3,0],[0,-8],[-3,0]],[[6417,8718],[-11,0]],[[6406,8718],[-6,0],[0,-8]],[[6449,8702],[0,0]],[[6446,8702],[3,0]],[[6449,8632],[2,16],[0,7],[3,8],[-3,0],[-8,8],[3,31]],[[6446,8632],[3,0]],[[6437,8624],[6,8],[3,0]],[[6437,8624],[0,0]],[[6423,8609],[0,7],[3,0],[11,8]],[[6905,9155],[0,8],[-3,0],[0,8],[0,8],[0,8],[3,0],[0,7]],[[6905,9194],[3,0]],[[6922,9155],[-3,8]],[[6919,9163],[-3,-8],[-2,0]],[[6925,9132],[0,8],[3,0],[-3,8],[-3,0],[3,7]],[[6925,9155],[-3,0]],[[6914,9155],[-3,0]],[[6911,9155],[-6,0]],[[6922,9140],[3,-8]],[[6916,9132],[3,0],[-3,0]],[[6916,9132],[3,8],[3,0]],[[6916,9116],[3,0],[3,0],[3,8],[-3,8]],[[6922,9132],[-6,0]],[[6914,9116],[2,0]],[[6899,9093],[0,8],[3,0],[3,0],[3,7],[3,0],[3,0],[0,8]],[[6897,9093],[2,0]],[[6894,9077],[3,0],[0,8],[0,8]],[[6894,9077],[0,0]],[[6880,9062],[0,7],[2,0],[6,0],[3,0],[0,8],[3,0]],[[6877,9062],[3,0]],[[6874,9062],[3,0]],[[6871,9062],[3,0]],[[6868,9054],[3,8]],[[6865,9062],[3,-8]],[[6857,9046],[3,0],[0,8],[3,0],[2,0],[0,8]],[[6857,9046],[0,0]],[[6851,9046],[3,0],[3,0]],[[6848,9046],[3,0]],[[6846,9023],[0,7],[-3,0]],[[6843,9030],[3,8],[2,0],[0,8]],[[6843,9030],[0,-7],[3,0]],[[6829,8999],[2,0],[3,0],[-3,0],[3,8],[-3,0],[3,0],[0,8],[3,0],[0,8],[3,0],[3,7]],[[6829,8999],[0,0]],[[6809,8983],[3,0],[2,0],[9,8],[6,8]],[[6894,9194],[8,0],[3,0]],[[6888,9194],[0,0]],[[6880,9179],[0,8],[0,7],[2,0],[3,0],[3,0]],[[6891,9194],[3,0]],[[6888,9194],[3,0]],[[6877,9179],[3,0]],[[6857,9148],[3,0],[3,0],[0,7],[0,8],[-3,0],[3,0],[2,8],[3,0],[6,0],[0,8],[3,0]],[[6848,9148],[9,0]],[[6797,9085],[3,0],[0,8],[3,0],[3,0],[25,23],[3,0],[0,8],[0,8],[6,8],[3,0],[3,0],[2,8]],[[6531,9093],[45,-8]],[[6519,9085],[3,0],[3,0],[3,8],[3,0]],[[6795,9085],[2,0]],[[6749,9085],[6,0],[37,0],[3,0]],[[6749,9085],[0,0]],[[6576,9085],[142,0],[31,0]],[[6519,9085],[0,0]],[[6517,9077],[2,8]],[[6514,9077],[3,0]],[[6440,9015],[71,54],[0,8],[3,0]],[[6423,8609],[0,-8],[3,0],[0,-8],[0,-8],[0,-8],[3,-8]],[[6429,8569],[0,0]],[[6429,8569],[-3,0],[3,0]],[[6429,8569],[3,0]],[[6432,8569],[2,0],[-2,-7],[-6,-8],[0,-8],[0,-8],[0,-8],[0,-7],[0,-8],[3,0],[14,0],[0,-8],[-3,-8],[3,0]],[[6432,8569],[0,0]],[[6528,8562],[6,-8]],[[6511,8530],[0,8],[3,0],[5,8],[0,8],[3,0],[0,8],[3,0],[3,0]],[[6500,8546],[2,0],[3,-8],[3,0],[0,-8],[3,0]],[[6491,8530],[3,0],[3,8],[3,8]],[[6488,8530],[3,0]],[[6483,8523],[5,7]],[[6480,8523],[3,0]],[[6474,8523],[3,0],[3,0]],[[6468,8523],[6,0]],[[6460,8476],[3,0],[0,8],[0,7],[0,8],[0,8],[0,8],[3,0],[2,0],[3,0],[-3,0],[0,8]],[[6443,8499],[3,0],[3,0],[0,-8],[2,0],[3,0],[0,-7],[0,-8],[3,0],[3,0]],[[6443,8499],[0,0]],[[6610,8249],[-3,0],[3,8],[-3,0],[-2,0],[-3,0],[0,8],[-3,0]],[[6599,8265],[-3,0],[0,-8],[-3,0]],[[6593,8257],[0,-8]],[[6641,8249],[-2,0],[0,8],[-3,0]],[[6636,8257],[0,8]],[[6636,8257],[-3,0]],[[6633,8257],[0,0]],[[6633,8257],[-3,0],[-6,0],[0,-8],[-2,0],[-3,0]],[[6650,8257],[0,0]],[[6650,8257],[-3,-8]],[[6656,8249],[-3,0],[3,8],[-3,0]],[[6653,8257],[-3,0]],[[6619,8249],[-3,0]],[[6616,8249],[0,8]],[[6593,8257],[0,0]],[[6616,8249],[-3,0]],[[6613,8249],[-3,0]],[[6678,8249],[-3,0],[0,-8],[-2,0]],[[6647,8249],[-3,0]],[[6644,8249],[-3,0]],[[6658,8241],[-2,0],[0,8]],[[6656,8249],[0,0]],[[6664,8234],[-3,0],[0,7],[-3,0]],[[6658,8241],[0,0]],[[6673,8241],[-6,0],[0,-7],[-3,0]],[[6673,8241],[0,0]],[[6724,8530],[0,8],[2,0],[0,8],[-2,0],[2,0],[0,8],[3,8],[0,7],[0,8],[3,0],[3,8],[0,8],[0,8],[3,0],[0,8],[0,7],[-3,0],[0,8],[-3,0],[3,0],[0,8],[-3,0],[0,8],[0,8],[3,0],[0,7],[0,8],[-3,8]],[[6721,8530],[3,0]],[[6718,8530],[3,0]],[[6715,8530],[3,0]],[[6726,8444],[0,8],[3,0],[0,8],[-3,0],[0,8],[3,0],[0,8],[-3,0],[-2,0],[-3,8],[-3,0],[-3,0],[-3,0],[0,7],[-3,0],[-5,8],[3,0],[0,8],[0,8],[2,0],[3,0],[0,8],[3,0],[0,7]],[[6729,8437],[0,7]],[[6729,8444],[-3,0]],[[6732,8437],[0,0]],[[6732,8437],[-3,0]],[[6724,8398],[2,7],[3,0],[3,8],[3,0],[0,8],[3,0],[-3,0],[0,8],[0,8]],[[6735,8437],[-3,0]],[[6721,8398],[3,0]],[[6718,8366],[-3,8],[-3,0],[0,8],[3,0],[0,8],[3,0],[0,8],[3,0]],[[6709,8351],[3,0],[3,8],[3,0],[3,0],[0,7],[-3,0]],[[6718,8366],[0,0]],[[6701,8359],[3,0]],[[6698,8351],[3,0],[0,8]],[[6704,8359],[3,0],[2,0],[0,-8]],[[6709,8351],[-2,0],[2,0]],[[6704,8359],[0,0]],[[6698,8351],[0,0]],[[6695,8319],[0,8],[-3,0],[3,0],[-3,0],[0,8],[3,8],[0,8],[3,0]],[[6698,8312],[-3,0]],[[6695,8312],[0,7]],[[6695,8319],[0,0]],[[6698,8304],[0,8]],[[6695,8312],[0,0]],[[6692,8312],[3,0]],[[6692,8312],[0,0]],[[6690,8304],[2,8]],[[6695,8304],[0,8]],[[6690,8304],[0,0]],[[6687,8296],[3,0],[0,8]],[[6687,8296],[0,0]],[[6684,8296],[3,0]],[[6678,8296],[3,0],[3,0]],[[6678,8296],[0,0]],[[6675,8257],[0,8],[3,8],[0,7],[-3,0],[0,8],[-2,0],[0,8],[2,0],[3,0]],[[6678,8249],[0,8]],[[6678,8257],[-3,0]],[[6565,8554],[-26,0],[-5,0]],[[6565,8468],[0,8],[-3,0],[-3,8],[0,7],[3,0],[0,8],[3,0],[0,8],[0,8],[3,0],[3,0],[0,8],[2,0],[0,7],[0,8],[-2,8],[0,8],[-3,0]],[[6568,8554],[-3,0]],[[6573,8468],[-5,0]],[[6568,8468],[-3,0]],[[6576,8468],[0,0]],[[6576,8468],[-3,0]],[[6579,8444],[-3,0],[0,8],[-3,0],[0,8],[3,0],[0,8]],[[6576,8468],[3,0],[-3,0]],[[6576,8413],[0,8],[-3,8],[3,0],[0,8],[-3,0],[3,0],[3,7]],[[6576,8413],[3,-8],[-3,0],[0,-7],[3,0],[0,-8],[3,0],[0,-8],[3,0],[0,-8],[0,-8],[3,-7],[-3,0],[0,-8]],[[6585,8351],[-3,0],[0,-8],[3,0]],[[6585,8351],[3,0],[0,-8]],[[6585,8343],[0,8]],[[6588,8343],[2,0],[0,-8],[-2,0],[-3,0],[0,-8]],[[6588,8343],[0,0]],[[6588,8327],[0,0]],[[6585,8327],[3,0]],[[6590,8327],[0,-8],[0,-7],[3,0],[0,-8],[-3,0],[-2,0],[-3,0],[0,-8],[0,-8],[-3,0],[0,-8]],[[6588,8327],[2,0]],[[6582,8280],[-3,0]],[[6579,8280],[0,8],[-3,0]],[[6576,8288],[3,-8]],[[6579,8280],[-3,-7],[3,0]],[[6582,8280],[3,0],[0,-7],[-3,0]],[[6582,8273],[3,0],[0,-8]],[[6579,8273],[3,0]],[[6582,8273],[0,7]],[[6579,8273],[0,0]],[[6588,8265],[0,-8]],[[6585,8265],[3,0]],[[6590,8265],[0,-8]],[[6588,8257],[2,0]],[[6576,8601],[-11,8],[-3,0],[3,7],[-3,0],[-11,8]],[[6551,8624],[-3,-8],[0,-7]],[[6610,8609],[-31,7]],[[6579,8616],[-3,0],[0,-7],[0,-8]],[[6548,8609],[-12,7]],[[6536,8616],[0,-7],[0,-8],[-2,0]],[[6534,8601],[-12,8]],[[6522,8609],[0,-8],[-3,0],[0,-16],[9,-8],[3,0],[3,0],[0,-8],[0,-15]],[[6732,8671],[-3,-8],[-3,0],[-2,0]],[[6724,8663],[0,-8]],[[6724,8663],[-3,0]],[[6721,8663],[0,-8],[-3,0],[-3,0]],[[6670,8655],[-12,0]],[[6658,8655],[-2,0]],[[6715,8655],[-42,0]],[[6673,8655],[-3,0]],[[6656,8655],[0,0]],[[6656,8655],[-3,-7]],[[6653,8648],[0,0]],[[6653,8648],[-3,0],[-3,-8],[0,-8]],[[6647,8632],[-14,0]],[[6633,8632],[-3,-8]],[[6630,8624],[-11,0]],[[6619,8624],[-3,0],[0,-8]],[[6616,8616],[-3,0]],[[6613,8616],[-3,0],[0,-7]],[[7793,8038],[-3,-8]],[[7781,8038],[0,0]],[[7781,8038],[-2,0],[0,-8],[-3,0]],[[7784,8030],[0,8]],[[7784,8038],[-3,0]],[[7790,8030],[-3,0]],[[7787,8030],[-3,0]],[[7770,8030],[-3,0]],[[7767,8030],[-3,0],[-2,0],[0,-7],[-3,0],[-3,0]],[[7776,8030],[-3,0],[-3,0]],[[7770,8030],[0,0]],[[7756,8023],[-3,0],[0,7],[-3,0]],[[7750,8030],[0,-7],[-3,0],[-2,0]],[[7745,8023],[0,0]],[[7745,8023],[-3,0]],[[7742,8023],[0,0]],[[7742,8023],[-6,0],[0,-8]],[[7736,8015],[-3,0]],[[7736,8015],[0,-8],[-3,0],[0,-8],[0,-8],[-3,0],[0,-7],[-2,0]],[[7733,8015],[0,0]],[[7728,7984],[0,0]],[[7728,7984],[-3,0],[-3,0],[0,-8],[-3,0],[3,0],[-3,0],[0,-8],[-3,-8],[-3,-8],[-2,0],[0,-7],[-3,-8],[0,-8],[-3,0],[-3,0],[-3,0],[0,-8],[-3,0],[-2,-8],[-3,0],[0,-8],[-3,0]],[[7628,7905],[-3,0],[0,8],[-2,8],[-3,0],[-3,0],[0,8]],[[7637,7905],[-3,0]],[[7634,7905],[-6,0]],[[7688,7905],[-3,0]],[[7685,7905],[0,-7],[-3,0]],[[7648,7905],[-3,0]],[[7645,7905],[-5,0],[-3,0]],[[7662,7898],[-3,0],[-2,0],[0,7],[-3,0]],[[7654,7905],[-3,0]],[[7651,7905],[0,0]],[[7651,7905],[-3,0]],[[7682,7898],[0,7]],[[7682,7905],[-3,-7],[-3,0],[-2,0]],[[7674,7898],[-3,0],[-6,0]],[[7665,7898],[-3,0]],[[7798,8046],[3,0],[3,0],[0,-8]],[[7793,8038],[0,8],[3,0],[2,0]],[[7807,8038],[3,0]],[[7804,8038],[3,0]],[[7810,8038],[3,0],[0,-8],[2,0]],[[7810,8038],[0,0]],[[7815,8030],[3,-7]],[[7815,8030],[0,0]],[[7821,8023],[3,0],[3,0]],[[7818,8023],[3,0]],[[7830,8023],[0,-8],[0,-8]],[[7827,8023],[3,0]],[[7832,8015],[3,-8]],[[7830,8007],[2,8]],[[7838,8007],[0,-8],[3,0]],[[7835,8007],[3,0]],[[7849,8007],[6,-8]],[[7847,7999],[2,0],[0,8]],[[7855,8007],[0,-8]],[[7855,7999],[3,0],[3,0],[-3,0],[0,-8],[6,0]],[[7844,7999],[3,0]],[[7841,7999],[3,0]],[[7614,7929],[0,0]],[[7614,7929],[-3,0],[-3,0],[0,-8]],[[7617,7929],[-3,0]],[[7608,7921],[-2,0]],[[7606,7921],[0,-8],[-3,0],[3,-8],[0,-7],[0,-8],[-3,0]],[[7603,7890],[0,8]],[[7603,7898],[-3,0],[-3,-16],[-3,0],[-3,0]],[[7583,7874],[-3,8]],[[7580,7882],[0,8]],[[7580,7882],[-3,0],[-3,0],[-8,0]],[[7591,7882],[-2,0],[-3,0]],[[7586,7882],[-3,0],[0,-8]],[[7617,7929],[0,0]],[[6919,8429],[3,0],[0,-16],[0,-8],[6,-15],[0,-8],[-3,0],[-3,0],[-6,0],[0,-8]],[[6916,8374],[-2,0]],[[6914,8374],[-3,0],[3,0]],[[6914,8374],[0,-8],[-6,0]],[[6908,8366],[-3,0]],[[6905,8366],[-14,-7],[-3,-8],[3,0]],[[6894,8351],[-3,-8],[-3,0],[0,-8],[3,0],[0,-8]],[[6891,8327],[-3,0],[3,0]],[[6891,8351],[3,0]],[[6891,8327],[3,-8],[0,-7],[0,-8],[3,0],[0,-8]],[[6891,8327],[0,0]],[[6899,8296],[0,-8],[-2,0],[-3,0]],[[6897,8296],[2,0]],[[7021,8538],[3,0],[0,-8],[17,0],[0,-7],[3,0],[3,0]],[[6996,8507],[6,0],[14,16],[-6,7],[6,8],[5,0]],[[7070,8530],[2,-7],[6,0],[0,-8],[9,-8],[2,0]],[[7064,8523],[3,7],[3,0]],[[7058,8530],[6,-7]],[[7047,8523],[11,7]],[[6996,8507],[0,0]],[[6976,8476],[9,0],[2,8],[3,0],[3,23],[3,0]],[[7092,8507],[3,-8],[3,-8],[3,0],[3,-7],[0,-8],[2,0],[3,-8]],[[7089,8507],[3,0]],[[6970,8476],[6,0]],[[6953,8452],[6,8],[9,8],[2,8]],[[7118,8476],[0,-8],[3,0],[0,-8],[-3,0],[3,0],[3,0],[0,-8],[-3,0],[11,-8],[3,0]],[[7109,8468],[3,0],[6,8]],[[6951,8460],[2,-8]],[[6945,8452],[6,8]],[[6945,8452],[0,0]],[[6934,8429],[8,8],[3,0],[0,15]],[[7138,8452],[3,-8],[2,0]],[[7135,8444],[3,8]],[[7146,8444],[3,0],[3,0],[0,-7],[3,0]],[[7143,8444],[3,0]],[[7169,8437],[3,0],[3,0]],[[7155,8437],[14,0]],[[7177,8437],[3,0],[3,0]],[[7175,8437],[2,0]],[[6919,8429],[6,0]],[[6931,8429],[3,0]],[[6925,8429],[6,0]],[[7180,8429],[3,0],[0,8]],[[7058,8226],[0,0]],[[7058,8226],[-3,0]],[[7055,8218],[3,0]],[[7058,8218],[0,8]],[[7055,8226],[0,-8]],[[7209,8327],[19,-8],[3,0],[43,0],[0,-7],[34,-16],[17,-31],[3,-8]],[[7407,8273],[0,-8],[6,0],[0,-8],[-3,0],[-3,0],[3,0],[0,-8],[-3,0],[0,-8]],[[7404,8265],[3,8]],[[7401,8265],[3,0]],[[7399,8257],[0,8],[2,0]],[[7350,8265],[3,0],[6,-8],[3,-8],[3,0]],[[7328,8257],[5,8],[17,0]],[[7396,8257],[3,0]],[[7390,8257],[3,0],[3,0]],[[7390,8257],[0,0]],[[7384,8257],[3,0],[3,0]],[[7384,8257],[0,0]],[[7379,8249],[5,8]],[[7376,8249],[3,0]],[[7365,8249],[8,0],[3,0]],[[7410,8241],[0,0]],[[7407,8241],[3,0]],[[7407,8241],[0,-7],[3,0]],[[7413,8234],[-3,0]],[[7410,8234],[0,-8],[3,0],[3,0],[-3,0],[3,-8],[0,-8]],[[7438,8234],[3,-8]],[[7421,8202],[3,0],[0,8],[3,0],[0,8],[3,0],[0,8],[3,0],[2,0],[3,8]],[[7441,8226],[3,0]],[[7416,8210],[-3,8]],[[7413,8218],[0,-8],[-3,0],[0,-8],[3,0]],[[7416,8202],[0,0]],[[7413,8202],[3,0]],[[7418,8202],[3,0]],[[7416,8202],[2,0]],[[7447,8218],[0,8],[3,0],[-3,0],[-3,0]],[[7452,8202],[-2,0],[-3,0],[3,0],[0,8],[-3,8]],[[7447,8218],[0,0]],[[7452,8179],[-2,0],[2,0]],[[7452,8179],[3,8],[-3,0],[3,0],[0,7],[-3,0],[0,8]],[[7452,8202],[0,0]],[[7455,8179],[0,0]],[[7455,8179],[-3,0]],[[7464,8109],[-6,7],[3,0],[0,8],[-3,0],[3,0],[0,8],[3,0],[0,8],[-3,0],[0,8],[-3,0],[0,15],[-3,0],[3,8],[0,8],[-3,0]],[[7203,8335],[-6,16],[-3,0],[0,8],[0,15],[-2,0],[-12,16],[3,8],[-3,7],[0,8],[6,8],[-6,8]],[[7209,8327],[-3,8]],[[7206,8335],[-3,0]],[[7180,8429],[-5,-8],[0,-8]],[[7064,8421],[-3,0]],[[7061,8421],[-6,-16],[-5,-23],[-3,0],[0,-8],[0,-8],[3,0],[0,-7],[3,0],[0,-8]],[[7072,8390],[-2,0],[0,8],[0,7],[0,8],[2,0],[-2,0],[-3,0],[0,8]],[[7067,8421],[-3,0]],[[7175,8413],[-3,0]],[[7172,8413],[-3,0],[-3,-8],[-3,0],[-8,-15]],[[7155,8390],[-31,0]],[[7124,8390],[-3,0],[-3,0],[0,-8]],[[7095,8382],[0,8],[-3,0]],[[7092,8390],[-11,0],[-3,0]],[[7078,8390],[-3,0]],[[7075,8390],[-3,0]],[[7118,8382],[-12,0]],[[7106,8382],[-11,0]],[[7055,8351],[0,-8],[-2,0],[-6,-8],[3,-8],[3,0],[2,0],[0,-8]],[[7055,8319],[-2,0],[2,0]],[[7053,8351],[2,0]],[[7064,8335],[3,-8],[0,-8],[3,0],[5,-7],[6,-8],[3,-8],[0,-8],[-3,0],[0,-8],[-3,0]],[[7055,8319],[3,0],[0,8],[3,0],[3,0],[0,8]],[[7078,8280],[-3,0]],[[7075,8280],[-3,0]],[[7070,8280],[-3,0]],[[7067,8280],[-3,0],[3,0]],[[7067,8280],[0,-7],[0,-8],[-3,0]],[[7072,8280],[0,0]],[[7072,8280],[-2,0]],[[7064,8265],[-3,0]],[[7061,8265],[-3,0],[0,-8]],[[7061,8265],[0,-8],[0,-8],[-3,0]],[[7058,8257],[3,8]],[[7058,8249],[0,-8],[3,0],[0,-7],[0,-8],[-3,0]],[[7055,8218],[-5,0],[0,-8],[3,0]],[[7058,8249],[0,0]],[[7058,8218],[0,-8],[-3,0]],[[7053,8210],[2,8]],[[7055,8210],[-2,0]],[[7053,8210],[-3,-8],[3,0],[0,-8],[2,0]],[[7055,8194],[0,-7],[-2,0],[-3,0],[0,-8],[0,-8]],[[7055,8194],[0,0]],[[7209,8327],[0,-8],[2,-15],[0,-8],[3,-8],[0,-8],[-3,0],[0,-7],[-2,0],[-3,0],[0,-8]],[[7206,8265],[-3,0]],[[7203,8265],[-3,0],[3,-8]],[[7206,8265],[3,0],[0,-8],[0,-8],[2,0],[3,-8],[-3,0]],[[7206,8265],[0,0]],[[7203,8257],[0,8]],[[7209,8241],[-3,0]],[[7206,8241],[0,-7],[-3,0]],[[7211,8241],[-2,0]],[[7209,8241],[0,0]],[[7203,8234],[-3,0]],[[7200,8234],[-3,0],[-3,0],[-2,-8],[-6,-8],[0,-8],[3,0],[-3,0],[-3,-8]],[[7183,8202],[-3,8]],[[7180,8210],[0,-8],[3,0]],[[7183,8202],[-3,-8],[3,0]],[[7186,8194],[0,-7],[-3,0],[0,-8],[-3,0],[3,0],[0,-8],[3,0],[0,-8],[0,-8],[3,0],[0,-7],[-3,-8],[3,0]],[[7183,8194],[3,0]],[[7192,8140],[0,-8],[2,0],[3,0],[0,-8]],[[7189,8140],[3,0]],[[7200,8124],[0,-8],[-3,-7],[0,-32]],[[7197,8124],[3,0]],[[6508,8124],[0,-8]],[[6505,8116],[3,8]],[[6502,8124],[0,-8]],[[6502,8116],[3,0]],[[6500,8109],[0,7],[2,0]],[[6511,8116],[3,0],[3,0],[2,0],[0,-7]],[[6508,8116],[3,0]],[[6497,8116],[3,-7]],[[6494,8093],[0,8]],[[6494,8101],[3,0],[0,8],[0,7]],[[6522,8109],[0,-8],[3,0]],[[6519,8109],[3,0]],[[6471,8109],[3,0],[3,0]],[[6477,8109],[0,-8]],[[6480,8109],[0,-8],[3,0],[0,-8]],[[6477,8109],[3,0]],[[6536,8109],[3,0],[0,-8]],[[6536,8101],[0,8]],[[6528,8093],[0,8]],[[6528,8101],[3,0],[3,0],[0,8],[2,0]],[[6525,8101],[3,0]],[[6525,8101],[0,0]],[[6488,8101],[3,0]],[[6483,8093],[2,8],[3,0]],[[6491,8101],[3,0]],[[6471,8109],[0,-8],[3,0],[0,-8],[3,0],[-3,-8],[0,-8],[0,-7],[-3,0],[-3,0],[0,-8],[3,0],[0,-8],[-3,0]],[[6468,8054],[-2,0],[-3,0]],[[6463,8054],[0,8]],[[6463,8054],[-3,0],[-3,0]],[[6457,8054],[0,8],[-6,0]],[[6451,8062],[-2,0],[0,-8]],[[6449,8054],[-9,8]],[[6440,8062],[0,-8],[-3,0],[0,-8]],[[6437,8046],[-8,0]],[[6429,8046],[-3,8]],[[6426,8054],[0,-8]],[[6426,8046],[3,0]],[[6423,8038],[0,8]],[[6423,8046],[-3,0],[0,-8],[3,0]],[[6423,8038],[0,-8],[-3,0]],[[6426,8046],[-3,0]],[[6417,8023],[0,7]],[[6417,8030],[-2,0],[-3,0],[0,-7],[-3,0],[3,-8],[3,0],[0,-8],[2,0],[0,-8],[-2,0],[2,-8]],[[6420,8030],[0,0]],[[6420,8030],[-3,0]],[[6420,7999],[3,0],[-3,-8]],[[6420,7991],[3,0]],[[6417,7991],[3,0]],[[6420,7991],[0,8]],[[6426,7991],[3,-7],[-3,-8],[-3,0]],[[6423,7991],[3,0]],[[7475,8085],[-3,0],[-5,24]],[[7467,8109],[-3,0]],[[7498,8062],[-3,0],[0,8],[-3,0],[-3,0],[-3,0],[0,7],[-2,0],[0,8],[-3,0],[-3,0]],[[7478,8085],[-3,0]],[[7512,8030],[-3,0],[-3,0],[-2,8],[-3,0],[0,8],[0,8],[-3,8]],[[7498,8062],[0,0]],[[7509,8007],[0,8]],[[7509,8015],[3,0],[3,0],[3,8],[-3,0],[0,7]],[[7515,8030],[3,0]],[[7515,8030],[-3,0]],[[7515,7999],[-3,8],[-3,0]],[[7521,7968],[0,8],[-3,0],[-3,0],[0,8],[3,0],[0,7],[3,0],[0,8],[-3,0]],[[7518,7999],[-3,0]],[[7523,7960],[0,8],[-2,0]],[[7521,7968],[0,0]],[[7464,8109],[-12,-16],[-2,0],[0,-8],[-3,0],[0,-8],[-3,0]],[[7356,8077],[-3,0],[-3,0],[0,8],[-2,8],[0,8],[-3,0]],[[7345,8101],[-3,-8]],[[7342,8093],[0,0]],[[7342,8093],[-3,-8],[-3,0]],[[7441,8085],[0,0]],[[7441,8085],[-3,0]],[[7336,8085],[0,0]],[[7336,8085],[-3,0],[0,-8]],[[7438,8085],[0,0]],[[7438,8085],[-3,0],[-2,0],[0,-8],[-3,0]],[[7444,8077],[0,8]],[[7444,8085],[-3,0]],[[7430,8077],[0,0]],[[7430,8077],[-3,0]],[[7427,8077],[0,0]],[[7427,8077],[-3,0]],[[7424,8077],[-3,0],[-3,0],[0,-7],[0,-8],[-2,0]],[[7333,8077],[-2,0]],[[7331,8077],[-3,0],[-3,-7]],[[7365,8062],[-3,0],[0,8],[3,0]],[[7365,8070],[-3,0],[0,7],[-3,0],[-3,0]],[[7356,8077],[0,0]],[[7416,8062],[0,8],[-3,0],[0,7]],[[7413,8077],[-3,-7]],[[7325,8070],[0,7],[-3,0]],[[7322,8077],[0,-7],[-3,0],[-3,-8],[-2,-8]],[[7410,8070],[0,7]],[[7410,8077],[-3,-7],[-3,0],[-8,-16],[3,0],[-3,-8],[-3,0],[3,0],[-3,-8],[-3,0],[0,-8]],[[7390,8030],[3,0]],[[7370,8070],[-3,0]],[[7367,8070],[-2,0]],[[7365,8070],[0,-8]],[[7373,8046],[-3,0],[0,8],[-3,0],[0,8],[3,0],[3,0],[-3,0],[3,8],[-3,0]],[[7370,8070],[0,0]],[[7314,8054],[-3,0]],[[7311,8054],[-3,0],[0,-8],[-6,0]],[[7379,8046],[-3,0],[-3,0]],[[7373,8046],[0,0]],[[7302,8046],[0,0]],[[7302,8046],[-3,0],[-3,0],[-2,0]],[[7382,8038],[0,8]],[[7382,8046],[-3,0]],[[7294,8046],[0,0]],[[7294,8046],[-3,0]],[[7291,8046],[-3,0]],[[7288,8046],[-6,-8]],[[7282,8038],[0,8]],[[7282,8046],[-3,-8],[0,-8]],[[7274,8030],[-3,0],[-3,0],[0,8]],[[7268,8038],[-3,0],[-3,0],[-2,0],[0,-8]],[[7390,8030],[-3,0],[-3,8],[-2,0]],[[7382,8038],[0,0]],[[7279,8030],[0,0]],[[7279,8030],[-2,0],[-3,0]],[[7393,8030],[0,0]],[[7262,8030],[3,0],[-3,0]],[[7262,8030],[-2,-7]],[[7260,8023],[2,0],[-2,0]],[[7260,8030],[2,0]],[[7260,8023],[0,0]],[[7260,8023],[-3,0],[0,-8]],[[6724,8241],[2,0]],[[6726,8241],[0,-7],[3,0]],[[6732,8234],[0,-8],[-3,0],[0,-8],[0,-8],[3,0],[0,-8],[0,-8]],[[6732,8194],[-3,0],[3,0]],[[6729,8234],[3,0]],[[6735,8194],[3,0]],[[6732,8194],[3,0]],[[6741,8194],[0,-7],[-3,0]],[[6738,8194],[3,0]],[[6738,8187],[-3,0]],[[6735,8187],[-3,0],[-3,0],[0,-8],[0,-8],[-3,0],[-2,-8]],[[6687,8171],[-3,0],[-3,0]],[[6681,8171],[-3,0],[-3,0]],[[6724,8163],[0,8],[-3,0]],[[6721,8171],[-3,0]],[[6695,8163],[3,0],[-3,8],[-3,0],[-5,0]],[[6687,8171],[0,0]],[[6718,8171],[-3,0]],[[6715,8171],[0,-8]],[[6715,8163],[3,0],[-3,0]],[[6715,8163],[0,-8]],[[6675,8171],[0,0]],[[6675,8171],[-2,-8]],[[6673,8163],[0,0]],[[6673,8163],[0,-8],[-3,0],[3,-7],[0,-8],[0,-8],[2,0],[3,-8],[3,0]],[[6715,8163],[-3,0],[0,-8],[3,0]],[[6715,8155],[3,0],[0,-7],[-6,-8]],[[6695,8163],[0,0]],[[6695,8140],[0,8],[0,7],[0,8]],[[6707,8148],[0,7],[0,8],[-3,0]],[[6704,8163],[-6,-8],[3,0],[-3,0],[0,-7],[0,-8],[-3,0]],[[6712,8140],[0,8],[-3,0]],[[6709,8148],[-2,0]],[[6741,8140],[5,0],[0,-8]],[[6729,8116],[3,0],[0,8],[3,0],[3,8],[3,0],[0,8]],[[6749,8140],[0,-8],[3,0],[-3,-8],[0,-8],[-3,0],[-2,0],[0,-7],[0,-8],[0,-8],[2,0],[0,-8],[-2,0]],[[6744,8085],[0,-8]],[[6746,8132],[3,8]],[[6684,8124],[0,-8],[3,0],[3,0],[-3,-7],[3,0],[2,0],[0,-8],[3,0]],[[6681,8124],[3,0]],[[6726,8116],[3,0]],[[6712,8109],[3,0],[3,7],[3,0],[3,0],[2,0]],[[6707,8109],[2,0],[3,0]],[[6695,8101],[3,0],[0,8],[3,0],[6,0]],[[6744,8085],[-3,0],[-3,0]],[[6738,8085],[-3,0]],[[6735,8085],[-3,0]],[[6732,8085],[0,-8],[-3,-7],[-3,0]],[[6724,8070],[0,0]],[[6724,8070],[-3,0],[0,-8],[0,-8],[0,-8],[0,-8]],[[6721,8038],[-3,0]],[[6726,8070],[0,0]],[[6726,8070],[-2,0]],[[6721,8038],[0,-8],[0,-15],[-3,0],[0,-8],[3,0],[0,-8]],[[6724,7999],[0,-8],[-6,0],[0,-7],[-3,0],[0,-8],[3,0],[0,-8],[-3,0],[0,-8],[3,0],[0,-8],[0,-7]],[[6721,7999],[3,0]],[[6786,8257],[0,-8]],[[6786,8249],[3,0]],[[6783,8241],[3,0],[0,8]],[[6786,8249],[-3,0],[3,8]],[[6792,8257],[0,-8],[3,0]],[[6789,8249],[0,8],[3,0]],[[6729,8257],[3,-8],[12,0],[0,-8],[2,0]],[[6726,8241],[3,0],[0,8],[-3,0],[3,0],[0,8]],[[6797,8249],[3,0],[0,-8],[3,0]],[[6795,8249],[2,0]],[[6749,8249],[3,0],[0,-8],[3,0],[3,0]],[[6746,8241],[3,0],[0,8]],[[6803,8241],[3,0],[-3,0]],[[6803,8241],[3,0],[3,-7],[3,0]],[[6803,8241],[0,0]],[[6766,8241],[3,0]],[[6763,8241],[3,0]],[[6772,8241],[3,0]],[[6769,8241],[3,0]],[[6761,8241],[2,0]],[[6758,8241],[3,0]],[[6775,8241],[3,0]],[[6775,8241],[0,0]],[[6724,8241],[0,0]],[[6780,8241],[3,0]],[[6780,8241],[0,0]],[[6778,8241],[2,0]],[[6894,8288],[-3,0],[-3,0]],[[6888,8288],[-3,0]],[[6885,8288],[-3,0]],[[6882,8288],[-2,0],[-6,0],[0,-8],[3,0],[-3,-7]],[[6848,8273],[0,0]],[[6848,8273],[0,-8],[-2,0]],[[6857,8265],[-3,8],[-3,0]],[[6851,8273],[-3,0]],[[6874,8273],[-3,0]],[[6871,8273],[0,-8]],[[6840,8273],[-3,0]],[[6837,8273],[-3,0],[0,-8],[-3,0]],[[6846,8265],[0,8]],[[6846,8273],[-3,0],[-3,0]],[[6826,8265],[0,8],[-3,0]],[[6823,8273],[-3,-8],[-3,0],[0,-8],[-3,-8],[-2,0]],[[6831,8265],[0,8]],[[6831,8273],[-2,-8]],[[6863,8265],[-3,0],[-3,0]],[[6857,8265],[0,0]],[[6829,8265],[-3,0]],[[6826,8265],[0,0]],[[6871,8265],[-3,0],[-3,0]],[[6865,8265],[0,0]],[[6865,8265],[-2,0]],[[6863,8265],[0,0]],[[6812,8249],[0,0]],[[6812,8249],[0,-8],[0,-7]],[[6894,8288],[0,-8],[0,-7],[0,-8],[3,-8],[2,0],[0,-8]],[[6899,8249],[-2,0],[2,0]],[[6902,8249],[12,0],[0,-8],[2,-7],[3,0],[3,-8]],[[6899,8249],[3,0]],[[6928,8234],[3,0],[0,-8],[3,0],[2,0]],[[6922,8226],[3,0],[3,8]],[[6942,8226],[3,0],[3,0]],[[6936,8226],[3,0],[3,0]],[[6951,8226],[2,0],[0,-8]],[[6948,8226],[3,0]],[[6956,8226],[3,0],[0,-8],[3,-16],[3,0],[3,0]],[[6953,8218],[3,8]],[[6973,8202],[3,0]],[[6968,8202],[5,0]],[[6985,8202],[0,-8],[2,0]],[[6976,8202],[3,0],[3,0],[3,0]],[[6987,8194],[0,-7],[3,0],[3,-8]],[[6987,8194],[0,0]],[[6996,8179],[3,0]],[[6993,8179],[3,0]],[[6812,8234],[2,-8],[0,-8],[3,0]],[[6817,8226],[0,-8]],[[6817,8218],[0,0]],[[6817,8218],[0,-8]],[[6817,8210],[3,0]],[[6817,8210],[0,0]],[[6820,8210],[3,0],[0,-8],[0,-8]],[[6820,8210],[0,0]],[[6823,8194],[0,-7],[3,0],[-3,0],[-3,0],[3,0],[0,-8]],[[6823,8194],[0,0]],[[6817,8179],[-3,0]],[[6814,8179],[0,-8],[-2,0],[-3,0],[5,-8]],[[6823,8179],[-3,0]],[[6820,8179],[-3,0]],[[6814,8163],[0,-8]],[[6814,8163],[0,0]],[[6817,8155],[-3,0]],[[6814,8155],[0,-7]],[[6814,8148],[-2,0]],[[6812,8148],[-3,0]],[[6809,8148],[0,0]],[[6809,8148],[0,-8],[3,0],[0,-8],[-3,0],[0,-8],[3,0],[0,-8]],[[6823,8124],[3,0]],[[6826,8124],[0,-8]],[[6823,8124],[0,0]],[[6820,8124],[3,0]],[[6817,8124],[3,0]],[[6834,8124],[3,0]],[[6829,8116],[2,0],[0,8],[3,0]],[[6843,8124],[0,-8],[3,0],[0,-7],[-3,0]],[[6837,8124],[6,0]],[[6814,8124],[3,0]],[[6812,8116],[2,8]],[[6826,8124],[3,0],[0,-8]],[[6843,8109],[-3,0]],[[6840,8109],[0,-8],[3,0],[-3,0],[0,-8]],[[6843,8093],[3,-8]],[[6840,8093],[3,0]],[[6846,8093],[0,-8]],[[6588,8023],[-3,0],[0,7],[-3,0],[0,8],[-3,8],[-3,0],[-3,0],[0,8],[-2,0],[0,8],[-3,8]],[[6602,8007],[-3,0],[0,8],[-3,8],[-6,0]],[[6590,8023],[-2,0]],[[6616,7976],[-3,0],[3,0]],[[6616,7976],[-3,8],[0,7],[-3,0],[0,8],[-3,8],[-2,0],[0,8]],[[6605,8015],[-3,-8]],[[6622,7976],[0,8],[-3,0]],[[6619,7984],[0,-8],[-3,0]],[[6622,7976],[0,0]],[[6622,7968],[0,8]],[[6619,7968],[3,0]],[[6619,7960],[-3,0],[3,8]],[[6624,7960],[-2,0]],[[6622,7960],[0,8]],[[6622,7960],[-3,0]],[[6647,7960],[-3,0],[-3,0]],[[6641,7960],[-2,0],[0,-8]],[[6647,7921],[-3,0],[0,8],[3,0]],[[6647,7929],[0,8],[3,0],[3,0],[-3,0],[0,8],[0,7],[0,8]],[[6650,7960],[-3,0]],[[6624,7952],[0,8]],[[6624,7960],[3,0],[-3,0]],[[6624,7960],[0,0]],[[6624,7952],[0,0]],[[6630,7945],[-6,0],[0,7]],[[6639,7952],[-3,0]],[[6636,7952],[0,-7]],[[6718,7945],[3,-8]],[[6633,7937],[-3,8]],[[6630,7945],[0,0]],[[6636,7945],[-3,0]],[[6633,7945],[0,-8]],[[6721,7937],[-3,0],[-3,0]],[[6715,7937],[0,-8],[-3,0],[0,-8],[3,0],[0,-8],[-3,0],[0,-8],[0,-7],[-3,0]],[[6650,7929],[3,0]],[[6650,7929],[-3,0]],[[6647,7929],[0,-8]],[[6656,7921],[-3,8]],[[6658,7905],[0,8],[-2,0],[2,0],[0,8],[-2,0]],[[6656,7921],[0,0]],[[6661,7882],[-3,0],[3,8]],[[6661,7890],[-3,0],[3,0]],[[6661,7890],[0,8]],[[6661,7898],[-3,0],[-2,0],[0,7],[2,0]],[[6658,7905],[0,0]],[[6690,7898],[-3,0]],[[6687,7898],[0,7]],[[6687,7905],[-3,0],[3,-7]],[[6687,7898],[-3,0],[0,-8],[-3,0]],[[6695,7898],[-3,0]],[[6692,7898],[-2,0]],[[6701,7890],[-3,0],[0,8]],[[6698,7898],[-3,0]],[[6709,7898],[0,0]],[[6709,7898],[-2,0]],[[6707,7898],[-3,0]],[[6704,7898],[0,-8],[-3,0]],[[6664,7890],[-3,8]],[[6661,7890],[3,0]],[[6664,7890],[0,-8],[-3,0]],[[6673,7882],[-3,0],[0,8],[-3,0],[-3,0]],[[6664,7890],[0,0]],[[6681,7890],[-3,0]],[[6678,7890],[0,-8],[-3,0],[-2,0]],[[6542,8093],[0,8],[-3,0]],[[6551,8093],[-3,0],[-3,8]],[[6545,8101],[-3,-8]],[[6556,8085],[0,8],[-2,0]],[[6554,8093],[-3,0]],[[6551,8093],[0,0]],[[6556,8085],[0,0]],[[6554,8085],[2,0]],[[6554,8085],[0,0]],[[6556,8077],[-2,0],[0,8]],[[6554,8085],[-3,0],[3,0]],[[6565,8070],[-3,0],[0,7],[-3,0]],[[6559,8077],[-3,0]],[[6568,8070],[-3,0]],[[6539,8101],[0,-8]],[[6539,8093],[-3,0]],[[6536,8093],[-2,0]],[[6534,8093],[0,0]],[[6534,8093],[-3,0],[3,0]],[[6534,8093],[0,-8],[2,0],[-2,0],[0,-8]],[[6536,8077],[3,0],[0,-7],[-3,0],[0,-8],[0,-8],[-2,0],[0,-8],[-3,-8]],[[6534,8077],[2,0]],[[6531,8038],[-3,0]],[[6528,8038],[0,-8],[0,-7],[3,0]],[[6531,8023],[0,-8]],[[6531,8015],[-3,0],[3,0]],[[6531,8015],[0,-8],[-3,0],[0,-8],[3,0],[-3,0],[0,-8],[-3,0],[-3,0],[0,-7],[-3,0]],[[6519,7984],[0,0]],[[6519,7984],[-2,0],[0,-8],[2,0],[0,-8],[-2,0]],[[6517,7968],[-3,0]],[[6514,7968],[-3,0],[0,-8]],[[6511,7960],[0,0]],[[6511,7960],[0,-8],[3,0],[0,-7],[-3,0],[-3,0],[0,-8],[0,-8],[3,0],[-3,0],[0,-8],[-8,-8],[0,-8],[-3,0],[-3,0],[-3,-7]],[[6534,8015],[0,8]],[[6534,8023],[-3,0]],[[6531,8015],[3,0]],[[6746,7952],[3,0],[0,-7]],[[6744,7945],[2,7]],[[6735,7952],[3,0]],[[6738,7952],[0,-7]],[[6732,7952],[3,0]],[[6732,7952],[0,0]],[[6729,7937],[0,8],[0,7],[3,0]],[[6744,7952],[0,-7]],[[6738,7952],[3,0],[3,0]],[[6721,7952],[3,-7],[0,-8],[2,0],[3,0]],[[6718,7945],[3,7]],[[6755,7945],[3,0],[0,-8],[-3,0],[3,0],[-3,0],[0,-8],[-3,0],[-3,-8],[3,-8]],[[6749,7945],[6,0]],[[8479,8304],[0,0]],[[8479,8304],[-3,0]],[[8482,8304],[0,0]],[[8482,8304],[-3,0]],[[8485,8304],[-3,0]],[[8476,8304],[-3,0]],[[8473,8304],[-2,0]],[[8471,8304],[-3,0]],[[8468,8304],[-6,0],[-3,0],[0,-8],[-6,0],[-2,0]],[[8499,8280],[0,8],[-3,0],[0,8],[-3,8],[-8,0]],[[8485,8304],[0,0]],[[8530,8265],[-3,0],[-3,0],[0,8],[-2,0],[-3,0],[0,7],[-3,0],[-6,8]],[[8510,8288],[0,-8],[-3,0]],[[8507,8280],[-5,0]],[[8502,8280],[-3,0]],[[8553,8257],[-3,0],[-3,0],[-6,8],[-2,0],[-3,0],[0,8]],[[8536,8273],[-3,0],[0,-8]],[[8533,8265],[-3,0]],[[8530,8265],[0,0]],[[8556,8257],[-3,0]],[[8553,8257],[0,0]],[[8558,8257],[0,0]],[[8558,8257],[-2,0]],[[8561,8257],[0,0]],[[8561,8257],[-3,0]],[[8581,8218],[-3,0],[0,8],[0,8],[-3,0],[-2,0],[0,7],[-3,0],[-3,8],[0,8],[-3,0],[-3,0]],[[8590,8218],[-3,0]],[[8587,8218],[-3,0],[-3,0]],[[8609,8202],[0,8],[-2,0],[0,8],[-6,0]],[[8601,8218],[-3,0],[0,-8]],[[8595,8210],[-3,0],[-2,8]],[[8590,8218],[0,0]],[[8598,8210],[-3,0]],[[8595,8210],[0,0]],[[8624,8202],[-3,8],[-3,0]],[[8618,8210],[-6,0],[0,-8],[-3,0]],[[8731,8202],[-2,0]],[[8729,8202],[-3,0],[-3,0]],[[8737,8202],[-3,0]],[[8734,8202],[-3,0]],[[8626,8194],[0,8],[-2,0]],[[8624,8202],[0,0]],[[8723,8202],[0,0]],[[8723,8202],[-3,0],[-6,0],[-5,0],[0,-8],[3,0],[0,-7],[-3,0]],[[8763,8202],[-3,0],[-3,0]],[[8757,8202],[-3,0],[-3,0],[-8,0]],[[8743,8202],[-3,0]],[[8740,8202],[-3,0]],[[8661,8202],[-3,0]],[[8658,8202],[-3,0]],[[8655,8202],[-3,0]],[[8652,8202],[-3,0],[0,-8],[-3,0]],[[8678,8194],[-3,0],[0,8],[-3,0]],[[8672,8202],[-3,0],[0,-8]],[[8666,8194],[-3,0],[-2,0],[0,8]],[[8661,8202],[0,0]],[[8697,8187],[-2,0],[-3,0],[0,7],[-3,0],[0,8],[-3,0]],[[8686,8202],[0,-8]],[[8643,8194],[0,8],[-2,0]],[[8641,8202],[0,-8],[-3,0],[-3,0]],[[8686,8194],[-3,0]],[[8683,8194],[0,0]],[[8626,8194],[0,0]],[[8626,8194],[-2,0],[2,0]],[[8683,8194],[-3,0]],[[8680,8194],[-2,0]],[[8646,8194],[0,0]],[[8646,8194],[-3,0]],[[8632,8194],[-3,0]],[[8629,8194],[-3,0]],[[8635,8194],[-3,0]],[[8632,8194],[0,0]],[[8669,8194],[-3,0]],[[8666,8194],[0,0]],[[8703,8187],[-3,0]],[[8700,8187],[-3,0]],[[8709,8187],[-3,0],[-3,0]],[[8703,8187],[0,0]],[[6060,8632],[0,0]],[[6052,8640],[-15,0],[-2,0]],[[6035,8640],[-3,0],[-3,0],[0,-8],[-3,0]],[[6026,8632],[0,-8]],[[5890,8632],[-3,0],[-3,8],[-3,0]],[[6054,8632],[-2,0],[2,8],[-2,0]],[[6052,8640],[0,0]],[[6026,8632],[-3,0],[-3,0]],[[6020,8632],[-5,0],[-14,0],[-3,0],[0,-8],[3,0],[2,0]],[[6060,8632],[-6,0]],[[5978,8585],[-80,47]],[[5898,8632],[-8,0]],[[6006,8624],[3,0],[3,0],[-3,-8],[0,-7]],[[6003,8624],[3,0]],[[6009,8609],[-6,7],[-2,0],[-3,0]],[[5998,8616],[0,-7],[-3,0],[-3,0],[0,-8],[-3,0],[3,0],[-3,0],[0,-8],[-5,0],[-3,0],[-3,-8]],[[6057,8609],[0,7],[3,0],[0,8],[3,0],[0,8],[-3,0]],[[6057,8609],[0,0]],[[6052,8538],[-3,0],[-3,0],[3,8],[-3,0],[0,8],[3,0],[-3,0],[0,8],[3,0],[0,7],[3,0],[0,8],[-3,0],[3,8],[-3,8],[0,8],[-3,0],[3,0],[3,8],[2,0],[3,0]],[[6057,8515],[-3,0],[0,8],[0,7],[3,0],[-3,0],[0,8]],[[6054,8538],[-2,0]],[[6060,8507],[0,8]],[[6060,8515],[-3,0]],[[6057,8515],[0,-8]],[[6057,8507],[3,0]],[[6057,8499],[-3,0]],[[6057,8499],[0,8]],[[6052,8499],[5,0]],[[6054,8484],[-2,0]],[[6052,8484],[0,7],[2,0],[3,0],[-3,0],[0,8]],[[6054,8499],[-2,0]],[[6046,8484],[3,0],[3,0]],[[6046,8484],[0,0]],[[6040,8476],[3,0],[0,8],[3,0]],[[6040,8476],[0,0]],[[6037,8468],[0,8],[3,0]],[[6037,8468],[0,0]],[[5989,8491],[-3,0]],[[5986,8491],[-2,0],[-3,-7],[-3,0],[0,-8],[3,0],[-3,0],[0,-8]],[[5958,8491],[-3,0]],[[5955,8491],[0,-7],[-3,0]],[[5964,8484],[0,7],[-3,0]],[[5961,8491],[-3,0]],[[5995,8484],[-3,0],[0,7],[-3,0]],[[5989,8491],[0,0]],[[6012,8476],[-3,0],[0,8],[-3,0],[-3,0],[0,7],[-2,0],[-3,0]],[[5998,8491],[0,-7],[-3,0]],[[5952,8484],[-3,0],[-2,7]],[[5947,8491],[-3,0],[0,-7],[0,-8],[3,0],[-3,0],[0,-8],[-3,0],[-3,-8]],[[5967,8476],[0,8],[-3,0]],[[5964,8484],[0,0]],[[6015,8468],[0,8],[-3,0]],[[6012,8476],[0,0]],[[5972,8476],[-3,0],[-2,0]],[[5967,8476],[0,0]],[[6032,8468],[-3,0],[-3,0],[0,8],[-3,0]],[[6023,8476],[-3,0]],[[5978,8468],[-3,0],[0,8],[-3,0]],[[5972,8476],[0,0]],[[6020,8476],[0,0]],[[6020,8476],[-2,0],[0,-8]],[[6018,8468],[0,0]],[[6018,8468],[-3,0]],[[6035,8468],[-3,0]],[[6032,8468],[0,0]],[[5932,8468],[0,0]],[[5932,8468],[-2,0],[0,-8],[-3,-8],[-3,0],[-3,-8],[0,-7],[-3,0]],[[5938,8460],[-3,0],[0,8],[-3,0]],[[5907,8444],[0,0]],[[5907,8444],[-3,-7],[0,-8],[3,-8],[-3,0],[-3,-8]],[[5913,8437],[-3,0],[0,7]],[[5910,8444],[-3,0]],[[5918,8437],[0,0]],[[5918,8437],[-3,0],[-2,0]],[[5901,8413],[0,0]],[[9545,9038],[0,-8],[-3,0],[0,-7],[3,-8]],[[9443,9015],[-3,8],[-5,0],[-3,0]],[[9432,9023],[-3,0],[0,-8],[-3,0],[-3,0],[3,-8],[3,0],[0,-8],[-3,0],[0,-8],[-3,0],[-3,0]],[[9455,9015],[0,8],[-3,0]],[[9452,9023],[-3,0],[-3,0],[0,-8],[-3,0]],[[9506,8999],[-3,0],[-3,8],[3,0],[-3,0],[-3,8],[-3,0],[0,8],[-3,0]],[[9491,9023],[-2,0],[0,-8],[-3,0],[-3,0]],[[9483,9015],[-9,0],[-2,0],[-3,0],[0,8]],[[9469,9023],[-3,0],[-3,0],[0,-8]],[[9463,9015],[-3,8]],[[9460,9023],[-3,0],[-2,-8]],[[9545,9015],[-5,0],[-3,8],[-3,0]],[[9534,9023],[-6,-8],[-5,0],[-3,0],[0,-8],[-6,0],[0,-8],[-8,0]],[[9420,8991],[0,8],[-2,0],[-3,0]],[[9415,8999],[-3,0]],[[9412,8999],[-3,0]],[[9409,8999],[-3,0],[-3,0],[0,-8],[0,-8],[0,-7],[-2,0],[0,-8],[2,0],[0,-8],[-2,0],[-3,-8],[-3,0],[-3,0]],[[9392,8952],[-3,0]],[[9389,8952],[-3,0]],[[9386,8952],[0,0]],[[9386,8952],[-2,-8]],[[9384,8944],[-3,0]],[[9381,8944],[-3,0],[0,-7],[3,0],[0,-8],[-3,0],[-3,0],[0,-8],[3,0],[0,-8],[-3,0],[3,0],[3,0],[0,-8],[-6,-7],[-6,-8],[3,0],[0,-8],[-3,0],[-2,0]],[[9310,8866],[-3,8],[-3,0],[0,8],[3,0],[0,8],[-6,8],[-2,0]],[[9299,8898],[-3,0],[-3,-8],[-3,0],[-3,-8]],[[9265,8882],[-3,8],[-3,0],[-3,8]],[[9256,8898],[0,-8],[-3,0],[-3,0],[0,-8],[-2,0],[2,0],[-2,0],[0,-8],[2,0],[3,0],[3,0],[0,-8],[-3,0],[0,-8],[-3,0],[-2,-7],[0,-8],[-3,0]],[[9367,8882],[-3,0],[0,8],[-3,0]],[[9361,8890],[-3,0],[-11,-8],[-3,0],[0,-8]],[[9287,8882],[-3,8]],[[9284,8890],[0,-8],[-2,0]],[[9282,8882],[-3,0]],[[9279,8882],[-6,0],[-3,0]],[[9270,8882],[-3,0]],[[9267,8882],[-2,0]],[[9341,8882],[-3,0]],[[9338,8882],[-3,0],[-2,-8]],[[9344,8874],[-3,0],[0,8]],[[9341,8882],[0,0]],[[9333,8874],[-9,0]],[[9324,8874],[-3,0],[0,-8]],[[9321,8866],[-3,0],[-2,0],[-3,0]],[[9313,8866],[-3,0]],[[9228,8858],[-3,0],[-3,0],[-3,0],[-14,8],[-3,0]],[[9202,8866],[-3,-8],[-3,-7],[-2,-8],[-3,0],[-3,0],[-3,0],[-3,0],[-3,-8],[0,-8],[0,-8],[-2,0],[0,-7],[-3,0],[0,-8],[0,-8],[-3,0],[0,-8],[0,-8],[0,-7],[0,-8],[3,0],[0,-8],[-3,0],[0,-8],[3,0],[0,-8],[3,0],[0,-7],[-3,0]],[[9239,8851],[-3,0],[0,7],[3,0],[-3,8]],[[9236,8866],[-8,-8]],[[9242,8843],[0,8],[-3,0]],[[9239,8851],[0,0]],[[9245,8843],[0,8]],[[9245,8851],[-3,-8]],[[9174,8734],[-3,0]],[[9171,8734],[-3,0]],[[9168,8734],[-3,0]],[[9168,8734],[0,-8],[-3,0],[3,0],[0,-8],[-3,0],[3,0],[-3,0],[0,-8],[-3,0]],[[9162,8710],[0,0]],[[9162,8710],[-2,0]],[[9160,8710],[0,0]],[[9160,8710],[0,-8]],[[9160,8702],[-3,0]],[[9157,8702],[0,0]],[[9157,8702],[-3,0],[0,-8]],[[9676,8913],[3,0]],[[9679,8913],[0,-8],[2,0],[-2,0],[0,-7],[0,-8],[2,0],[3,0],[0,-8],[3,0],[-3,0],[-3,0],[0,-8]],[[9681,8874],[0,0]],[[9681,8874],[-2,0],[0,-8],[-3,0]],[[9676,8866],[-3,0],[-3,0]],[[9670,8866],[-3,-8],[0,-7]],[[9670,8851],[0,-8]],[[9667,8851],[3,0]],[[9670,8843],[-3,0]],[[9667,8843],[-3,0],[0,-8],[0,-8],[3,0],[3,0],[3,-8],[0,-7],[-3,-8]],[[9670,8804],[-3,0]],[[9667,8804],[-3,0],[0,-8],[3,0],[0,-8],[-3,0]],[[9664,8788],[0,0]],[[9664,8788],[-2,0],[0,-8],[-3,0],[-3,0]],[[9656,8780],[0,0]],[[9656,8780],[-3,0],[0,-7],[0,-8],[6,0],[0,-8],[3,0],[2,-8]],[[9667,8749],[0,-8],[-3,0],[0,-7],[3,0],[-3,-8],[3,0],[-3,0],[3,0],[0,-8],[-3,0]],[[9664,8749],[3,0]],[[9664,8718],[-2,0]],[[9662,8718],[-3,0]],[[9659,8718],[0,0]],[[9659,8718],[-3,0],[0,-8],[-3,0]],[[9653,8710],[0,0]],[[9653,8710],[-3,0],[0,-8],[3,0]],[[9656,8702],[3,0],[0,-8]],[[9653,8702],[3,0]],[[9659,8694],[-3,0]],[[9656,8694],[-3,0],[0,-7],[3,0],[3,-8],[-3,0],[3,0],[0,-8]],[[7523,7960],[0,0]],[[7535,7945],[0,7],[-3,0],[-3,0],[0,8],[-3,0]],[[7526,7960],[-3,0]],[[7552,7945],[-3,7],[-3,0],[-3,0]],[[7543,7952],[-3,0],[-2,0],[0,-7],[-3,0]],[[7557,7929],[0,8],[0,8],[0,7]],[[7557,7952],[-2,-7],[-3,0]],[[7557,7929],[-2,-8],[-3,0]],[[7552,7921],[3,0],[-3,0]],[[7552,7921],[-3,0]],[[7549,7921],[0,-8],[-3,0],[0,-8],[-3,0],[0,-7]],[[7543,7898],[-3,0],[3,0]],[[7543,7898],[3,0]],[[7543,7898],[0,0]],[[7549,7898],[0,-8],[-3,0],[0,-8],[-3,-8]],[[7546,7898],[3,0]],[[7560,7859],[3,0],[0,7],[3,0],[0,8],[0,8]],[[7546,7874],[3,0],[0,-8],[3,0],[3,0],[0,-7],[2,0],[3,0]],[[7543,7874],[3,0]],[[7594,7804],[-3,0],[0,8],[-2,8],[-3,0],[0,7],[-3,0],[-3,8],[-3,0],[0,8],[-3,0],[3,0],[-3,8],[-2,0],[2,8],[-2,0],[0,7],[2,0],[-2,8],[-3,0],[-3,8]],[[7591,7788],[6,0],[3,0],[0,8],[-3,0],[0,8],[-3,0]],[[7594,7804],[0,0]],[[7589,7796],[2,-8]],[[7586,7773],[-3,0],[3,0]],[[7586,7773],[0,7],[-3,0],[3,0],[3,0],[0,8],[0,8]],[[7591,7749],[0,8],[-2,0],[2,8],[-2,0],[0,8],[-3,0]],[[7586,7773],[0,0]],[[7523,7960],[-2,0],[0,8]],[[7521,7968],[-3,-8],[-3,0]],[[7515,7960],[0,8],[-3,0]],[[7512,7968],[0,-8],[0,-8],[-3,0],[-3,-7],[3,-8],[3,0],[0,-8],[0,-8]],[[7506,7921],[-2,0]],[[7504,7921],[0,-8],[-3,0]],[[7512,7921],[-3,0]],[[7509,7921],[-3,0]],[[7501,7913],[-3,0],[-3,0],[0,8],[-3,0],[-6,0]],[[7486,7921],[0,-8],[-2,0],[2,-8],[-2,0],[-3,0],[3,-7],[-3,0]],[[7481,7898],[0,-8]],[[7481,7890],[-3,0],[-3,0],[0,-8],[-3,0]],[[7472,7882],[-3,0]],[[7469,7882],[0,-8],[-2,0]],[[7467,7874],[-3,0]],[[7464,7874],[-3,0],[-3,-8]],[[7458,7866],[0,0]],[[7458,7866],[-3,0],[-3,0],[-5,-7],[-3,0]],[[7444,7859],[-3,0]],[[7441,7859],[-3,-16],[-3,0]],[[7435,7843],[0,0]],[[7435,7843],[-2,0],[8,-8]],[[7441,7835],[3,0],[3,0],[0,-8],[3,0],[0,-7],[0,-8],[-3,0]],[[7441,7835],[0,0]],[[7447,7812],[0,0]],[[7447,7812],[-3,0],[-6,0],[-3,-8]],[[9656,9296],[0,-8],[-3,0],[3,0],[-3,0],[0,-8],[3,0],[0,-7],[3,0],[0,-8],[3,0],[5,-8],[-3,0],[0,-8]],[[9664,9249],[-2,0]],[[9662,9249],[-3,0],[3,0]],[[9662,9249],[0,-8],[-3,0],[3,0],[2,-8],[3,0],[0,-7],[-3,0]],[[9664,9226],[-2,0]],[[9662,9226],[0,-8],[2,0],[0,-8],[-2,0],[0,-8],[0,-8],[-3,0],[0,-7],[-3,0]],[[9656,9187],[-6,0],[0,7],[-14,0],[-8,0]],[[9628,9194],[-6,0],[-3,-7],[-3,0],[-31,0],[-3,0],[0,-8]],[[9582,9179],[-3,0],[-3,0]],[[9576,9179],[-2,0],[-12,0],[-3,0],[0,-8],[-2,0],[-9,0],[-6,0],[-2,0],[-3,0],[0,-8],[0,-8],[-3,0],[0,-7]],[[9537,9148],[3,0],[0,-8],[-3,0],[-3,0]],[[9534,9148],[3,0]],[[9534,9140],[-6,0]],[[9528,9140],[-3,0],[-2,0],[0,-8],[0,-8],[2,0],[3,0],[0,-8],[-3,0],[0,-8],[3,0],[3,0],[3,-7],[3,0],[3,-8],[2,0]],[[9542,9093],[3,0],[6,0],[0,-8],[3,0],[0,-8],[3,0],[0,-8],[-3,-7],[-3,0],[-3,-8],[-3,0],[0,-8],[-3,0],[0,-8],[3,0]],[[9542,9093],[0,0]],[[9707,8921],[8,0],[0,-8],[3,0],[3,0],[3,0],[0,-8],[3,0]],[[9727,8905],[-3,0],[3,0]],[[9704,8921],[3,0]],[[9690,8921],[3,0]],[[9681,8913],[3,0],[0,8],[3,0],[3,0]],[[9704,8921],[0,0]],[[9701,8921],[3,0]],[[9696,8921],[2,0]],[[9693,8921],[3,0]],[[9698,8921],[3,0]],[[9698,8921],[0,0]],[[9732,8921],[6,0],[0,-8],[3,0]],[[9727,8905],[3,0],[0,8],[2,8]],[[9679,8913],[2,0]],[[9744,8913],[3,0]],[[9744,8905],[0,8]],[[9741,8913],[0,-8],[3,0]],[[9741,8913],[0,0]],[[9749,8913],[0,-8],[3,-7],[3,0]],[[9755,8898],[-3,0],[3,0]],[[9747,8913],[2,0]],[[9792,8898],[3,0],[0,-8],[3,0],[2,0],[3,-8],[3,0],[0,-8]],[[9781,8890],[2,0],[3,0],[0,8],[3,0],[3,0]],[[9764,8898],[2,0]],[[9758,8898],[3,0],[3,0]],[[9766,8898],[3,0],[6,0]],[[9766,8898],[0,0]],[[9758,8898],[0,0]],[[9755,8898],[3,0]],[[9778,8898],[3,-8]],[[9775,8898],[3,0]],[[9809,8882],[0,-8]],[[9809,8874],[3,0],[3,0]],[[9806,8874],[3,0]],[[9820,8874],[3,0],[3,0]],[[9818,8874],[2,0]],[[9826,8874],[3,0],[3,-8],[3,0],[2,0],[0,-8],[0,-7],[3,0],[6,0],[3,-8]],[[9826,8874],[0,0]],[[9818,8874],[0,0]],[[9815,8874],[3,0]],[[9849,8851],[3,0]],[[9849,8843],[0,8]],[[9852,8851],[0,-8],[2,0],[-2,0],[2,0],[3,0],[0,-8],[3,0],[-3,0],[3,-8],[0,-8],[-3,0],[-3,0],[0,-7],[-2,0]],[[9852,8851],[0,0]],[[9852,8812],[0,0]],[[9852,8812],[-3,0],[-3,0],[0,-8],[-3,0],[-3,0],[0,-8],[-3,0],[0,-8]],[[9837,8788],[-2,0]],[[9835,8788],[0,0]],[[9835,8788],[-3,0]],[[9832,8788],[0,-8],[-3,0],[3,-7]],[[9832,8773],[3,0],[2,0],[3,0],[0,-8]],[[9832,8773],[0,0]],[[9846,8773],[3,0],[0,-8],[3,0],[2,0],[0,-8],[3,0],[3,0],[0,-8],[3,0],[3,0],[3,0]],[[9840,8765],[3,8],[3,0]],[[9871,8749],[3,0],[-3,-8],[0,-7],[3,0],[-3,0],[0,-8],[3,0],[3,0],[0,-8],[3,0]],[[9871,8749],[0,0]],[[9869,8749],[2,0]],[[9869,8749],[0,0]],[[9976,8734],[3,0],[3,0],[0,-8]],[[9973,8734],[3,0]],[[9971,8734],[2,0]],[[9962,8726],[6,8],[3,0]],[[9931,8734],[3,0],[0,-8],[3,0]],[[9928,8726],[0,8],[3,0]],[[9985,8734],[3,0],[0,-8],[0,-8],[-3,0],[3,-8],[0,-8],[2,0]],[[9985,8726],[0,8]],[[9982,8726],[3,0]],[[9982,8726],[0,0]],[[9942,8726],[6,0],[3,-8],[3,0]],[[9937,8726],[2,0],[3,0]],[[9925,8726],[3,0]],[[9914,8718],[3,0],[0,8],[3,0],[2,0],[3,0]],[[9959,8726],[3,0]],[[9956,8726],[3,0]],[[9954,8726],[2,0]],[[9954,8718],[0,8]],[[9905,8726],[3,0]],[[9908,8726],[-3,-8]],[[9905,8718],[3,0]],[[9903,8718],[2,0]],[[9905,8718],[0,8]],[[9911,8726],[0,-8],[3,0]],[[9908,8718],[0,8]],[[9908,8726],[3,0]],[[9903,8718],[0,0]],[[9894,8710],[3,0],[0,8],[6,0]],[[9903,8718],[-3,0],[3,0]],[[9883,8718],[3,0]],[[9880,8718],[3,0]],[[9888,8718],[3,0],[3,0],[0,-8]],[[9886,8718],[2,0]],[[9993,8702],[0,-8],[3,0],[3,0],[-3,-7],[3,0],[-3,0],[0,-8],[3,0]],[[9990,8702],[3,0]],[[9545,9038],[0,0]],[[9585,8968],[-3,0],[-3,8],[-8,7],[-3,0],[-11,0],[0,8],[0,8],[2,0],[0,8],[3,0],[0,8],[3,0],[0,8],[-6,7],[-2,0],[-3,0],[-6,8]],[[9548,9038],[-3,0]],[[9608,8937],[-6,7],[-3,0],[0,8],[-3,0],[-3,0],[0,8],[0,8],[-2,0],[-3,0]],[[9588,8968],[-3,0]],[[9653,8905],[0,8],[-3,0],[-8,0],[-3,0],[0,8],[-3,0],[0,8],[-3,0],[-5,8],[-3,0],[-9,7]],[[9616,8944],[-8,-7]],[[9676,8913],[0,-8],[-3,0],[0,-7]],[[9673,8898],[-9,7],[-2,0],[-3,8]],[[9659,8913],[-6,-8]],[[8394,8413],[-3,0]],[[8391,8413],[0,0]],[[8400,8405],[-3,0],[0,8],[-3,0]],[[8394,8413],[0,0]],[[8391,8413],[-3,0]],[[8388,8413],[-3,0],[-2,-8],[0,-7],[2,0],[0,-8],[-2,0]],[[8411,8398],[-3,7],[-3,0],[0,8],[-3,0],[-2,0]],[[8400,8413],[0,-8]],[[8428,8398],[-3,0]],[[8425,8398],[-6,0],[-2,0],[-3,0]],[[8414,8398],[-3,0]],[[8411,8398],[0,0]],[[8383,8390],[-3,8]],[[8380,8398],[0,-8],[0,-8],[0,-8],[-3,0]],[[8377,8374],[0,-8]],[[8377,8374],[-3,-8]],[[8374,8366],[-3,0]],[[8374,8366],[0,-7],[-3,0],[0,-8]],[[8374,8351],[3,0],[0,-8],[0,-8],[3,-8]],[[8371,8351],[3,0]],[[8380,8327],[0,-8],[3,0]],[[8380,8327],[0,0]],[[8385,8327],[3,0],[3,0],[0,-8],[-3,0],[-3,0],[0,-7],[3,0],[0,-8],[-3,0],[0,-8]],[[8383,8319],[0,8],[2,0]],[[8340,8296],[-3,0],[-5,8]],[[8380,8288],[0,8],[-3,0]],[[8377,8296],[3,0],[-3,0]],[[8377,8296],[-3,0],[0,-8],[-3,0]],[[8385,8296],[-2,0]],[[8383,8296],[0,-8],[-3,0]],[[8346,8288],[-3,0],[0,8],[-3,0]],[[8340,8296],[0,0]],[[8357,8280],[0,8],[-3,0],[-3,0]],[[8351,8288],[-2,0],[-3,0]],[[8371,8288],[0,0]],[[8371,8288],[-3,0]],[[8368,8288],[0,0]],[[8368,8288],[-5,-8]],[[8363,8280],[0,8],[-3,0]],[[8360,8288],[0,-8],[-3,0]],[[8428,8398],[3,0],[0,-8],[-3,0],[3,-8],[-3,0],[0,-8],[0,-8],[-3,-7],[3,0],[3,0],[0,-8],[-3,0],[0,-8],[3,0]],[[8436,8351],[3,0],[0,-8],[-3,0],[0,-8],[3,0]],[[8431,8343],[3,8],[2,0]],[[8439,8335],[0,-8],[3,0],[0,-8],[3,0],[0,-7],[-3,0],[0,-8],[3,0],[3,0],[0,-8],[3,0]],[[8439,8335],[0,0]],[[8451,8296],[-6,-8],[0,-8]],[[8448,8280],[0,0]],[[8445,8280],[3,0]],[[8448,8280],[3,0],[-3,-7],[3,0],[0,-8],[2,0],[3,0],[3,0]],[[8462,8265],[0,-8],[3,0],[0,-8],[3,0]],[[8459,8265],[3,0]],[[8468,8249],[0,-8]],[[8468,8249],[0,0]],[[8468,8241],[0,0]],[[8468,8241],[-3,0]],[[8465,8241],[0,0]],[[8465,8241],[-3,0]],[[8462,8241],[-3,0]],[[8459,8241],[0,-7],[-3,0]],[[8456,8234],[0,0]],[[8456,8234],[0,-8],[3,0],[-3,-8],[3,0]],[[8482,8226],[3,0]],[[8465,8218],[3,0],[3,0],[2,0],[3,8],[3,0],[3,0]],[[8488,8226],[2,0],[0,-8],[0,-8],[3,0],[-3,0],[0,-8],[0,-8],[3,0],[-3,0],[0,-7],[3,0]],[[8485,8226],[3,0]],[[8462,8218],[3,0]],[[8459,8218],[3,0]],[[8505,8194],[0,0]],[[8496,8187],[3,0],[3,7],[3,0]],[[8507,8194],[0,-7],[3,0],[0,-8],[0,-8],[-3,0],[3,0],[0,-8],[-3,0],[3,0],[-3,-8],[3,0],[-3,-7],[3,0],[-3,0],[0,-8],[-2,0],[-3,-8]],[[8502,8132],[0,-8]],[[8505,8194],[2,0]],[[8496,8187],[0,0]],[[8493,8187],[3,0]],[[8507,8132],[0,-8],[0,-8],[3,0],[0,-7],[3,0],[0,-8],[-3,0],[-3,0]],[[8502,8132],[3,0],[2,0]],[[8507,8101],[-2,0]],[[8505,8101],[-3,0],[0,-8],[3,0],[-3,0],[0,-8],[3,0],[0,-8],[-3,0],[-3,0],[0,-7],[3,0]],[[8505,8070],[0,-8],[2,-8],[0,-8],[3,0],[0,-8],[-3,0],[3,0],[0,-8],[0,-7]],[[8502,8070],[3,0]],[[6270,7945],[3,0]],[[6267,7945],[3,0]],[[6256,7882],[0,8],[3,8],[2,0],[0,7],[0,8],[3,0],[0,8],[-3,0],[3,0],[0,8],[3,0],[0,8],[0,8]],[[6378,7960],[-3,0],[0,8],[-3,0]],[[6372,7968],[-3,0],[-3,0]],[[6366,7968],[-2,0]],[[6364,7968],[0,-8],[-3,0]],[[6361,7960],[0,0]],[[6361,7960],[-3,0]],[[6358,7960],[0,-8]],[[6358,7952],[-3,0],[0,-7]],[[6327,7937],[0,8],[-3,0],[-3,0],[0,7],[-3,0],[-3,0],[-3,8]],[[6312,7960],[0,-8],[0,-7]],[[6355,7945],[-3,0],[-3,0],[0,7],[-2,0]],[[6347,7952],[0,0]],[[6347,7952],[-3,0]],[[6344,7952],[-3,0],[0,-7],[-3,0]],[[6281,7945],[-3,0],[-2,7]],[[6276,7952],[0,-7],[-3,0]],[[6307,7937],[-3,0],[-6,0],[0,8],[-3,0],[-2,0],[-3,0]],[[6290,7945],[-3,0]],[[6312,7945],[0,0]],[[6312,7945],[-2,0],[-3,-8]],[[6287,7945],[-3,0]],[[6284,7945],[-3,0]],[[6332,7945],[-3,0]],[[6329,7945],[0,-8],[-2,0]],[[6338,7945],[0,0]],[[6338,7945],[-3,0],[-3,0]],[[6420,7976],[3,0]],[[6417,7976],[3,0]],[[6415,7976],[2,0]],[[6409,7968],[3,0],[3,0],[-3,0],[0,8],[3,0]],[[6409,7968],[0,0]],[[6403,7960],[3,0],[0,8],[3,0]],[[6381,7960],[2,0],[3,0]],[[6378,7960],[3,0]],[[6400,7960],[3,0]],[[6389,7960],[6,0],[3,0],[2,0]],[[6389,7960],[0,0]],[[6386,7960],[3,0]],[[6423,7976],[0,-8]],[[6426,7968],[3,-8]],[[6423,7968],[3,0]],[[6432,7960],[2,0],[0,-8],[3,0]],[[6437,7952],[0,-7]],[[6429,7960],[3,0]],[[6446,7952],[3,0],[2,0],[0,-7]],[[6451,7945],[-2,0]],[[6446,7952],[0,0]],[[6443,7952],[3,0]],[[6440,7952],[3,0]],[[6440,7952],[0,0]],[[6437,7952],[3,0]],[[6451,7945],[3,-8]],[[6457,7945],[0,-8],[3,0]],[[6460,7937],[-3,0],[3,0]],[[6454,7937],[0,8],[3,0]],[[6460,7937],[3,-8],[5,0]],[[6460,7937],[0,0]],[[6468,7929],[3,0],[3,-8],[0,-8]],[[6468,7929],[0,0]],[[6477,7921],[0,-8]],[[6477,7913],[3,0],[3,0],[2,0],[3,0],[0,-8],[0,-7],[3,0]],[[6474,7913],[3,0]],[[6474,7913],[0,0]],[[9041,8741],[2,0],[0,-7],[3,0]],[[9038,8726],[3,8],[-3,0],[3,0],[0,7]],[[9046,8734],[3,0]],[[9046,8734],[0,0]],[[9049,8734],[3,0],[0,-8]],[[9049,8734],[0,0]],[[9055,8726],[0,0]],[[9052,8726],[3,0]],[[9058,8726],[2,-8],[3,0],[0,-8],[3,0],[0,-8],[3,0],[3,0]],[[9055,8726],[3,0]],[[9035,8726],[3,0]],[[9023,8694],[3,0],[3,0],[0,8],[0,8],[0,8],[0,8],[3,0],[3,0]],[[9111,8702],[3,0],[3,-8]],[[9103,8687],[3,0],[0,7],[3,0],[0,8],[2,0]],[[9072,8702],[3,0],[-3,0]],[[9072,8702],[0,-8],[3,0]],[[9072,8702],[0,0]],[[9080,8702],[3,0],[0,-8],[3,0],[3,0],[0,-7]],[[9077,8694],[3,8]],[[9140,8671],[0,8],[3,0],[2,0],[3,0],[0,8],[3,0],[-3,0],[3,0],[0,7],[3,0]],[[9117,8694],[3,0]],[[9117,8694],[0,0]],[[9123,8694],[0,-7],[3,0]],[[9120,8694],[3,0]],[[9075,8694],[2,0]],[[9075,8694],[0,0]],[[9131,8694],[3,0],[-3,-7],[3,0],[-3,-8],[0,-8],[3,0]],[[9128,8694],[3,0]],[[9021,8694],[2,0]],[[9006,8655],[3,0],[0,8],[3,0],[0,8],[3,0],[3,8],[3,0],[0,8],[0,7]],[[9097,8694],[0,0]],[[9089,8687],[3,0],[2,0],[0,7],[3,0]],[[9097,8694],[3,0],[0,-7]],[[9128,8694],[0,0]],[[9126,8687],[2,0],[0,7]],[[9100,8687],[3,0]],[[9100,8687],[0,0]],[[9137,8671],[3,0]],[[9137,8671],[0,0]],[[9134,8671],[3,0]],[[9004,8655],[2,0]],[[8998,8648],[3,0],[0,7],[3,0]],[[8995,8648],[3,0]],[[8989,8640],[3,0],[0,8],[3,0]],[[8995,8648],[-3,0],[3,0]],[[8984,8640],[3,0]],[[8981,8624],[0,8],[3,0],[-3,0],[0,8],[3,0]],[[8987,8640],[2,0]],[[8987,8640],[0,0]],[[8978,8624],[3,0]],[[8975,8624],[3,0]],[[8972,8624],[3,0]],[[8970,8515],[2,0],[-2,0]],[[8970,8515],[0,8],[0,7],[2,0],[0,8],[-2,0],[2,8],[-2,0],[0,8],[0,8],[2,0],[0,7],[0,8],[-2,0],[2,0],[0,8],[3,0],[0,8],[-3,0],[0,8],[-2,0],[0,8],[0,7],[2,0],[0,8]],[[8964,8523],[0,-8]],[[8961,8515],[0,8]],[[8961,8523],[3,0]],[[8958,8523],[3,0]],[[8947,8499],[3,8],[-3,0]],[[8947,8507],[3,0],[3,8],[5,8]],[[8967,8515],[3,0]],[[8964,8515],[3,0]],[[8947,8507],[0,-8]],[[8941,8491],[0,8],[3,0],[3,8]],[[8902,8499],[2,0],[3,0],[3,-8]],[[8882,8468],[3,0],[0,8],[2,0],[0,8],[3,0],[0,7],[3,0],[3,8],[3,0],[3,0]],[[8938,8499],[3,-8]],[[8936,8491],[2,0],[0,8]],[[8916,8491],[3,0]],[[8913,8491],[3,0]],[[8936,8491],[0,0]],[[8927,8491],[3,0],[6,0]],[[8910,8491],[3,0]],[[8910,8491],[0,0]],[[8919,8491],[2,0]],[[8919,8491],[0,0]],[[8924,8491],[3,0]],[[8921,8491],[3,0]],[[8839,8484],[0,-8],[6,0]],[[8831,8476],[2,0],[0,8],[3,0],[3,0]],[[8851,8484],[2,-8],[3,0],[3,0]],[[8848,8476],[3,8]],[[8848,8476],[0,0]],[[8845,8476],[3,0]],[[8828,8476],[3,0]],[[8828,8476],[0,0]],[[8870,8476],[3,0],[0,-8],[3,0]],[[8865,8468],[0,8]],[[8865,8476],[3,0],[2,0]],[[8825,8476],[3,0]],[[8819,8468],[3,8],[3,0]],[[8862,8476],[3,0]],[[8859,8476],[3,0]],[[8876,8476],[3,0],[0,-8],[3,0]],[[8876,8468],[0,8]],[[8819,8468],[0,0]],[[8816,8452],[3,8],[-3,0],[3,0],[0,8]],[[8819,8468],[-3,0],[3,0]],[[8814,8452],[2,0]],[[8805,8421],[0,8],[3,0],[3,0],[0,8],[-3,0],[3,0],[0,7],[-3,0],[3,0],[0,8],[3,0]],[[8802,8421],[3,0]],[[8799,8421],[3,0]],[[8797,8421],[2,0]],[[8799,8398],[0,7],[0,8],[0,8]],[[8797,8405],[0,-7]],[[8797,8398],[2,0]],[[8797,8382],[0,8],[-3,0]],[[8794,8390],[0,8],[3,0]],[[8780,8398],[2,0]],[[8788,8374],[-3,0],[-3,8],[0,8],[-2,0],[0,8]],[[8782,8398],[3,0]],[[8782,8398],[0,0]],[[8785,8398],[0,-8],[3,0]],[[8785,8398],[0,0]],[[8788,8390],[3,0],[3,0]],[[8794,8390],[0,-8],[3,0]],[[8788,8390],[0,0]],[[8788,8366],[0,8]],[[8788,8374],[0,0]],[[8794,8351],[0,8],[0,7],[-3,0],[-3,0]],[[8788,8366],[0,0]],[[8791,8351],[3,0]],[[8788,8351],[3,0]],[[8785,8351],[3,0]],[[8782,8327],[0,8],[0,8],[3,0],[0,8]],[[8774,8327],[3,-8]],[[8771,8319],[0,8],[3,0]],[[8780,8327],[2,0]],[[8780,8319],[0,8]],[[8777,8327],[3,-8]],[[8777,8319],[0,8]],[[8768,8319],[3,0]],[[8771,8312],[0,7]],[[8774,8312],[0,7]],[[8774,8319],[-3,0]],[[8782,8296],[-2,8],[-3,0],[0,8],[3,0],[-6,0]],[[8774,8312],[0,0]],[[8788,8280],[0,8],[-3,0],[0,8],[-3,0]],[[8782,8296],[0,8]],[[8788,8280],[0,0]],[[8785,8265],[-3,0]],[[8785,8265],[0,8],[0,7],[3,0]],[[8780,8265],[2,0]],[[8777,8257],[0,8]],[[8777,8265],[3,0]],[[8782,8265],[0,0]],[[8774,8265],[3,0]],[[8763,8202],[0,8],[0,8],[0,8],[2,0],[0,8],[0,7],[3,0],[0,8],[0,8],[3,8],[3,0]],[[8785,8265],[0,0]],[[8805,8202],[3,0]],[[8802,8202],[3,0]],[[8799,8202],[3,0]],[[8797,8194],[0,8],[2,0]],[[8808,8202],[0,-8],[3,0],[3,0],[-3,-7],[3,0],[0,-8]],[[8814,8179],[2,0]],[[8808,8202],[0,0]],[[8763,8202],[2,0],[0,-8],[3,0]],[[8794,8202],[3,-8]],[[8788,8194],[3,0],[0,8],[3,0]],[[8782,8202],[6,-8]],[[8782,8194],[0,8]],[[8777,8194],[3,0],[2,0]],[[8774,8194],[3,0]],[[8771,8194],[3,0]],[[8768,8194],[3,0]],[[8816,8179],[3,0]],[[8816,8179],[0,0]],[[8816,8171],[-2,0]],[[8814,8171],[0,8]],[[8814,8171],[-3,-8]],[[8816,8179],[0,-8]],[[8808,8163],[-3,0]],[[8805,8163],[-3,0],[0,-8],[3,0],[-3,-7]],[[8811,8163],[-3,0]],[[8808,8163],[0,0]],[[8802,8148],[-5,0]],[[8797,8148],[-3,0],[0,-8],[-3,0]],[[8791,8140],[-3,0]],[[8788,8140],[0,-8],[-3,0]],[[8785,8132],[-3,0]],[[8782,8132],[0,-8],[-2,0]],[[8780,8124],[0,0]],[[8780,8124],[-3,0]],[[8777,8124],[0,0]],[[8777,8124],[-3,0],[0,-8],[-3,0],[0,-7],[0,-8],[-3,-8],[-3,0]],[[8765,8093],[-2,0]],[[8763,8093],[-3,0]],[[8760,8093],[0,0]],[[8760,8093],[-3,0],[0,-8],[-3,0],[-3,-8],[0,-7],[-3,-8],[3,0]],[[8751,8062],[3,0]],[[8751,8062],[0,0]],[[8754,8062],[3,0],[3,-8],[3,0]],[[8754,8062],[0,0]],[[8768,8054],[3,0],[3,0]],[[8763,8054],[2,0],[3,0]],[[8774,8054],[3,0],[0,-8],[3,0],[-3,-8],[3,0],[0,-8],[0,-7],[0,-8],[0,-8]],[[8780,8007],[-3,0],[3,0]],[[8774,8054],[0,0]],[[8868,8038],[2,0],[0,-8],[3,0]],[[8873,8030],[-3,0],[3,0]],[[8862,8030],[3,0],[-3,0]],[[8862,8030],[0,8],[3,0],[3,0]],[[8839,8030],[3,0]],[[8836,8030],[3,0]],[[8862,8030],[0,0]],[[8859,8030],[3,0]],[[8859,8030],[0,0]],[[8856,8030],[3,0]],[[8856,8030],[0,0]],[[8836,8030],[0,0]],[[8828,8015],[0,8],[3,7],[2,0],[3,0]],[[8845,8030],[0,0]],[[8842,8030],[3,0]],[[8873,8030],[3,-7]],[[8873,8030],[0,0]],[[8851,8023],[2,0],[0,7],[3,0]],[[8848,8030],[3,-7]],[[8845,8030],[3,0]],[[8876,8023],[-3,0]],[[8873,8023],[0,-8],[3,0],[3,0],[-3,-8],[-3,-8]],[[8873,7999],[3,0],[-3,0]],[[8825,8015],[3,0]],[[8822,8015],[3,0]],[[8822,8015],[0,0]],[[8819,8007],[0,8],[3,0]],[[8814,8015],[0,-8]],[[8805,8007],[6,0],[0,8],[3,0]],[[8805,8007],[0,0]],[[8799,8007],[3,0],[3,0]],[[8816,8007],[3,0]],[[8814,8007],[2,0]],[[8788,8007],[3,0],[-3,0]],[[8788,8007],[3,-8]],[[8780,8007],[2,0],[3,0],[3,0]],[[8797,8007],[2,0]],[[8794,7999],[0,8],[3,0]],[[8791,7999],[3,0]],[[8791,7999],[0,0]],[[8873,7999],[0,0]],[[8873,7999],[0,-8],[-3,0],[0,-7]],[[8870,7984],[0,0]],[[8870,7984],[-2,0],[0,-8],[2,0],[0,-8]],[[8870,7968],[3,0],[0,-8],[-3,0]],[[8870,7968],[0,0]],[[8833,7968],[0,0]],[[8833,7968],[-2,0],[0,-8],[-3,0],[3,0],[-3,0],[3,0],[0,-8],[-3,0],[0,-7],[3,0],[0,-8],[2,0],[0,-8],[-2,0],[-3,0]],[[8845,7960],[-3,0],[-3,0],[-3,0],[0,8]],[[8836,7968],[-3,0]],[[8870,7960],[0,0]],[[8870,7960],[-2,0],[0,-8],[2,0],[-2,-7]],[[8848,7952],[-3,0],[0,8]],[[8845,7960],[0,0]],[[8853,7952],[-2,0]],[[8851,7952],[-3,0]],[[8865,7945],[0,7],[-6,0],[-3,0]],[[8856,7952],[-3,0]],[[8868,7945],[0,0]],[[8868,7945],[-3,0]],[[8819,7929],[-3,0]],[[8816,7929],[0,-8],[-2,0],[-3,0]],[[8828,7929],[-3,0]],[[8825,7929],[0,0]],[[8825,7929],[-3,0]],[[8822,7929],[0,0]],[[8822,7929],[-3,0]],[[8811,7921],[0,0]],[[8811,7921],[-3,-8]],[[8808,7913],[0,0]],[[8808,7913],[-3,0],[0,-8],[-3,-7]],[[8802,7898],[-3,0]],[[8799,7898],[-2,0]],[[8797,7898],[0,0]],[[8797,7898],[-3,0],[0,-8]],[[8794,7890],[-3,0]],[[8791,7890],[0,8]],[[8791,7890],[-3,0],[-3,0],[-3,0]],[[8782,7890],[-5,0]],[[8777,7890],[0,-8],[0,-8],[3,0],[-3,0],[3,0],[0,-8],[0,-7]],[[8780,7859],[-3,0],[0,7]],[[8777,7866],[-3,0],[-3,-7],[0,-8]],[[8771,7851],[-3,8]],[[8768,7859],[0,-8],[-3,0],[0,-8],[-2,-8]],[[8763,7835],[-3,0]],[[8760,7835],[0,-8],[-3,-7],[0,-8]],[[8757,7812],[-3,0],[3,-8]],[[8763,7812],[2,-8],[0,-8],[-2,0],[0,-8],[2,0]],[[8763,7812],[0,0]],[[8760,7812],[0,0]],[[8757,7804],[0,8]],[[8757,7812],[3,0]],[[8760,7812],[3,0]],[[8768,7788],[3,0]],[[8771,7788],[0,-8]],[[8768,7788],[0,0]],[[8765,7788],[3,0]],[[8774,7788],[0,-8],[3,-7],[3,0],[0,-8],[-3,0]],[[8774,7788],[0,0]],[[8771,7788],[3,0]],[[8777,7765],[0,0]],[[8777,7765],[-3,0],[0,-8]],[[8777,7757],[0,0]],[[8774,7757],[3,0]],[[8777,7757],[3,0],[0,-8],[0,-8],[0,-7],[-3,0]],[[8777,7734],[0,0]],[[8777,7734],[0,-8],[3,0],[0,-8],[0,-8],[-3,-15]],[[9168,8694],[-3,0],[-3,0],[0,8],[-2,0]],[[9157,8702],[-3,-8]],[[9185,8694],[0,8],[-3,0]],[[9182,8702],[0,-8],[-3,0],[-2,0]],[[9191,8687],[0,7],[-3,0]],[[9188,8694],[-3,0]],[[9177,8694],[-3,0],[-3,0]],[[9171,8694],[-3,0]],[[9196,8687],[-2,0],[0,7]],[[9194,8694],[-3,-7]],[[9211,8648],[-3,0],[0,7],[0,8],[0,8],[-3,0],[-3,0],[0,8],[-3,0],[0,8],[-3,0]],[[9196,8687],[0,0]],[[9208,8609],[3,0],[0,7],[0,8],[0,8],[2,0],[-2,0],[0,8],[0,8]],[[9211,8648],[2,0]],[[9205,8616],[3,0],[0,-7]],[[9199,8593],[3,0],[3,0],[-3,8],[3,0],[0,8],[0,7]],[[9194,8593],[0,0]],[[9185,8585],[3,0],[0,8],[3,0],[3,0]],[[9194,8593],[2,0],[3,0]],[[9185,8585],[0,0]],[[9185,8554],[-3,0],[-3,8],[0,7],[-2,0],[0,8],[2,0],[0,8],[3,0],[3,0]],[[9205,8546],[0,8],[-3,0],[0,8]],[[9202,8562],[-3,0]],[[9199,8562],[-3,0]],[[9196,8562],[0,-8],[-2,0],[-6,0],[-3,0]],[[9205,8546],[0,0]],[[9213,8530],[-2,8],[-3,0],[3,0],[0,8],[-3,0]],[[9208,8546],[-3,0]],[[9219,8491],[3,0],[0,8],[0,8],[3,0],[0,8],[-3,0],[0,8],[0,7],[-3,0]],[[9219,8530],[-3,0],[-3,0]],[[9219,8491],[0,0]],[[9216,8491],[3,0]],[[8972,7632],[3,0]],[[8964,7624],[3,0],[3,0],[0,8],[2,0]],[[8975,7632],[0,0]],[[8978,7632],[0,-8],[0,-8],[3,0]],[[8975,7632],[3,0]],[[8964,7624],[0,0]],[[8958,7616],[3,0],[0,8],[3,0]],[[8955,7616],[0,0]],[[8953,7616],[2,0]],[[8953,7616],[0,0]],[[8953,7593],[-3,0]],[[8950,7593],[0,8],[-3,0],[-3,8],[3,0],[0,7],[3,0],[3,0]],[[8958,7616],[0,0]],[[8955,7616],[3,0]],[[8984,7616],[0,-7]],[[8981,7616],[3,0]],[[8984,7609],[-3,0]],[[8981,7609],[0,-8],[3,0],[0,-8],[3,0],[0,-8]],[[8950,7585],[-3,0],[3,0]],[[8950,7585],[0,8]],[[8958,7577],[-3,0],[0,8],[-2,0]],[[8953,7585],[-3,0]],[[8987,7585],[0,0]],[[8987,7585],[-3,-8]],[[8984,7577],[0,0]],[[8984,7577],[-3,0],[-3,0],[0,-7],[3,0]],[[8964,7577],[-3,0]],[[8961,7577],[0,0]],[[8961,7577],[-3,0]],[[8958,7577],[0,0]],[[8964,7570],[0,7]],[[8964,7577],[3,0],[-3,0]],[[8964,7577],[0,0]],[[8981,7570],[0,-8]],[[8981,7570],[0,0]],[[8964,7570],[0,0]],[[8964,7554],[0,8]],[[8964,7562],[3,0],[0,8]],[[8967,7570],[-3,0]],[[8981,7562],[3,-8]],[[8981,7562],[0,0]],[[8987,7562],[2,0],[3,-8]],[[8984,7554],[3,0],[0,8]],[[8955,7546],[3,0],[0,8],[3,0],[3,8]],[[8955,7546],[0,0]],[[8947,7538],[3,0],[3,0],[0,8],[2,0]],[[8938,7546],[3,0]],[[8941,7546],[0,-8]],[[8933,7515],[0,8],[3,0],[-3,0],[0,7],[3,0],[-3,8],[3,0],[2,8]],[[8944,7546],[0,-8],[3,0]],[[8941,7546],[3,0]],[[8882,7538],[3,0]],[[8879,7530],[0,8],[3,0]],[[8885,7538],[2,-8],[3,0],[0,-7],[0,-8]],[[8885,7538],[0,0]],[[8876,7538],[0,-8]],[[8873,7530],[3,8]],[[8876,7530],[3,0]],[[8876,7530],[0,0]],[[8873,7530],[0,0]],[[8868,7530],[2,0],[3,0]],[[8868,7530],[0,0]],[[8865,7523],[3,0],[0,7]],[[8896,7523],[0,-8]],[[8890,7515],[3,0],[0,8],[3,0]],[[8865,7523],[0,0]],[[8859,7499],[3,0],[3,0],[0,8],[-3,0],[0,8],[3,8]],[[8899,7523],[0,-8],[3,0],[-3,0],[3,0],[0,-8],[2,0]],[[8896,7515],[3,8]],[[8930,7515],[3,0]],[[8924,7507],[3,0],[0,8],[3,0]],[[8910,7515],[0,-8]],[[8910,7507],[3,0],[3,0],[3,0]],[[8904,7507],[3,0],[3,0]],[[8921,7507],[0,0]],[[8919,7507],[2,0]],[[8921,7507],[3,0]],[[8859,7499],[0,0]],[[8856,7491],[0,8],[3,0]],[[8853,7499],[3,-8]],[[8851,7491],[2,0],[0,8]],[[8851,7491],[0,0]],[[8774,7695],[0,7],[-3,0]],[[8771,7702],[0,-7],[-3,0],[0,-8],[-3,0],[0,-8],[-2,0]],[[8777,7695],[0,7]],[[8777,7702],[-3,-7]],[[8763,7679],[-3,0]],[[8760,7679],[-3,-8],[-3,0]],[[8808,7702],[-3,0],[0,8],[-3,0],[-3,8],[-2,0]],[[8797,7718],[0,-8],[-3,0],[3,0],[-3,0],[0,-8],[0,-7]],[[8816,7695],[0,7]],[[8816,7702],[-2,0]],[[8794,7695],[-3,7],[-3,0]],[[8788,7702],[-6,0],[-2,-7]],[[8814,7702],[-3,0]],[[8811,7702],[-3,0]],[[8825,7695],[-3,0],[-3,0]],[[8819,7695],[-3,0]],[[8780,7695],[-3,0]],[[8848,7648],[0,7],[-3,0],[0,8],[-14,0],[0,16],[-3,8],[0,8]],[[8828,7695],[-3,0]],[[8862,7655],[0,0]],[[8862,7655],[-3,0]],[[8859,7655],[0,0]],[[8865,7648],[0,7],[-3,0]],[[8859,7655],[-3,0]],[[8856,7655],[-3,-7]],[[8868,7648],[-3,0]],[[8865,7648],[0,0]],[[8851,7648],[0,0]],[[8851,7648],[-3,0]],[[8853,7648],[-2,0]],[[8853,7648],[0,0]],[[8876,7648],[0,0]],[[8876,7648],[-3,0],[-3,0]],[[8879,7648],[-3,0]],[[8870,7648],[0,0]],[[8870,7648],[-2,0]],[[8873,7632],[3,0],[0,8],[3,0],[0,8]],[[8879,7648],[0,0]],[[8868,7632],[2,0],[3,0]],[[8862,7632],[3,0],[3,0]],[[8340,8319],[3,0]],[[8337,8319],[3,0]],[[8337,8319],[0,0]],[[8332,8312],[0,7],[2,0],[3,0]],[[8343,8319],[3,0],[0,-7],[-3,0],[-3,0],[-6,-8],[-2,0]],[[8343,8319],[0,0]],[[8329,8312],[3,0]],[[8326,8312],[3,0]],[[8315,8312],[2,0]],[[8306,8280],[0,8],[3,0],[0,8],[3,0],[0,8],[3,0],[-3,0],[3,8]],[[8317,8312],[0,0]],[[8317,8312],[3,0],[3,0]],[[8326,8312],[0,0]],[[8323,8312],[3,0]],[[8212,8312],[3,0],[0,-8],[3,0],[3,0],[0,-8]],[[8204,8288],[0,8],[3,0],[3,0],[-3,0],[0,8],[3,0],[0,8],[2,0]],[[8323,8312],[0,0]],[[8173,8304],[3,0],[0,-8]],[[8170,8304],[3,0]],[[8170,8304],[0,0]],[[8167,8296],[3,0],[0,8]],[[8246,8304],[0,-8],[0,-8],[3,0],[3,-8],[3,0]],[[8238,8296],[3,0],[3,0],[2,8]],[[8224,8296],[5,0],[3,0],[6,0]],[[8221,8296],[3,0]],[[8178,8296],[3,0],[3,0]],[[8176,8296],[2,0]],[[8167,8296],[0,0]],[[8161,8280],[3,0],[0,8],[3,0],[0,8]],[[8184,8296],[0,-8],[3,0]],[[8184,8296],[0,0]],[[8193,8296],[0,-8],[2,0]],[[8187,8288],[3,0],[3,8]],[[8198,8296],[3,-8],[3,0]],[[8195,8288],[0,8],[3,0]],[[8156,8280],[3,0],[2,0]],[[8156,8280],[0,0]],[[8153,8280],[3,0]],[[8147,8280],[3,0],[3,0]],[[8303,8280],[3,0]],[[8300,8280],[3,0]],[[8298,8280],[2,0]],[[8295,8280],[3,0]],[[8292,8280],[3,0]],[[8281,8265],[2,0],[0,8],[3,0],[0,7],[3,0],[3,0]],[[8255,8280],[3,0],[0,-7],[3,0]],[[8255,8280],[0,0]],[[8269,8280],[9,-7],[3,-8]],[[8266,8273],[3,0],[0,7]],[[8144,8280],[3,0]],[[8142,8273],[2,0],[0,7]],[[8263,8273],[3,0]],[[8261,8273],[2,0]],[[8266,8273],[0,0]],[[8142,8273],[0,0]],[[8139,8273],[3,0]],[[8136,8273],[3,0]],[[8133,8273],[3,0]],[[8133,8273],[0,0]],[[8130,8249],[0,8],[0,8],[3,0],[0,8]],[[8133,8249],[-3,0]],[[8130,8249],[0,0]],[[8133,8241],[0,8]],[[8133,8249],[0,0]],[[8147,8226],[-3,0],[-2,0],[0,8],[-3,0],[0,7],[-3,0]],[[8136,8241],[0,8]],[[8136,8241],[-3,0]],[[8147,8218],[0,8]],[[8147,8226],[3,0],[-3,0]],[[8147,8226],[0,0]],[[8142,8218],[2,0]],[[8136,8194],[0,8],[0,8],[0,8],[3,0],[3,0]],[[8144,8218],[3,0]],[[8144,8218],[0,0]],[[8133,8194],[3,0]],[[8133,8171],[0,8],[-3,0],[0,8],[3,0],[0,7]],[[8130,8109],[0,7],[3,0],[0,8],[0,8],[0,8],[3,0],[-3,8],[0,7],[3,0],[0,8],[-3,0],[0,8]],[[8133,8171],[0,0]],[[8017,7859],[3,0],[0,7],[-3,0],[0,8],[0,8],[8,8],[6,0],[11,15],[9,8],[5,16],[6,16],[51,62],[3,0],[9,47],[17,47],[0,8],[-9,0]],[[8133,8109],[-3,0]],[[7892,8023],[3,0],[0,-8],[3,0],[0,-8]],[[7889,8015],[3,0],[0,8]],[[7886,8015],[3,0]],[[7878,7999],[0,8],[3,0],[2,0],[-2,8],[2,0],[3,0]],[[7898,8007],[0,-8],[3,0],[0,-8],[2,0],[0,-7],[3,0],[3,0],[0,-8],[3,0],[3,0],[3,-8],[2,0],[3,0],[0,-8],[3,0],[3,0],[0,-8],[6,0],[0,-7]],[[7898,8007],[0,0]],[[7878,7999],[0,0]],[[7872,7999],[3,0],[3,0]],[[7869,7999],[3,0]],[[7864,7991],[2,0],[3,0],[0,8]],[[7935,7945],[2,0],[3,-8],[0,-8],[3,0]],[[7935,7945],[0,0]],[[7949,7937],[3,-8]],[[7943,7929],[3,0],[0,8],[3,0]],[[7954,7937],[3,-8],[3,0],[0,-8],[3,0],[0,-8],[3,0],[3,0],[0,-8],[5,0],[0,-7],[3,0],[0,-8],[0,-8],[3,0],[-3,0],[0,-8],[3,0],[0,-8],[3,0]],[[7952,7929],[2,8]],[[7988,7874],[3,0],[3,-8],[0,-23]],[[7983,7866],[3,8],[2,0]],[[8014,7859],[3,0]],[[8003,7851],[0,8],[2,0],[6,0],[3,0]],[[8000,7851],[3,0]],[[7994,7843],[3,8],[3,0]],[[7864,7991],[0,-7]],[[7864,7984],[-3,0],[-3,0]],[[7858,7984],[-3,0],[0,-8]],[[7855,7976],[0,-8]],[[7855,7968],[0,-8]],[[7855,7976],[0,0]],[[7855,7960],[-3,0],[0,-8]],[[7852,7952],[-3,0]],[[7849,7952],[0,-7],[-2,0],[2,0],[0,-8]],[[7849,7937],[-2,0],[2,0]],[[7849,7937],[3,0],[0,-8]],[[7849,7937],[0,0]],[[7855,7929],[0,-8]],[[7852,7929],[3,0]],[[8332,8304],[-3,-8],[0,-8],[0,-8],[-3,0],[-3,0],[0,-7],[3,0],[3,0],[3,0],[0,-8],[2,0],[0,-8]],[[8334,8257],[-2,0]],[[8332,8257],[0,-8],[2,-8],[0,-7],[0,-8],[3,0],[0,-8],[-3,0],[0,-8],[3,0],[-3,-8],[3,0],[0,-8],[0,-7],[3,0],[-3,0],[0,-8],[3,0]],[[8340,8179],[3,0]],[[8340,8179],[0,0]],[[8351,8179],[0,-8],[3,0],[0,-8],[3,0],[3,0],[0,-8]],[[8343,8179],[3,0],[5,0]],[[8363,8155],[0,-7]],[[8360,8155],[3,0]],[[8366,8148],[0,0]],[[8363,8148],[3,0]],[[8366,8148],[0,-8],[0,-8],[0,-8],[-3,0],[0,-8],[-3,0],[0,-7],[-3,0]],[[8357,8109],[-3,0]],[[8354,8109],[0,0]],[[8354,8109],[-8,0]],[[8346,8109],[-3,0]],[[8343,8109],[-3,0]],[[8340,8109],[0,0]],[[8340,8109],[-3,0]],[[8337,8109],[-3,0],[-5,-8],[-3,0],[0,-8],[-6,0],[-3,-8],[-2,-8],[-3,0],[0,-7],[-3,0],[-3,0]],[[8306,8070],[0,0]],[[8306,8070],[-3,0],[-3,-8]],[[8300,8062],[0,0]],[[8300,8062],[-2,0],[0,-8]],[[8298,8054],[-3,0]],[[8295,8054],[-3,0],[-3,0]],[[8289,8054],[-3,0]],[[8286,8054],[-3,-8]],[[8283,8046],[-2,0]],[[8281,8046],[0,0]],[[8281,8046],[-3,0],[0,-8],[3,0],[0,-8],[-3,0],[0,-7],[3,0],[0,-8],[2,0]],[[8283,8015],[-2,0],[2,0]],[[8283,8015],[0,-8]],[[8283,8015],[3,-8]],[[8286,8007],[-3,0]],[[8289,8007],[0,-8]],[[8289,7999],[-3,0]],[[8286,8007],[3,0]],[[8289,7999],[3,0],[0,-8]],[[8289,7999],[0,0]],[[8292,7991],[0,0]],[[8292,7991],[-3,0],[0,-7],[0,-8],[-3,-8],[-3,0],[0,-8],[-2,0]],[[8281,7960],[0,0]],[[8281,7960],[-3,0]],[[8278,7960],[0,0]],[[8278,7960],[-3,0],[0,-8],[-3,0]],[[8272,7952],[-3,0]],[[8269,7952],[-3,0]],[[8266,7952],[-3,0]],[[8263,7952],[-2,0],[0,-7],[-3,0],[-6,-8]],[[8246,7937],[-2,8]],[[8244,7945],[0,-8],[-3,0],[0,-8],[-3,0]],[[8252,7937],[0,0]],[[8252,7937],[-3,0]],[[8249,7937],[0,0]],[[8249,7937],[-3,0]],[[8232,7929],[0,8]],[[8232,7937],[-3,0]],[[8229,7937],[0,0]],[[8229,7937],[-2,-8],[-3,0],[0,-8],[-3,0],[-3,-8],[-3,0],[0,-8],[-3,0],[-2,0]],[[8238,7929],[-3,0],[0,8]],[[8235,7937],[-3,-8]],[[8210,7905],[0,0]],[[8210,7905],[-3,0],[-3,-7]],[[8204,7898],[0,0]],[[8204,7898],[-3,0],[-3,0],[0,-8]],[[8198,7890],[0,0]],[[8198,7890],[-3,0],[-2,0],[2,-8],[-2,0],[-3,-8]],[[8176,7882],[-3,0],[-3,0]],[[8170,7882],[0,0]],[[8170,7882],[-3,0],[-3,-8],[-3,0],[-2,-8],[-3,0],[-3,0]],[[8181,7882],[-3,0]],[[8178,7882],[-2,0]],[[8184,7874],[-3,0],[0,8]],[[8181,7882],[0,0]],[[8133,7866],[0,8],[-3,0]],[[8130,7874],[-3,0],[0,-8],[0,-7],[-2,0],[0,-8],[2,0],[3,0],[0,-8],[-3,0],[-2,0],[-3,-8],[0,-8],[-3,-7],[-3,0],[0,-8],[3,0],[3,-8],[3,0]],[[8190,7874],[-3,0]],[[8187,7874],[-3,0]],[[8150,7866],[-3,0],[-3,8]],[[8144,7874],[-2,0],[0,-8],[-3,0]],[[8139,7866],[-3,0]],[[8136,7866],[0,8]],[[8136,7866],[-3,0]],[[8153,7866],[-3,0]],[[8150,7866],[0,0]],[[8125,7804],[2,0],[0,-8]],[[8127,7796],[3,0]],[[8125,7804],[0,0]],[[8130,7796],[3,0],[-3,0]],[[8130,7796],[0,0]],[[8130,7796],[-3,-8]],[[8127,7788],[0,8]],[[8127,7796],[-2,0]],[[8125,7796],[0,-8],[-3,0]],[[8122,7788],[-3,0]],[[8119,7788],[-3,-8]],[[8116,7780],[0,0]],[[8116,7780],[-3,0],[-3,0],[0,-7]],[[8110,7773],[0,0]],[[8110,7773],[-2,0],[0,-8],[0,-8],[-3,0]],[[6168,7921],[-3,0]],[[6165,7921],[-3,0]],[[6151,7921],[-3,0]],[[6148,7921],[-3,0]],[[6157,7913],[-3,8],[-3,0]],[[6151,7921],[0,0]],[[6179,7905],[-3,0],[-2,0],[-3,8],[0,8],[-3,0]],[[6168,7921],[0,0]],[[6162,7921],[-3,0]],[[6159,7921],[0,-8],[-2,0]],[[6145,7921],[0,0]],[[6145,7921],[0,-8],[-3,0],[-3,0],[-2,0]],[[6191,7913],[-3,0]],[[6188,7913],[-3,0]],[[6185,7913],[-3,0]],[[6182,7913],[0,-8],[-3,0]],[[6193,7913],[-2,0]],[[6191,7913],[0,0]],[[6199,7913],[-3,0]],[[6196,7913],[-3,0]],[[6208,7905],[-3,0],[-6,8]],[[6210,7890],[0,8],[0,7],[-2,0]],[[6208,7905],[0,0]],[[6236,7890],[-3,0],[-3,0],[0,8],[-3,0]],[[6227,7898],[-2,0]],[[6225,7898],[-3,0]],[[6222,7898],[0,-8],[-6,0]],[[6216,7890],[-3,0],[-3,0]],[[6210,7890],[0,0]],[[6250,7882],[0,8],[-3,0]],[[6247,7890],[-3,0]],[[6242,7890],[-3,0],[-3,0]],[[6236,7890],[3,0],[-3,0]],[[6236,7890],[0,0]],[[6244,7890],[0,0]],[[6244,7890],[0,-8]],[[6244,7890],[-2,0]],[[6242,7890],[0,0]],[[6256,7882],[-3,0]],[[6253,7882],[-3,0]],[[6256,7882],[3,-8],[2,0],[3,0],[0,-8],[3,0],[-3,-7],[3,0],[0,-8]],[[6137,7859],[0,0]],[[6139,7843],[0,8],[3,0],[-3,8]],[[6139,7859],[-2,0]],[[6145,7835],[-3,0],[0,8]],[[6142,7843],[-3,0]],[[6151,7827],[3,0],[0,8],[-3,0],[0,8],[-3,0]],[[6148,7843],[0,-8],[-3,0]],[[6151,7827],[0,0]],[[6151,7820],[-3,0],[0,7],[3,0]],[[6154,7812],[-3,0],[0,8]],[[6151,7820],[0,0]],[[6159,7804],[-2,0],[0,8],[-3,0]],[[6154,7812],[0,0]],[[6159,7804],[0,0]],[[6159,7780],[0,8],[-2,0],[0,8],[2,0],[0,8]],[[6162,7765],[-3,0],[0,8],[0,7]],[[6159,7780],[0,0]],[[6162,7749],[0,8],[3,0],[0,8]],[[6165,7765],[-3,0]],[[6233,7445],[-3,0]],[[6230,7445],[-5,0]],[[6225,7445],[0,-8]],[[6225,7437],[-6,8]],[[6225,7773],[-3,0],[0,-8],[3,0],[-3,0],[0,-8],[-3,0],[-3,0],[0,-8],[-3,0],[0,-8],[-3,-7]],[[6210,7734],[-2,0]],[[6208,7734],[-3,0]],[[6205,7734],[0,0]],[[6205,7734],[-3,-8],[-3,0],[-3,0]],[[6196,7726],[-3,0],[-2,0]],[[6191,7726],[-3,0]],[[6219,7445],[0,-8],[3,0],[-3,-8]],[[6219,7429],[3,0],[-3,0]],[[6219,7429],[0,0]],[[6219,7429],[0,-8],[-3,0]],[[6216,7421],[-3,0]],[[6213,7421],[-3,0],[-2,-8],[0,-7],[2,0],[0,-8],[3,0],[0,-8],[0,-8]],[[6222,7382],[3,0],[-3,-8],[3,0],[0,-8],[2,0],[3,0],[3,0],[0,-7],[-3,-8],[-3,-8],[-2,0],[2,-8],[3,0],[0,-8],[3,0]],[[6213,7382],[9,0]],[[6151,7507],[-3,0],[0,8]],[[6154,7507],[0,0]],[[6154,7507],[-3,0]],[[6154,7491],[-3,0],[0,8],[3,0],[-3,0],[3,0],[0,8]],[[6174,7507],[-3,0],[-3,0]],[[6168,7507],[-3,0]],[[6196,7468],[-3,0],[-2,0],[0,8],[2,0],[-2,8],[-3,0],[-3,0],[0,7],[3,0],[0,8],[-3,8],[-6,0],[-3,0]],[[6176,7507],[0,0]],[[6176,7507],[-2,0]],[[6165,7507],[-3,0]],[[6162,7507],[0,-8]],[[6162,7499],[0,0]],[[6162,7499],[0,-8],[-3,0]],[[6159,7491],[-2,0],[-3,0]],[[6154,7491],[0,0]],[[6219,7445],[-3,0],[0,7],[-3,0],[0,8],[0,8]],[[6213,7468],[-3,0],[0,-8],[-2,0]],[[6208,7460],[-3,0],[0,8]],[[6205,7468],[-9,0]],[[6239,7327],[0,-7],[3,0],[2,0]],[[6236,7327],[3,0]],[[6233,7327],[3,0]],[[6244,7320],[3,0],[0,-8],[3,0],[3,0]],[[6244,7320],[0,0]],[[6256,7312],[3,0],[0,-8],[-3,0],[-3,0],[-3,-8]],[[6253,7312],[3,0]],[[6250,7296],[0,0]],[[6250,7296],[0,-8],[3,0]],[[6259,7288],[0,0]],[[6253,7288],[3,0],[3,0]],[[6259,7288],[0,-7],[2,0],[0,-8]],[[6233,7327],[0,-7],[-3,0],[3,-8],[0,-8],[-3,-8],[-3,0],[0,-8],[-2,0]],[[6216,7296],[-3,0],[-3,0]],[[6210,7296],[-2,0],[2,0]],[[6210,7296],[0,-8]],[[6210,7288],[3,0],[-3,0]],[[6219,7296],[-3,0]],[[6216,7296],[0,0]],[[6222,7288],[0,8],[-3,0]],[[6219,7296],[0,0]],[[6222,7288],[0,0]],[[6225,7288],[0,0]],[[6225,7288],[-3,0]],[[6210,7288],[0,0]],[[6210,7288],[-2,-7]],[[6208,7281],[0,0]],[[6208,7281],[-3,-8],[0,-8],[0,-8],[0,-8]],[[6054,8163],[-2,0],[0,-8],[-3,0],[-3,-7],[0,-8],[-3,0]],[[6043,8140],[-3,0]],[[6040,8140],[0,-8],[-3,0],[3,0],[0,-8],[-3,0],[-2,0]],[[6035,8124],[-3,0],[-3,0]],[[6029,8124],[-3,0],[3,0]],[[6029,8124],[0,-8],[-3,-7],[0,-8]],[[6018,8109],[-3,7],[-3,0]],[[6012,8116],[0,0]],[[6012,8116],[-3,0]],[[6009,8116],[0,0]],[[6009,8116],[-3,0]],[[6006,8116],[0,-7],[-3,0],[3,0],[0,-8],[-3,0],[3,-8],[-3,0]],[[6026,8101],[-3,0],[-3,8],[-2,0]],[[6018,8109],[0,7]],[[6003,8093],[0,0]],[[6003,8093],[0,-8],[0,-8],[-2,0]],[[6001,8077],[2,0],[-2,0]],[[6001,8077],[0,0]],[[6001,8077],[-3,0],[0,-7]],[[6001,8070],[0,0]],[[5998,8070],[3,0]],[[6023,8226],[0,8],[-3,0]],[[6020,8234],[-2,0]],[[6018,8234],[-3,0],[-3,0]],[[6012,8234],[0,-8],[-3,0],[0,-8]],[[6032,8218],[-3,8],[-3,0]],[[6026,8226],[-3,0]],[[6049,8218],[-3,8],[-3,0]],[[6043,8226],[-6,0]],[[6037,8226],[0,0]],[[6037,8226],[-2,0],[0,-8],[-3,0]],[[6009,8218],[-3,0]],[[6006,8218],[0,0]],[[6006,8218],[-3,-8],[-2,0],[0,-8],[-3,0]],[[5961,8202],[-3,0],[3,0]],[[5961,8202],[-3,0],[-3,8]],[[5955,8210],[-3,0],[0,-8]],[[5952,8202],[-3,0],[-2,0]],[[5947,8202],[-3,0]],[[5969,8202],[-2,0]],[[5967,8202],[0,0]],[[5998,8202],[-3,0]],[[5995,8202],[-3,0],[0,-8],[-3,0]],[[5975,8202],[-3,0]],[[5972,8202],[-3,0]],[[5981,8202],[-3,0]],[[5978,8202],[-3,0]],[[5964,8202],[0,0]],[[5964,8202],[-3,0]],[[5975,8202],[0,0]],[[5967,8202],[-3,0]],[[5984,8194],[0,8],[-3,0]],[[5981,8202],[0,0]],[[5989,8194],[0,8]],[[5989,8202],[-3,-8]],[[5986,8194],[0,8]],[[5986,8194],[-2,0]],[[6049,8218],[0,0]],[[6054,8194],[0,8],[-2,0],[0,8],[2,0],[-2,0],[0,8],[-3,0]],[[6052,8194],[2,0]],[[6054,8163],[-2,8],[0,8],[0,8],[0,7]],[[6122,7905],[0,8]],[[6137,7913],[-3,-8]],[[6134,7905],[-3,0]],[[6131,7905],[-3,0]],[[6128,7905],[-3,0]],[[6125,7905],[-3,0]],[[6063,7929],[-3,0],[0,8],[0,8],[-3,0]],[[6057,7945],[0,0]],[[6057,7945],[-3,0]],[[6054,7945],[0,0]],[[6054,7945],[-2,0],[-3,0]],[[6049,7945],[0,0]],[[6091,7929],[-3,0],[-2,0],[0,8],[-3,0],[0,8],[-3,0]],[[6080,7945],[-6,-8]],[[6049,7945],[-3,-8]],[[6043,7937],[-3,8]],[[6046,7937],[0,0]],[[6046,7937],[-3,0]],[[6074,7937],[-3,0]],[[6071,7937],[-2,0]],[[6069,7937],[-3,0]],[[6066,7937],[-3,0],[0,-8]],[[6097,7921],[-3,0],[0,8],[-3,0]],[[6091,7929],[0,0]],[[6105,7921],[-2,0],[-3,0]],[[6100,7921],[-3,0]],[[6111,7905],[-3,0],[0,8],[-3,0],[0,8]],[[6105,7921],[0,0]],[[6120,7913],[0,0]],[[6120,7913],[-3,0],[-3,0]],[[6114,7913],[-3,-8]],[[6137,7913],[0,-8]],[[6139,7905],[0,-7],[0,-8]],[[6137,7905],[2,0]],[[6142,7890],[-3,0]],[[6139,7890],[-2,0],[-3,0]],[[6134,7890],[0,-8]],[[6134,7882],[-3,0]],[[6134,7882],[0,-8],[3,0],[0,-8]],[[6137,7866],[2,0],[-2,0]],[[6137,7866],[0,-7]],[[6137,7866],[0,0]],[[6128,7866],[3,0]],[[6128,7866],[0,0]],[[6125,7866],[-3,0]],[[6122,7866],[-2,0]],[[6128,7866],[-3,0]],[[6125,7866],[0,0]],[[6120,7866],[-3,0],[-3,0]],[[6114,7866],[-3,0]],[[6111,7866],[0,0]],[[6111,7866],[-3,0],[-3,-7]],[[6137,7859],[-3,0],[-3,0],[0,7]],[[6105,7859],[-2,0]],[[6103,7859],[0,-8]],[[6103,7851],[-3,0],[-3,0]],[[6097,7851],[0,0]],[[6097,7851],[-3,0],[-3,-8],[-3,0]],[[6080,7843],[-3,0],[-3,0],[-3,8]],[[6071,7851],[-2,-8],[2,0],[0,-8],[-2,0]],[[6086,7843],[-3,0]],[[6083,7843],[-3,0]],[[6088,7843],[-2,0]],[[6086,7843],[0,0]],[[6069,7835],[0,0]],[[6069,7835],[-3,0]],[[6066,7835],[0,-8]],[[6066,7835],[-3,0]],[[6063,7835],[0,-8]],[[6057,7827],[0,8],[-3,0]],[[6054,7835],[0,0]],[[6054,7835],[-2,0]],[[6063,7827],[-3,0]],[[6060,7827],[-3,0]],[[5901,8413],[-3,0]],[[5898,8413],[-2,-8],[-3,0],[0,-7],[0,-8]],[[5896,8390],[2,0],[0,-8]],[[5893,8390],[3,0]],[[5901,8382],[-3,0]],[[5898,8382],[0,-8],[3,0],[3,0],[3,0],[8,0],[0,-8],[-2,0],[2,0],[0,-7],[3,-8],[-3,-8],[0,-8],[-2,0],[2,-8],[9,0],[0,-8],[-3,0],[-3,0],[3,0],[0,-7],[-3,0],[0,-8],[3,0],[3,0],[0,-8]],[[5924,8296],[3,0]],[[5927,8296],[0,8],[3,0]],[[5930,8304],[0,-8],[-3,0]],[[5927,8296],[0,0]],[[5927,8296],[0,-8]],[[5927,8288],[0,0]],[[5927,8288],[-3,0]],[[5924,8288],[0,-8],[3,0]],[[5924,8288],[0,0]],[[5927,8280],[3,0]],[[5927,8280],[0,0]],[[5930,8280],[2,0],[0,-7],[-2,-8],[2,0],[3,0],[0,-8],[0,-8]],[[5930,8280],[0,0]],[[5938,8249],[6,0],[0,-8],[0,-7],[0,-8],[-3,0],[-3,0],[3,0],[0,-8],[0,-8],[3,0],[0,-8]],[[5935,8249],[3,0]],[[5842,8460],[0,0]],[[5842,8460],[-6,0]],[[5847,8460],[-2,0]],[[5845,8460],[-3,0]],[[5853,8452],[-3,0],[0,8],[-3,0]],[[5847,8460],[0,0]],[[5887,8421],[0,8],[-3,0],[-3,0],[-2,0],[2,0],[0,8],[-2,0],[-3,0],[-3,7],[-3,0],[-3,0],[-5,8],[-3,0]],[[5859,8452],[-3,0]],[[5856,8452],[-3,0]],[[5853,8452],[0,0]],[[5893,8421],[-3,0],[-3,0]],[[5887,8421],[3,0],[-3,0]],[[5887,8421],[0,0]],[[5896,8413],[-3,8]],[[5893,8421],[0,0]],[[5898,8413],[-2,0]],[[5935,8202],[-5,8]],[[5930,8210],[0,-8],[-3,0],[0,-8]],[[5938,8202],[0,0]],[[5938,8202],[-3,0]],[[5941,8202],[0,0]],[[5941,8202],[-3,0]],[[5944,8202],[-3,0]],[[6046,8015],[0,-8],[0,-8],[3,0]],[[6049,7999],[3,0],[0,-8],[-3,0]],[[6049,7999],[0,0]],[[6049,7991],[-3,0]],[[6043,7991],[0,0]],[[6043,7991],[0,-7],[-3,0]],[[6046,7991],[0,0]],[[6046,7991],[-3,0]],[[6040,7984],[0,0]],[[6040,7984],[-3,0],[0,-8],[3,0]],[[6040,7976],[3,0]],[[6040,7976],[0,0]],[[6043,7976],[0,-8]],[[6043,7968],[3,0],[-3,0]],[[6043,7976],[0,0]],[[6043,7968],[0,0]],[[6043,7968],[0,-8],[0,-8],[-3,0],[-3,-7],[3,0]],[[6040,7945],[0,0]],[[6012,8062],[-3,0],[0,8],[-3,0],[-3,0]],[[6003,8070],[0,0]],[[6003,8070],[-2,0]],[[6015,8062],[-3,0]],[[6012,8062],[0,0]],[[6020,8054],[0,8]],[[6020,8062],[-2,0],[-3,0]],[[6026,8046],[-3,8]],[[6023,8054],[-3,0]],[[6029,8038],[0,8],[-3,0]],[[6026,8046],[0,0]],[[6029,8038],[0,0]],[[6029,8023],[0,7],[0,8]],[[6035,8023],[-3,0]],[[6032,8023],[-3,0]],[[6043,8023],[-3,0]],[[6040,8023],[-5,0]],[[6043,8015],[0,8]],[[6043,8023],[0,0]],[[6046,8015],[0,0]],[[6046,8015],[-3,0]],[[5998,8070],[0,0]],[[5998,8070],[-3,0]],[[5995,8070],[0,0]],[[5995,8070],[-3,0],[0,-8],[3,0],[-3,0],[3,0],[0,-8],[-3,0],[0,-8]],[[5992,8046],[0,0]],[[5992,8046],[-3,0],[-3,-8],[-2,0],[0,-8],[0,-7],[-3,0]],[[5981,8023],[0,0]],[[5981,8023],[-3,0]],[[5978,8023],[0,0]],[[6040,7945],[0,-8],[0,-8],[-3,0]],[[6035,7929],[0,0]],[[6035,7929],[0,-8],[-3,0],[0,-8]],[[6037,7929],[0,0]],[[6037,7929],[-2,0]],[[6032,7913],[-3,8]],[[6029,7921],[0,-8],[-3,0],[-3,-8],[3,0],[0,-7]],[[6267,7460],[3,0],[6,-8],[2,0],[3,-7],[6,0],[3,0],[3,0],[2,-8],[3,0],[0,-8],[3,0],[0,-8],[3,-8],[3,0],[3,-7],[2,0],[6,0],[3,0],[17,-24],[6,0],[0,-8],[3,-8]],[[6250,7445],[6,0],[3,7],[2,0],[3,8],[3,0]],[[6267,7460],[-3,0],[3,0]],[[6250,7452],[0,-7]],[[6244,7437],[3,8],[0,7],[3,0]],[[6233,7445],[9,0],[2,0],[0,-8]],[[6304,7570],[0,-8],[3,0],[0,-8],[0,-24],[0,-15],[-3,-8]],[[6295,7546],[3,8],[3,0],[0,8],[3,8]],[[6290,7562],[3,-8],[0,-8],[2,0]],[[6304,7507],[-3,0]],[[6301,7507],[-3,0],[-3,-8],[0,-8],[-2,0],[2,-7],[0,-8],[3,0],[0,-8],[-3,0]],[[6264,7476],[-3,0],[-2,0],[-3,8],[-3,0],[-6,7]],[[6247,7491],[-3,0],[-2,0],[0,-7],[2,0],[0,-8],[3,0],[0,-8],[-5,0],[0,-8],[-3,0],[-3,0]],[[6284,7460],[-3,0],[-3,0],[-2,0],[0,8],[-3,8],[-3,0],[-3,0]],[[6267,7476],[-3,0]],[[6295,7468],[-2,8]],[[6293,7476],[-3,0],[0,-8],[0,-8],[-3,0],[-3,0]],[[6236,7460],[-3,0]],[[6233,7460],[-3,0],[3,-8],[0,-7]],[[6321,7265],[3,0]],[[6321,7265],[0,8],[-3,0]],[[6318,7273],[-8,0]],[[6310,7273],[-3,0]],[[6310,7288],[0,-7],[-3,0]],[[6307,7281],[0,-8]],[[6307,7281],[0,7],[3,0]],[[6295,7288],[3,0],[3,0],[0,-7],[3,0],[3,0]],[[6290,7273],[3,0],[0,8],[2,7]],[[6276,7288],[2,-7],[0,-8]],[[6264,7273],[3,0],[0,8],[3,0],[3,0],[3,0],[0,7]],[[6284,7281],[3,-8],[3,0]],[[6278,7273],[3,0],[0,8],[3,0]],[[6261,7273],[3,0]],[[6261,7273],[0,0]],[[6261,7273],[0,-8],[-2,0],[0,-8],[-3,0],[0,-8],[-3,-8],[0,-7],[0,-8]],[[6307,7273],[0,-8]],[[6310,7265],[0,-8],[0,-8],[0,-8]],[[6307,7265],[3,0]],[[6310,7241],[-3,0]],[[6307,7241],[-3,0]],[[6304,7241],[-3,0]],[[6301,7241],[-3,0],[0,-7]],[[6298,7234],[3,0],[-3,-8]],[[6295,7234],[-2,0]],[[6293,7234],[0,-8],[-3,0],[3,-8],[-3,0],[-3,-8],[0,-8]],[[6298,7226],[0,8]],[[6298,7234],[-3,0]],[[6287,7202],[-3,0],[0,8]],[[6284,7210],[-3,0],[0,-8]],[[6341,7288],[-3,0],[3,-7],[-3,0]],[[6338,7281],[-6,0],[0,7],[-3,0]],[[6329,7288],[0,-7],[0,-8],[-2,0],[0,-8],[-3,0]],[[6321,7257],[0,8]],[[6347,7366],[-3,-7],[0,-8],[3,0],[-3,0],[-6,-16]],[[6338,7335],[0,0]],[[6338,7335],[-3,0],[0,-8],[-3,0],[6,-7],[0,-8],[-3,0],[-3,0],[-3,0],[0,-8],[6,0]],[[6335,7304],[6,0],[0,-8],[0,-8]],[[6335,7304],[0,0]],[[6352,7366],[0,0]],[[6347,7366],[5,0]],[[6355,7366],[3,0],[3,0],[5,-7],[6,0],[6,-8]],[[6352,7366],[3,0]],[[6381,7351],[0,0]],[[6378,7351],[3,0]],[[6347,7288],[-3,0],[-3,0]],[[6369,7281],[0,7],[-3,0]],[[6366,7288],[-2,0],[0,-7],[-3,0],[0,-8]],[[6358,7273],[-3,0],[0,8],[3,0]],[[6358,7281],[-3,0],[-3,7],[-3,0]],[[6349,7288],[-2,0]],[[6372,7273],[0,8]],[[6372,7281],[-3,0]],[[6361,7273],[-3,8]],[[6358,7281],[0,-8]],[[6369,7218],[-3,0],[0,8],[0,8],[0,7],[-2,0],[0,8],[2,0],[0,8],[3,8],[3,8]],[[6372,7273],[3,0]],[[6366,7202],[3,0],[0,8],[0,8]],[[6369,7218],[0,0]],[[6361,7202],[3,0]],[[6355,7179],[0,8],[3,0],[3,0],[0,8],[-3,0],[0,7],[3,0]],[[6364,7202],[2,0]],[[6364,7202],[0,0]],[[6355,7179],[0,0]],[[6347,7171],[2,0],[3,0],[0,8],[3,0]],[[6321,7257],[0,0]],[[6321,7257],[-3,0],[-3,-8]],[[6315,7249],[0,8]],[[6315,7257],[-3,0],[0,-16]],[[6315,7241],[0,-7],[0,-8]],[[6315,7226],[3,0]],[[6312,7241],[3,0]],[[6318,7234],[0,-8]],[[6318,7226],[3,0],[0,-8],[3,0],[0,-8],[0,-8],[0,-7]],[[6315,7226],[3,8]],[[6321,7195],[-3,7],[-3,0]],[[6315,7202],[0,-7],[0,-8]],[[6324,7195],[-3,0]],[[6321,7195],[0,0]],[[6321,7257],[3,0],[0,-8],[3,0],[2,0],[0,-8],[0,-7],[0,-8],[3,0],[0,-8],[-3,0],[0,-8],[3,0],[0,-8],[-3,0],[0,-7],[3,0],[-3,-8]],[[6335,7609],[3,0],[3,-8],[3,0]],[[6347,7601],[0,-8],[0,-8],[2,0],[0,-8],[3,0],[0,-7],[3,0],[3,-8],[6,-8]],[[6344,7601],[3,0]],[[6375,7570],[3,0],[-9,-16],[3,-8],[3,-8],[0,-8],[3,-7],[3,0],[2,-8]],[[6364,7554],[2,0],[0,8],[6,8],[3,0]],[[6386,7515],[0,-8],[3,0],[0,-8],[-3,0],[-3,-8],[-2,0],[0,-7],[2,0],[0,-8],[-2,0]],[[6383,7515],[3,0]],[[6381,7476],[-6,0]],[[6375,7476],[-3,0],[-3,-8],[12,-8],[-3,-8]],[[6386,7452],[3,0],[-3,-7],[-3,0],[-2,-32]],[[6378,7452],[8,0]],[[6395,7421],[3,-8]],[[6392,7413],[0,8],[3,0]],[[6392,7413],[0,0]],[[6381,7413],[8,0],[3,0]],[[6267,7851],[3,0],[3,-8],[5,-8],[3,0]],[[6310,7851],[2,0],[3,-8]],[[6307,7851],[3,0]],[[6304,7851],[3,0]],[[6304,7843],[0,8]],[[6315,7851],[3,0],[3,0]],[[6315,7843],[0,8]],[[6298,7851],[0,-8]],[[6295,7851],[3,0]],[[6295,7851],[0,0]],[[6295,7843],[0,8]],[[6324,7851],[0,-8]],[[6321,7851],[3,0]],[[6327,7843],[2,0],[3,0],[0,-8],[0,-8],[3,0],[0,-7],[0,-8],[-3,0],[3,0],[-3,-8]],[[6324,7843],[3,0]],[[6293,7843],[2,0]],[[6287,7843],[3,0],[3,0]],[[6301,7843],[3,0]],[[6301,7843],[0,0]],[[6298,7843],[3,0]],[[6287,7843],[0,0]],[[6281,7835],[3,0],[0,8],[3,0]],[[6349,7820],[3,0],[3,-8],[3,0],[0,-16]],[[6341,7804],[3,0],[3,0],[0,8],[0,8],[2,0]],[[6372,7812],[3,0]],[[6369,7804],[3,0],[0,8]],[[6375,7812],[3,0],[0,-8],[3,0],[0,-8],[2,0]],[[6375,7812],[0,0]],[[6369,7804],[0,0]],[[6369,7796],[0,8]],[[6338,7804],[3,0]],[[6332,7804],[6,0]],[[6364,7804],[2,0],[0,-8],[3,0]],[[6358,7796],[6,0],[0,8]],[[6389,7796],[0,-8],[3,0]],[[6383,7796],[3,0],[3,0]],[[6392,7788],[3,0]],[[6267,7851],[-3,0],[-3,0]],[[6261,7851],[-2,0],[-6,0],[-3,-8]],[[6250,7843],[-6,0],[0,8],[-2,0],[-3,0]],[[6239,7851],[-3,0],[0,-8],[-3,-8],[-3,0],[-3,0],[-2,-8],[0,-7],[-6,0],[3,-8],[3,0],[0,-8],[2,0],[-2,-8],[2,-8],[-2,-15]],[[6244,7687],[0,8],[-2,0],[0,7],[2,0],[0,8],[0,8],[0,8],[3,8],[-3,0],[0,7],[-2,0],[-3,8],[-9,8],[0,8],[-3,0],[-2,8]],[[6256,7640],[3,0],[0,8],[2,0],[0,7],[0,8],[0,8],[0,8],[-2,0],[-3,0],[-3,0],[0,8],[-3,8]],[[6250,7695],[-3,-8],[-3,0]],[[6253,7640],[3,0]],[[6253,7640],[0,0]],[[6250,7640],[3,0]],[[6244,7601],[-2,0],[0,8],[2,0],[0,7],[-2,0],[0,8],[2,0],[0,8],[3,8],[3,0]],[[6270,7562],[-3,0],[0,8],[-3,7],[0,8],[-3,0],[0,8],[-2,8],[-3,0],[-3,0],[-3,0]],[[6250,7601],[0,0]],[[6250,7601],[-3,0]],[[6247,7601],[-3,0]],[[6276,7562],[0,8],[-3,0]],[[6273,7570],[-3,0],[0,-8]],[[6290,7554],[-3,0],[0,8]],[[6287,7562],[-3,0],[-6,0],[-2,0]],[[6290,7562],[0,-8]],[[6307,7624],[3,0],[0,-8]],[[6310,7593],[0,8],[2,0],[-2,0],[-3,8],[0,7],[0,8]],[[6310,7616],[2,0],[0,-7],[3,0]],[[6310,7616],[0,0]],[[6327,7616],[2,-7],[6,0]],[[6321,7609],[3,0],[0,7],[3,0]],[[6318,7609],[3,0]],[[6315,7609],[3,0]],[[6301,7593],[9,0]],[[6295,7585],[3,0],[0,8],[3,0]],[[6295,7585],[0,0]],[[6290,7562],[-3,0]],[[6287,7562],[0,8],[3,0],[0,7],[3,0],[0,8],[2,0]],[[6358,7671],[6,-8],[2,0],[6,-8]],[[6341,7648],[3,0],[3,0],[0,7],[2,0],[3,0],[0,8],[3,0],[0,8],[3,0]],[[6338,7648],[3,0]],[[6335,7640],[3,8]],[[6335,7648],[0,-8]],[[6335,7640],[-3,0]],[[6332,7640],[0,8],[3,0]],[[6335,7632],[3,0],[0,8],[-3,0]],[[6335,7640],[0,0]],[[6335,7640],[0,-8]],[[6335,7609],[0,7],[-3,0],[-3,0],[-2,8],[0,8],[2,0],[3,0],[0,8]],[[6179,7374],[-3,0],[0,8],[-2,0]],[[6174,7382],[-3,0],[0,-8],[-3,0],[0,-8],[-3,0],[-3,0]],[[6179,7374],[0,0]],[[6185,7374],[-3,0],[-3,0]],[[6202,7327],[3,0]],[[6205,7327],[3,0],[-3,0]],[[6205,7327],[0,8],[0,8],[-3,0]],[[6202,7343],[0,8],[0,8],[-3,0],[-3,7],[-3,0],[0,8],[-2,0]],[[6191,7374],[-3,0],[-3,0]],[[6157,7366],[-3,0]],[[6154,7366],[0,8]],[[6154,7366],[-3,0]],[[6171,7366],[3,0]],[[6171,7366],[0,0]],[[6171,7359],[0,7]],[[6148,7366],[0,0]],[[6148,7366],[0,-7]],[[6174,7366],[2,0]],[[6174,7366],[0,-7]],[[6174,7366],[0,0]],[[6151,7366],[-3,0]],[[6182,7366],[0,-7]],[[6176,7359],[3,0],[0,7],[3,0]],[[6162,7366],[-3,0]],[[6159,7366],[0,0]],[[6159,7366],[-2,0]],[[6157,7366],[0,0]],[[6176,7366],[0,-7]],[[6171,7351],[3,0],[0,8]],[[6174,7359],[-3,0]],[[6171,7359],[0,0]],[[6151,7359],[3,0],[0,-8],[3,0],[2,0]],[[6148,7359],[3,0]],[[6182,7359],[3,0],[-3,0]],[[6182,7359],[3,-8],[0,-8]],[[6182,7359],[0,0]],[[6165,7351],[3,0],[3,0]],[[6159,7351],[6,0]],[[6196,7351],[3,0],[0,-8],[3,0]],[[6202,7343],[0,-8],[3,-8]],[[6193,7273],[3,0],[0,8],[3,0],[0,7],[-3,0],[0,16],[0,8],[0,15],[-3,0],[0,8],[3,0],[0,8],[0,8]],[[6185,7343],[0,0]],[[6185,7343],[-3,0]],[[6182,7343],[0,0]],[[6182,7343],[0,-8],[0,-8],[-3,-7],[0,-8]],[[6182,7312],[3,0],[3,0],[0,-8],[-3,0],[0,-8],[-3,0]],[[6179,7312],[3,0]],[[6182,7296],[-3,0]],[[6179,7296],[0,8]],[[6179,7304],[-3,0],[0,-8],[3,0]],[[6179,7296],[-3,-8],[3,0],[-3,0],[0,-7],[3,0]],[[6182,7281],[3,0],[0,-8],[3,0],[3,0],[2,0]],[[6179,7281],[3,0]],[[6114,8218],[-3,0]],[[6111,8218],[0,-8],[-3,-8],[3,0],[-6,-8],[0,-15],[-5,0]],[[6125,8202],[-3,8],[-2,8],[-3,0]],[[6117,8218],[-3,0]],[[6122,8202],[3,0]],[[6117,8179],[0,8],[3,7],[2,0],[0,8]],[[6100,8179],[0,8]],[[6100,8187],[-3,0],[0,-8],[3,-8],[-3,-8]],[[6114,8179],[3,0]],[[6108,8155],[3,8],[3,8],[-3,0],[3,8]],[[6108,8155],[0,0]],[[6103,8148],[2,0],[0,7],[3,0]],[[5921,8515],[3,8],[-6,0],[-3,7],[0,8],[-2,0],[-3,8],[3,0],[-3,0],[-3,0],[-17,16]],[[5890,8562],[-3,-8],[-3,0]],[[5893,8538],[0,-8],[3,-7]],[[5896,8523],[2,0],[3,-8],[3,0],[3,-8],[3,0],[3,0]],[[5896,8523],[0,0]],[[5918,8515],[3,0]],[[5913,8507],[2,0],[3,8]],[[7569,8171],[-3,8],[-3,0]],[[7580,8148],[-3,7],[-3,0],[3,0],[-3,8],[0,8],[-2,0],[-3,0]],[[7569,8171],[0,0]],[[7617,8140],[-3,0],[3,0]],[[7617,8140],[0,8],[-3,0],[-3,0],[-3,7],[0,8]],[[7608,8163],[-2,-8]],[[7606,8155],[-3,0]],[[7603,8155],[-3,0],[-3,-7],[-3,0]],[[7594,8148],[-3,0]],[[7591,8148],[0,7]],[[7591,8148],[-5,0]],[[7586,8148],[-3,0]],[[7583,8148],[-3,0]],[[7623,8132],[0,8]],[[7623,8140],[-6,0]],[[7648,8030],[-3,0],[0,8],[-3,8],[-2,8],[2,8],[3,8],[0,7],[-3,0],[0,8],[-2,0],[0,8],[-3,0],[0,8],[0,8],[-3,0],[-3,7],[-3,0],[0,8],[0,8],[-3,0]],[[7625,8132],[-2,0]],[[7645,7999],[3,0],[3,8],[3,0],[0,8],[0,8],[-3,0],[0,7]],[[7651,8030],[-3,0]],[[7642,7999],[3,0]],[[7617,7929],[0,8],[3,0],[0,8],[3,7],[2,0],[0,8],[3,0],[3,0],[0,8],[3,0],[3,0],[3,8],[2,8],[0,7],[0,8]],[[5260,4320],[-2,0]],[[5258,4320],[0,-8]],[[5263,4320],[0,-8],[3,-8],[3,0],[3,0],[0,-8],[3,0]],[[5300,4656],[3,0],[3,-8],[0,-16]],[[5300,4656],[0,0]],[[5309,4632],[2,0],[0,-7],[0,-8],[0,-8],[3,-8],[3,0],[3,-8]],[[5306,4632],[3,0]],[[5331,4617],[14,-16],[3,-8],[3,0]],[[5320,4593],[6,0],[0,8],[2,0],[0,8],[3,0],[-3,8],[3,0]],[[5263,4320],[0,0]],[[5260,4320],[3,0]],[[5260,4320],[0,0]],[[5246,4382],[0,-7]],[[5249,4375],[3,0],[0,-8],[-3,-8],[0,-8],[3,0],[0,-8],[0,-7]],[[5246,4375],[3,0]],[[5255,4336],[0,-8],[3,-8]],[[5252,4336],[3,0]],[[5258,4320],[0,0]],[[5272,4367],[0,0]],[[5269,4367],[3,0]],[[5269,4312],[0,8],[0,8],[0,8],[0,7],[0,8],[0,8],[0,8]],[[5266,4320],[3,-8]],[[5263,4320],[3,0]],[[5207,4484],[0,-8]],[[5209,4476],[3,0],[-3,0]],[[5209,4476],[0,-8],[3,-8]],[[5207,4476],[2,0]],[[5212,4460],[3,0]],[[5212,4460],[0,0]],[[5246,4382],[-3,-7],[0,-8],[0,-8],[-2,0]],[[5241,4359],[0,0]],[[5221,4445],[0,0]],[[5224,4429],[0,8],[0,8]],[[5224,4445],[-3,0]],[[5232,4429],[-3,0],[0,8]],[[5229,4437],[-3,0],[0,-8],[-2,0]],[[5235,4421],[0,8],[-3,0]],[[5232,4429],[0,0]],[[5241,4359],[0,8],[0,8],[0,7],[-3,0],[3,8],[0,8],[0,8],[0,8],[0,7],[-3,0]],[[5238,4421],[-3,0]],[[5263,4406],[-3,0]],[[5260,4406],[-2,0],[0,-8],[-3,0],[0,-8],[-3,0],[0,-8],[-3,0]],[[5249,4382],[0,8]],[[5249,4390],[-3,-8]],[[5297,4570],[3,-8],[0,-8],[3,0]],[[5306,4554],[3,0],[0,-8],[-3,0],[0,-7],[-3,0],[0,-8],[0,-8],[3,-8],[3,0],[2,0]],[[5303,4554],[3,0]],[[5314,4515],[3,0],[3,-8],[3,0]],[[5311,4515],[3,0]],[[5249,4507],[-3,-7],[3,-8],[0,-16],[-3,-8]],[[5258,4476],[5,0]],[[5246,4468],[3,0],[3,8],[6,0]],[[5266,4476],[3,0]],[[5263,4476],[3,0]],[[5300,4656],[0,8],[-3,0],[0,7]],[[5300,4656],[-3,-8],[-3,-8],[3,-8],[-3,-7],[0,-8],[0,-8],[0,-8],[0,-8],[0,-8],[3,-7],[0,-8]],[[5277,4578],[0,-8],[3,0],[0,-8],[0,-8]],[[5272,4578],[3,0],[2,0]],[[5269,4578],[0,0]],[[5266,4578],[3,0]],[[5269,4578],[3,0]],[[5292,4554],[2,0],[0,8],[0,8],[3,0]],[[5286,4570],[0,-8],[3,0],[0,-8],[3,0]],[[5280,4554],[3,0],[0,8],[3,8]],[[5309,4734],[2,0]],[[5309,4734],[0,0]],[[5297,4671],[3,8],[0,8],[0,8],[-3,8],[0,7],[3,8],[3,0],[0,8],[3,8],[3,0]],[[5280,4750],[0,-8],[0,-8],[3,0],[3,0],[0,-8],[3,0],[3,-8],[2,-15],[-2,0],[2,-16],[-2,0],[0,-8],[2,0],[3,0],[0,-8]],[[5272,4742],[5,8],[3,0]],[[5297,4671],[0,0]],[[5249,4507],[0,0]],[[5263,4523],[-3,0],[0,-8],[-2,0],[-6,-8],[-3,0]],[[5266,4562],[0,-8],[-3,-15],[0,-16]],[[5266,4562],[0,8],[0,8]],[[5263,4585],[3,-7]],[[5263,4578],[0,7]],[[5266,4578],[0,0]],[[5260,4578],[3,0]],[[5258,4578],[2,0]],[[5249,4507],[-3,0]],[[5246,4507],[0,0]],[[5246,4507],[-3,0]],[[5192,4429],[-3,16],[0,8],[0,7],[3,8],[3,8]],[[5258,4257],[0,16],[2,0],[0,8],[0,8],[0,7],[0,8],[-2,8]],[[5258,4312],[-3,0]],[[5255,4312],[-3,0]],[[5252,4312],[-3,0],[-3,0],[0,-8]],[[5246,4304],[-3,0]],[[5243,4304],[-2,-8]],[[5275,4273],[-3,0],[0,8],[-3,0]],[[5269,4281],[-3,0],[0,-8],[3,-8],[-3,0]],[[5266,4265],[0,0]],[[5266,4265],[-3,0],[0,-8],[0,-7],[0,-8],[0,-8],[0,-8]],[[5215,4460],[0,-7]],[[5215,4453],[-3,0]],[[5212,4453],[-3,-8],[0,-8],[-2,-8],[-3,-8]],[[5198,4429],[-3,0]],[[5195,4429],[-3,0]],[[5204,4421],[0,8],[-3,0]],[[5201,4429],[-3,0]],[[5221,4445],[0,-8],[-3,0],[3,-8],[-3,0],[3,0],[0,-8],[-3,0],[0,-7],[-3,-8],[0,-8],[0,-8],[-3,0],[0,-8],[0,-7]],[[5207,4375],[0,7],[0,8],[-9,0]],[[5198,4390],[0,-8],[-3,-7],[0,-8],[0,-8],[0,-8],[-3,0],[0,-8]],[[5212,4375],[-3,7]],[[5209,4382],[0,-7],[-2,0]],[[5192,4343],[0,-7],[3,0],[0,-8]],[[5221,4445],[-3,8],[0,7]],[[5218,4460],[-3,0]],[[5192,4429],[-3,0],[0,-8],[0,-7],[0,-8]],[[5189,4406],[-2,0],[-3,0]],[[5184,4406],[-3,0],[0,-8]],[[5235,4273],[0,8],[3,0]],[[5238,4281],[0,8],[0,7]],[[5246,4742],[0,-8]],[[5246,4734],[-3,0],[0,-8],[-2,0],[0,-8],[-3,-8]],[[5235,4710],[-3,0],[-3,0]],[[5229,4710],[-3,0],[0,-7]],[[5238,4710],[0,0]],[[5238,4710],[-3,0]],[[5235,4875],[3,0],[3,0],[2,7]],[[5229,4882],[3,0],[0,-7],[3,0]],[[5226,4875],[3,0],[0,7]],[[5226,4875],[0,0]],[[5198,4804],[9,8],[2,0],[0,8],[-2,8],[2,0],[0,7],[3,0],[0,8],[9,0],[0,8],[3,0],[0,16],[0,8],[2,0]],[[5195,4812],[3,-8]],[[5192,4765],[0,31],[3,16]],[[5269,4734],[-3,0],[-3,8]],[[5263,4742],[-3,-8]],[[5255,4718],[-3,8],[-3,0],[0,8],[-3,0]],[[5272,4742],[-3,-8]],[[5260,4734],[-2,0],[-3,0]],[[5255,4734],[0,-8],[0,-8]],[[5272,4742],[-3,0],[0,8],[0,7],[3,0],[3,8],[0,8],[0,8],[-3,0],[0,15],[0,8],[0,8],[3,0],[5,8],[3,8],[0,7]],[[5283,4835],[3,0]],[[5255,4781],[0,8],[-3,0],[0,7],[3,0],[0,8],[-3,0],[0,8],[0,8],[0,8],[-3,31],[3,8]],[[5255,4781],[0,0]],[[5252,4773],[3,8]],[[5249,4773],[3,0]],[[5246,4742],[0,8],[0,7],[0,16],[3,0]],[[5351,4828],[-3,-8]],[[5348,4820],[-3,0]],[[5345,4820],[-2,0],[-3,-8],[0,-16],[0,-7],[-9,-8],[-3,0],[-2,0],[-3,-8],[0,-8],[3,0]],[[5328,4765],[0,-8],[0,-7]],[[5326,4765],[2,0]],[[5331,4750],[0,-8],[3,-8],[3,-8],[3,0],[3,0],[2,0],[0,-8],[-2,0],[-3,0],[0,-8],[0,-7]],[[5328,4750],[3,0]],[[5320,4734],[-3,0],[-3,0],[-3,0]],[[5323,4726],[0,8],[-3,0]],[[5320,4734],[0,0]],[[5331,4710],[0,8],[0,8],[-3,8]],[[5328,4734],[0,-8],[-5,0]],[[5340,4703],[-3,0],[0,7]],[[5337,4710],[-6,0]],[[5306,4796],[-3,0],[0,8],[0,8],[-3,0],[0,8],[-3,0],[0,8],[-3,7],[-2,0]],[[5292,4835],[-3,-7],[0,-8]],[[5289,4820],[-3,0],[0,8],[0,7]],[[5309,4789],[-3,0],[0,7]],[[5306,4796],[0,0]],[[5309,4765],[0,8],[2,0],[0,8],[0,8],[-2,0]],[[5309,4789],[0,0]],[[5311,4734],[0,8],[3,8],[3,7],[-3,0],[-3,8]],[[5311,4765],[-2,0]],[[5300,4843],[3,0],[0,8],[3,0]],[[5286,4851],[3,0]],[[5283,4835],[-3,8],[0,8],[3,0],[3,0]],[[5292,4851],[2,0],[0,-8]],[[5289,4851],[3,0]],[[5297,4843],[3,0]],[[5294,4843],[3,0]],[[5351,4828],[3,0],[0,-8],[3,-8],[0,-8],[0,-8],[0,-7],[0,-8],[5,-24],[0,-7],[-2,-16],[2,0]],[[5399,4765],[-2,0],[2,8],[0,8],[0,8],[0,23],[0,8],[3,15],[3,0],[0,8],[-3,8],[0,8],[0,16]],[[5382,4679],[3,0],[0,8],[0,8],[0,8],[3,0],[6,7],[3,0],[0,8],[0,8],[0,8],[2,8],[3,8],[0,7],[-3,0],[0,8]],[[5399,4765],[0,0]],[[5368,4734],[3,0],[3,-8],[3,-8],[2,-8],[0,-7],[0,-16],[0,-8],[3,0]],[[5362,4734],[6,0]],[[5382,4679],[0,0]],[[5343,4851],[-3,8],[0,8]],[[5340,4867],[-3,0],[-3,-8],[-3,0],[0,-8],[-3,0]],[[5328,4851],[-2,0],[-3,0]],[[5348,4851],[-3,0]],[[5345,4851],[-2,0]],[[5351,4828],[0,7],[0,8],[-3,8]],[[5348,4851],[0,0]],[[5207,4484],[-3,0],[0,-8],[-3,0]],[[5195,4476],[0,0]],[[5201,4476],[-3,0]],[[5198,4476],[-3,0]],[[5201,4476],[0,0]],[[5224,4507],[0,8],[2,16]],[[5207,4515],[2,0],[3,-8],[3,0],[3,0],[6,0]],[[5207,4484],[0,8],[-3,0],[0,8],[-3,0],[3,0],[3,15]],[[5189,4484],[3,-8]],[[5187,4484],[2,0]],[[5187,4484],[0,0]],[[5184,4476],[3,8]],[[5181,4476],[3,0]],[[5181,4476],[0,0]],[[5192,4476],[3,0]],[[5192,4476],[0,0]],[[5181,4476],[-3,-8]],[[5175,4468],[-3,0],[0,8]],[[5172,4476],[-2,-8],[0,-8]],[[5178,4468],[0,0]],[[5178,4468],[-3,0]],[[5170,4460],[-3,0]],[[5167,4460],[0,-7],[-3,0],[0,-8],[3,0],[0,-8],[0,-31]],[[5133,4453],[0,7]],[[5133,4460],[0,8],[0,8],[-3,0]],[[5130,4476],[-3,-8]],[[5141,4421],[-3,8],[0,8],[-2,0],[0,8],[0,8],[0,7]],[[5136,4460],[-3,0]],[[5150,4429],[-3,8]],[[5147,4437],[-3,-8],[0,-8],[-3,0]],[[5158,4398],[-3,0],[0,8],[3,0],[0,8],[0,7],[-3,0],[0,8],[-2,0]],[[5153,4429],[-3,0]],[[5167,4406],[-3,0],[-3,0],[-3,-8]],[[5170,4554],[-6,0],[0,8],[-3,0],[0,8]],[[5161,4570],[-3,0],[0,-8],[-3,0],[0,-8],[-5,-8],[-3,0],[0,-7],[-6,-8]],[[5181,4476],[-3,0],[0,8],[0,8],[-3,0],[0,8],[-3,7],[0,8],[-2,16],[0,8],[0,7],[2,0],[0,8]],[[5172,4554],[-2,0]],[[5141,4531],[0,8]],[[5141,4539],[-3,0],[0,-8],[-2,0],[0,-8],[-3,0],[-3,0]],[[5130,4523],[0,0]],[[5130,4523],[-3,-8]],[[5144,4375],[3,-8]],[[5138,4359],[3,0],[0,8],[0,8],[3,0]],[[5164,4375],[3,0],[0,-8]],[[5167,4367],[-3,0],[3,0]],[[5167,4367],[0,-8]],[[5147,4367],[0,8],[17,0]],[[5170,4367],[0,-8],[0,-8]],[[5167,4367],[3,0]],[[5133,4359],[5,0]],[[5130,4359],[3,0]],[[5127,4359],[3,0]],[[5130,4359],[0,0]],[[5170,4351],[2,0]],[[5184,4875],[-3,0],[-3,0],[-3,7],[-3,0]],[[5172,4882],[0,0]],[[5172,4882],[-2,0]],[[5170,4882],[-3,0]],[[5187,4820],[0,8],[0,7],[0,8],[0,8],[0,8],[0,8],[0,8]],[[5187,4875],[-3,0]],[[5184,4820],[3,0]],[[5181,4750],[0,7]],[[5181,4757],[-3,0],[0,8],[3,8],[0,8],[0,31],[0,8],[3,0]],[[5189,4765],[0,0]],[[5189,4765],[-5,-8],[-3,0]],[[5192,4765],[0,0]],[[5192,4765],[-3,0]],[[5201,4765],[0,0]],[[5195,4765],[3,0],[3,0]],[[5204,4765],[3,-8],[2,0]],[[5201,4765],[3,0]],[[5195,4765],[0,0]],[[5192,4765],[3,0]],[[5215,4757],[3,0],[0,-7],[0,-8],[3,-8],[0,-16]],[[5209,4757],[3,0],[3,0]],[[5241,4492],[-3,8],[0,7],[-3,0],[-3,8],[0,8],[0,8],[-3,0]],[[5229,4531],[-3,0]],[[5243,4507],[0,-7]],[[5243,4500],[-2,0]],[[5241,4500],[0,-8]],[[5226,4664],[-2,0],[0,7],[0,8],[0,8],[0,8],[0,8]],[[5224,4703],[2,0]],[[5246,4671],[-3,0],[0,8]],[[5243,4679],[-2,0]],[[5238,4671],[-3,0],[0,8]],[[5235,4679],[-3,0],[-3,-8],[0,-7],[-3,0]],[[5241,4679],[0,0]],[[5241,4679],[-3,0],[0,-8]],[[5252,4632],[-3,0],[-3,0],[0,8],[0,8],[3,0],[3,8],[-3,0],[-3,8],[3,0],[0,7],[-3,0]],[[5246,4671],[0,0]],[[5258,4578],[0,7],[-3,0],[0,8],[3,0],[0,8],[0,8],[-3,0],[0,8],[3,0],[0,15],[-3,0]],[[5255,4632],[-3,0]],[[5258,4578],[0,0]],[[5255,4562],[0,0]],[[5258,4578],[-3,-16]],[[5249,4570],[3,-8],[3,0]],[[5243,4507],[0,8],[-2,55],[2,0],[6,0]],[[5221,4718],[3,0],[0,-15]],[[5178,4585],[-3,8],[0,8],[0,8],[-11,31],[-3,8]],[[5161,4648],[-3,-8],[-3,0]],[[5181,4585],[-3,0]],[[5178,4585],[0,0]],[[5187,4562],[0,8],[0,8],[-3,0],[-3,0],[0,7]],[[5181,4585],[0,0]],[[5201,4554],[-3,0],[0,8],[-3,0],[-3,8]],[[5192,4570],[-3,0],[-2,-8]],[[5215,4531],[0,8],[-3,0],[-3,0],[0,7],[-2,0],[-3,8]],[[5204,4554],[-3,0]],[[5226,4531],[-2,8]],[[5224,4539],[-3,0],[-3,-8]],[[5218,4531],[0,0]],[[5218,4531],[-3,0]],[[5226,4531],[0,0]],[[5207,4710],[-3,0],[0,8],[0,8],[-3,8],[-3,0]],[[5198,4734],[-9,0],[-2,-8],[0,-8],[2,0],[3,0],[0,-8],[3,0],[0,-7],[-3,0],[3,-8],[0,-8],[-3,0],[-3,0]],[[5221,4718],[0,0]],[[5221,4718],[-3,0],[-3,-8],[-6,0],[-2,0]],[[5167,4710],[-3,0],[-3,8],[-3,0],[-3,0]],[[5155,4718],[0,0]],[[5181,4640],[-3,0],[3,8]],[[5181,4648],[0,8],[-3,0],[0,8],[0,7],[6,8],[0,8],[0,16],[-6,7],[-3,0]],[[5175,4710],[-3,0],[-5,0]],[[5189,4687],[0,0]],[[5189,4687],[-2,0],[0,-8],[0,-8],[2,-7],[0,-8],[-2,-8],[-3,0],[-3,0]],[[5181,4648],[0,-8]],[[5513,2094],[0,7],[3,0]],[[5513,2094],[0,0]],[[5510,2086],[3,8]],[[5507,2086],[3,0]],[[5504,2078],[3,8]],[[5496,1992],[3,0],[2,0],[0,8],[-2,0],[2,8],[0,7],[-2,0],[0,8],[2,0],[-2,16],[2,0],[0,8],[0,7],[0,8],[3,0],[0,8],[3,0],[0,8],[-3,0]],[[5504,2078],[0,0]],[[5561,2156],[3,0]],[[5561,2156],[0,0]],[[5552,2148],[3,0],[3,0],[0,8],[3,0]],[[5552,2148],[0,0]],[[5547,2133],[0,7],[3,0],[0,8],[2,0]],[[5547,2133],[0,0]],[[5547,2125],[0,8]],[[5547,2133],[-3,0],[3,0]],[[5544,2125],[3,0]],[[5541,2125],[3,0]],[[5541,2125],[0,0]],[[5535,2117],[3,0],[3,0],[0,8]],[[5535,2117],[0,0]],[[5533,2109],[2,8]],[[5524,2117],[3,0],[0,-8]],[[5524,2109],[0,8]],[[5533,2117],[0,-8]],[[5527,2109],[3,0],[0,8],[3,0]],[[5524,2109],[0,0]],[[5521,2109],[0,-8]],[[5521,2101],[3,8]],[[5518,2101],[3,0]],[[5516,2101],[2,0]],[[5496,2234],[-3,0],[0,8]],[[5510,2211],[-3,0],[-3,8],[-5,7],[-3,0],[0,8]],[[5496,2234],[0,0]],[[5518,2125],[0,8],[0,7],[-2,0],[0,8],[0,8],[0,8],[0,8],[2,0],[0,7],[0,8],[0,8],[-2,0],[0,8],[-3,0],[0,8]],[[5513,2211],[-3,0]],[[5516,2125],[2,0]],[[5516,2101],[0,8],[0,8],[2,8]],[[5564,2156],[0,-8],[0,-8],[0,-7],[0,-8],[-3,0]],[[5561,2125],[0,0]],[[5561,2125],[0,-8],[0,-8],[3,-8]],[[5564,2101],[3,0],[-3,-7],[3,0]],[[5564,2101],[0,0]],[[5567,2094],[0,-8],[2,-8],[0,-8],[0,-8],[0,-8]],[[5567,2094],[0,0]],[[5572,2062],[0,-8],[-3,0]],[[5569,2054],[0,-7],[3,0],[0,-8],[-3,0],[3,0],[3,-8],[0,-8],[-3,-8]],[[5569,2054],[3,8]],[[5604,2273],[22,-8],[3,0],[0,-7]],[[5575,2211],[3,15],[6,24],[14,15],[3,0],[0,8],[3,0]],[[5638,2258],[2,0],[3,0],[3,0]],[[5632,2258],[3,0],[3,0]],[[5629,2258],[3,0]],[[5575,2211],[0,0]],[[5572,2203],[0,8],[3,0]],[[5572,2187],[0,8],[-3,0]],[[5569,2195],[3,0],[0,8]],[[5572,2203],[0,0]],[[5569,2195],[3,-8]],[[5567,2187],[0,8],[2,0]],[[5564,2156],[3,0],[0,8],[0,8],[2,0],[0,7],[0,8]],[[5569,2187],[-2,0]],[[5561,2492],[0,-31]],[[5595,2351],[0,32],[-28,0]],[[5646,2351],[-51,0]],[[5646,2445],[0,-23]],[[5535,2039],[3,0],[0,-8]],[[5527,2031],[3,0],[3,8],[2,0]],[[5521,2039],[3,0],[0,-8]],[[5516,2000],[2,0],[3,8],[0,7],[-3,0],[3,16],[0,8]],[[5527,2031],[0,0]],[[5524,2031],[3,0]],[[5547,2031],[-3,0]],[[5544,2031],[0,-8],[0,-8],[3,-7]],[[5538,2031],[3,0],[3,0]],[[5572,2015],[0,0]],[[5564,2008],[3,0],[0,7],[2,0],[3,0]],[[5558,2008],[3,0]],[[5550,2008],[2,0],[6,0]],[[5513,2008],[3,0],[0,-8]],[[5516,1992],[-3,0],[0,8],[0,8]],[[5547,2008],[3,0]],[[5547,2008],[0,0]],[[5561,2008],[3,0]],[[5561,2008],[0,0]],[[5518,1984],[0,8],[-2,0]],[[5516,1992],[0,0]],[[5496,1992],[0,-8],[3,0],[0,-8]],[[5513,1984],[-3,0]],[[5510,1984],[0,-8],[3,0]],[[5516,1984],[2,0]],[[5513,1976],[0,8]],[[5513,1984],[3,0]],[[5507,1984],[3,0]],[[5499,1976],[2,0],[0,8],[3,0],[3,0]],[[5479,2000],[0,8],[-3,0],[-14,0]],[[5484,2000],[-2,0]],[[5482,2000],[-3,0]],[[5496,1992],[-6,8],[-6,0]],[[5484,2000],[0,0]],[[5572,2015],[3,-15]],[[5595,2000],[3,0],[0,-16],[20,0]],[[5595,2000],[0,0]],[[5578,2000],[3,0],[3,0]],[[5575,2000],[3,0]],[[5589,2000],[3,0],[3,0]],[[5584,2000],[5,0]],[[5470,1898],[29,0],[0,-8],[2,-39]],[[5470,1898],[0,0]],[[5575,1867],[0,-8],[3,0],[14,-8]],[[5550,1851],[5,0],[14,8],[6,8]],[[5595,1859],[3,-8]],[[5592,1851],[3,8]],[[5518,1859],[3,-8]],[[5516,1844],[2,7],[0,8]],[[5544,1859],[0,-8]],[[5544,1851],[6,0]],[[5541,1836],[0,15],[3,0]],[[5516,1851],[0,-7]],[[5513,1828],[0,23],[3,0]],[[5504,1851],[6,-15]],[[5510,1836],[0,-8]],[[5501,1851],[3,0]],[[5521,1851],[6,0],[3,-7],[3,0]],[[5521,1851],[0,0]],[[5601,1851],[3,0],[2,0],[3,-7],[3,0]],[[5598,1851],[3,0]],[[5615,1851],[0,0]],[[5612,1844],[3,7]],[[5615,1851],[3,0]],[[5538,1844],[3,-8]],[[5533,1844],[2,0],[3,0]],[[5510,1836],[3,0],[0,-8]],[[5493,2469],[0,0]],[[5493,2469],[3,0]],[[5496,2469],[3,0],[5,0]],[[5493,2469],[0,7]],[[5493,2492],[0,-8],[0,-8]],[[5484,2351],[3,8],[3,0],[3,0],[0,8],[-3,0],[3,8],[-3,8],[0,7],[3,8],[-3,24],[0,7],[0,8],[-3,0],[-3,8],[9,24]],[[5524,2328],[0,0]],[[5516,2453],[8,8],[37,0]],[[5513,2453],[3,0]],[[5567,2383],[0,-16],[-3,0],[-3,0],[0,-8],[0,-8],[0,-7],[-3,0],[0,-8],[0,-8]],[[5541,2351],[-3,0],[0,8]],[[5538,2359],[-3,-8],[-2,-7],[-9,-16]],[[5541,2344],[0,7]],[[5541,2351],[0,0]],[[5544,2336],[0,8]],[[5544,2344],[0,7]],[[5544,2344],[-3,0]],[[5550,2328],[0,8],[-3,0]],[[5547,2336],[-3,0]],[[5552,2328],[-2,0]],[[5550,2328],[0,0]],[[5558,2328],[-3,0]],[[5555,2328],[-3,0]],[[5567,2383],[-6,7],[0,71]],[[5501,2344],[0,7],[3,0],[0,8],[-3,0],[0,8],[-2,8],[0,8],[2,0],[0,7],[3,0],[0,8],[0,8],[-3,0],[3,8],[-3,0],[0,8],[3,0],[0,7],[0,8],[0,8],[0,24]],[[5493,2242],[-3,8],[-3,0]],[[5487,2250],[-3,0],[0,-8],[-5,-8],[0,-8],[-3,0],[0,-7],[-3,0],[-3,0],[0,-8],[-3,0]],[[5456,2211],[-3,0]],[[5453,2211],[-3,0],[-2,0],[-3,0],[0,-8],[-3,0],[-3,0],[-3,-8]],[[5462,2211],[-3,0]],[[5459,2211],[-3,0]],[[5465,2211],[-3,0]],[[5462,2211],[0,0]],[[5467,2211],[-2,0]],[[5465,2211],[0,0]],[[5524,2289],[-3,0],[-3,0],[0,-8]],[[5518,2281],[0,0]],[[5518,2281],[-5,-8],[0,-8],[0,-7]],[[5513,2258],[-3,0]],[[5510,2258],[-3,0],[-3,0],[-3,-8],[-2,-8]],[[5499,2242],[-3,0],[-3,0]],[[5524,2289],[0,8],[0,23],[0,8]],[[5484,2351],[0,0]],[[5499,2344],[-3,0],[-3,7],[-3,0]],[[5490,2351],[-6,0]],[[5501,2344],[-2,0]],[[5499,2344],[0,0]],[[5465,2336],[-6,0],[3,0],[0,8]],[[5462,2344],[-3,7],[0,8],[0,8],[0,8],[0,8],[-3,0],[0,7],[0,8],[0,8],[0,31],[0,8],[-3,16],[0,8],[0,7],[-3,0],[3,8],[0,8]],[[5484,2351],[-2,0]],[[5482,2351],[-3,0]],[[5479,2351],[-6,0],[-8,0],[-3,0],[0,-7]],[[5465,2344],[0,-8]],[[5462,2344],[3,0]],[[5524,2328],[-3,0],[0,8],[-3,0],[-5,0],[-3,0],[-3,0],[0,8],[-6,0]],[[8127,7687],[0,8],[3,7]],[[8068,7718],[-3,0],[-3,8],[-3,0],[-3,0],[3,8],[0,7]],[[8059,7741],[-3,0],[0,-7],[-2,0],[-3,-8],[3,0],[0,-8],[0,-8],[0,-8],[-3,-7],[0,-8],[3,0],[2,0]],[[8073,7687],[3,0],[3,0],[0,8],[0,7],[0,8],[0,8],[-3,0],[0,8],[-3,0],[-2,0]],[[8071,7726],[-3,0],[0,-8]],[[8068,7695],[0,-8],[3,0],[2,0]],[[8056,7687],[3,0],[3,0],[0,8],[3,0],[3,0]],[[8125,7570],[0,-8],[2,-8],[0,-8],[3,0],[0,-8],[3,0],[0,-8],[3,-7]],[[8127,7593],[3,0],[3,8],[3,0],[0,8],[3,0],[0,7],[3,0],[0,8],[0,8],[0,8],[0,8],[-3,7],[0,8],[-3,8],[-3,8],[-3,0],[0,8],[-3,0]],[[8127,7687],[0,0]],[[8116,7679],[3,8],[3,0],[5,0]],[[8110,7687],[3,0],[3,-8]],[[8102,7648],[3,7],[0,8],[0,8],[-3,0],[-3,8],[3,0],[3,8],[3,0],[2,0]],[[8051,7671],[3,0],[2,-8],[0,-8],[3,-7]],[[8028,7640],[3,0],[3,0],[0,8],[3,0],[2,0],[3,0],[0,7],[-3,8],[3,0],[3,0],[3,0],[3,8]],[[8062,7655],[3,-7],[3,0],[3,0],[0,-8],[2,0],[3,0]],[[8059,7648],[0,7],[3,0]],[[8099,7648],[3,0]],[[8093,7648],[3,0],[3,0]],[[8014,7648],[6,0],[2,0],[0,-8],[3,0],[3,0]],[[8088,7648],[3,0],[2,0]],[[8085,7648],[3,0]],[[8082,7648],[3,0]],[[8076,7640],[3,0],[0,8],[3,0]],[[8014,7648],[0,7],[0,8],[-3,8]],[[8014,7687],[0,8],[3,0],[0,7],[0,8],[3,8],[0,8],[0,8],[-3,7],[-3,8],[0,8],[3,0],[0,8],[-3,0],[-3,8],[-3,7]],[[8014,7648],[0,-8],[0,-8],[-3,-8],[-3,-8],[0,-7],[3,0],[0,-8],[3,0],[3,-8],[3,0]],[[8020,7601],[0,-8]],[[8020,7593],[0,-8],[0,-8],[2,0],[-2,0],[-6,0],[0,-7]],[[8014,7570],[-3,0]],[[8011,7570],[-3,0],[-3,-8],[-2,0],[0,-8],[2,0],[0,-8],[-2,0]],[[7935,7679],[0,-8],[2,0],[3,0],[0,-8],[3,0]],[[7946,7663],[3,0],[0,-8],[0,-7],[0,-8],[3,0],[0,-8],[2,0],[0,-8],[3,0],[3,0],[3,-8],[3,-7],[0,-8],[0,-8],[3,0],[2,0],[0,-8],[3,0],[0,-8],[3,0],[3,0],[0,-7],[0,-8],[3,0],[3,-8],[2,0],[3,-8]],[[7943,7663],[3,0]],[[7963,7726],[3,8],[-3,0],[-3,7],[-3,0],[-3,0],[-2,8],[-3,0],[-3,0],[0,8],[3,0],[0,8],[3,0],[0,8],[2,0],[0,7],[3,0],[0,8],[3,0]],[[7960,7726],[3,0]],[[7935,7679],[-3,8],[3,8],[2,0],[0,7],[3,0],[0,8],[3,0],[3,0],[3,0],[3,0],[0,8],[2,0],[3,8],[3,0]],[[7929,7679],[-6,0],[-5,8],[-9,8],[-3,0]],[[7906,7695],[0,-8],[-3,0],[-2,0]],[[7901,7687],[-3,0]],[[7898,7687],[0,-8],[5,0],[0,-8],[-2,0]],[[7935,7679],[-6,0]],[[7901,7671],[0,0]],[[7901,7671],[-3,0],[0,-8],[0,-8],[-3,0],[0,-7],[3,0],[3,0],[-3,-8],[-3,0],[-3,0],[0,-8],[-3,0]],[[7889,7632],[-6,8],[-2,0]],[[7881,7640],[-3,0],[0,-8],[0,-8],[-9,0]],[[7864,7624],[-3,0]],[[7869,7624],[0,0]],[[7869,7624],[-3,0],[-2,0]],[[8011,7671],[3,0],[0,8],[3,0],[-3,8]],[[8014,7687],[-3,0]],[[8011,7687],[-3,0]],[[8008,7687],[-5,0]],[[8003,7687],[-3,-8],[5,0],[0,-8],[3,0],[3,0]],[[8088,7476],[3,0],[2,0],[3,0],[3,8],[3,0],[3,7],[3,0],[0,8],[2,0],[0,8],[3,0]],[[8051,7499],[3,0],[2,0],[0,-8],[3,0],[3,0],[6,0],[3,0]],[[8039,7476],[3,8],[3,7],[3,8],[3,0]],[[8028,7491],[3,0],[3,-7],[3,0],[2,-8]],[[8020,7476],[2,8],[3,0],[3,7]],[[8073,7491],[3,0],[3,0],[3,-7],[3,0],[0,-8],[3,0]],[[8071,7491],[2,0]],[[8017,7476],[3,0]],[[8003,7546],[0,-8],[2,0],[0,-8],[3,0],[0,-7],[3,0],[0,-8],[-3,0],[-3,0],[3,-8],[0,-8],[3,0],[0,-8],[0,-7],[6,-8]],[[8003,7546],[-3,0],[-3,0]],[[7997,7546],[-3,0]],[[7994,7546],[-3,0]],[[7966,7554],[-3,0]],[[7963,7554],[-3,0],[3,0]],[[7963,7554],[0,-8],[0,-8],[-3,-8],[-3,0],[0,-7]],[[7983,7538],[-6,0],[-3,0],[0,8],[-3,8],[-2,0],[-3,0]],[[7966,7554],[0,0]],[[7991,7546],[-3,-8],[-2,0],[-3,0]],[[7957,7523],[-3,0],[-2,0],[0,7]],[[7952,7530],[-3,-7],[-9,0],[0,-8],[-3,0],[-14,-8]],[[8017,7476],[-3,0],[0,-8],[0,-8],[-3,0],[0,-8],[-6,0],[0,-7],[-2,-8],[0,-8],[0,-8],[-9,0],[-3,0],[-3,-8],[0,-7],[3,0],[0,-8],[3,0],[0,-8],[0,-8]],[[8125,7570],[2,7],[0,8],[0,8]],[[8125,7593],[2,0]],[[8125,7570],[-3,0],[-3,0],[0,7],[0,8],[3,0],[0,8],[3,0]],[[8056,7304],[-2,0],[-3,8],[-3,0],[0,8],[0,7],[-3,0],[-3,16],[-3,0],[-8,0],[-11,8],[-12,0],[-3,0],[0,8],[-2,0],[0,7],[0,8],[0,8],[-9,0]],[[8105,7327],[-6,0],[-3,0]],[[8096,7327],[-3,0]],[[8093,7327],[-17,-7],[-3,-8],[-2,0],[-3,-8],[-3,0],[-9,0]],[[7994,7382],[-3,-8],[0,-8],[-3,0],[-2,-7],[-6,-8],[-3,0],[-3,-24],[-3,0],[0,-7],[-2,0],[0,-8],[2,-8]],[[7971,7304],[-11,0]],[[7960,7304],[-14,-8],[-9,0]],[[8142,7507],[0,8]],[[8142,7515],[-3,8],[-3,0]],[[8156,7460],[-3,0],[-6,8],[-3,8],[-2,0],[0,8],[0,7],[2,8],[0,8],[0,8]],[[8144,7515],[-2,0]],[[8198,7452],[-3,0],[-2,0],[-6,8],[-3,8],[0,8],[-6,8],[-2,7],[-3,0]],[[8173,7491],[-3,0],[3,-7],[-3,-8],[0,-8],[-6,-8],[-3,0],[-5,0]],[[8204,7460],[-6,-8]],[[8136,7523],[0,-8],[-3,0],[-3,-8],[-3,0]],[[8127,7507],[-2,0],[-6,0]],[[8119,7507],[-3,0],[-3,0]],[[8125,7437],[-3,8],[0,7],[0,8],[0,8],[0,8],[-6,8],[0,7],[3,8],[-3,0],[-3,0],[0,8]],[[8130,7366],[0,8],[-3,24],[0,15],[0,8],[0,8],[3,8]],[[8130,7437],[-5,0]],[[8130,7366],[0,0]],[[8105,7327],[3,0],[0,8],[0,8],[0,8],[2,0],[3,0],[9,8],[3,0],[2,7],[3,0]],[[8105,7327],[0,-7],[0,-8],[3,-8],[5,-39],[0,-8],[0,-16],[0,-7],[0,-8],[3,-8],[-3,-8],[0,-8],[0,-39]],[[8229,7554],[0,8],[0,8],[0,7],[3,0],[9,8],[3,0],[2,0]],[[8221,7554],[6,0],[2,0]],[[8204,7460],[0,8],[3,8],[0,8],[0,7],[0,8],[3,8],[2,8],[0,8],[0,15],[3,0],[0,8],[3,8],[3,0]],[[8204,7460],[11,-8],[0,-7],[3,-8],[3,0],[0,-8],[0,-23],[0,-8],[3,0],[0,-8],[3,0],[0,-8],[0,-8]],[[7849,7577],[3,0],[0,-7],[6,-8]],[[7841,7577],[3,0],[3,0],[2,0]],[[7878,7577],[0,-7],[0,-8],[3,0],[0,-8],[0,-8],[0,-8],[2,0],[0,-8]],[[7858,7562],[6,0],[2,0],[3,8],[3,0],[3,0],[0,7],[3,0]],[[7898,7538],[0,-8],[3,0],[0,-7],[2,0],[0,-8],[3,0],[0,-8]],[[7883,7530],[3,0],[9,8],[3,0]],[[7920,7515],[3,-8]],[[7915,7507],[3,0],[2,8]],[[7912,7515],[3,-8]],[[7906,7507],[3,0],[3,8]],[[7937,7296],[-5,31],[0,8],[-3,8],[0,8],[3,8],[-3,0],[-3,0],[0,7],[-6,0],[0,8],[-2,0],[0,8],[0,8],[0,8],[2,8],[3,7],[0,8],[0,8],[0,8],[0,8],[0,7],[3,0],[3,0],[0,8],[0,8],[0,8],[3,0],[0,8],[-3,0],[0,7],[-3,8],[-3,8]],[[7895,7273],[-6,8],[-3,15],[-5,8]],[[7881,7304],[-9,-8],[0,-8],[0,-62],[3,-47]],[[7937,7296],[-14,-23],[-3,0]],[[7920,7273],[-22,0]],[[7898,7273],[-3,0]],[[2254,5374],[-2,-7],[0,-8],[2,0],[0,-8],[-2,0],[0,-8],[2,0],[0,-8]],[[2254,5335],[-2,0]],[[2252,5335],[0,-7]],[[2252,5328],[0,0]],[[2252,5328],[0,-8],[0,-8]],[[2252,5312],[-3,0]],[[2252,5312],[0,-8],[0,-8]],[[2252,5296],[0,-7]],[[2252,5296],[-3,0]],[[2249,5296],[-3,0],[0,-7],[-3,0],[0,-8]],[[2243,5515],[0,-8]],[[2243,5507],[-3,0]],[[2240,5507],[0,0]],[[2240,5507],[-3,0],[0,-8]],[[2237,5499],[-2,0]],[[2235,5499],[-3,0],[0,-7],[0,-8],[-3,0],[0,-8],[0,-8],[0,-8],[-3,0]],[[2226,5460],[0,0]],[[2226,5460],[-3,0]],[[2223,5460],[0,0]],[[2223,5460],[-3,-7],[0,-8],[0,-8]],[[2220,5437],[-2,0],[0,-8],[-3,0],[0,-8],[-3,-7],[0,-8]],[[2220,5523],[0,-8],[3,0],[0,-8],[-3,0],[-2,0]],[[2218,5507],[-3,0]],[[2215,5507],[-3,0],[0,-8],[0,-7],[0,-8],[-3,0]],[[2206,5484],[-3,0],[0,8]],[[2203,5492],[-2,0],[0,-8],[0,-8],[-3,-8],[3,-8],[0,-7],[0,-8],[2,0],[0,-8],[3,0],[0,-8]],[[2209,5484],[-3,0]],[[2206,5484],[0,0]],[[2192,5773],[0,-8]],[[2192,5765],[3,-8],[3,0],[0,-8],[0,-7],[0,-8],[0,-8],[0,-8],[3,0],[0,-8],[0,-7],[0,-8],[0,-8],[0,-8],[0,-8],[2,-8],[3,0]],[[2206,5671],[3,0],[3,-8]],[[2206,5663],[0,8]],[[2155,5671],[0,8]],[[2155,5679],[3,0],[3,8],[0,8],[3,0],[3,0],[0,8],[2,0],[0,7],[3,0],[3,8],[3,8],[3,0],[0,8],[3,8],[0,7],[2,0],[0,8],[3,0],[0,8],[3,0]],[[2152,5679],[3,0]],[[2150,5671],[2,0],[0,8]],[[2150,5671],[0,0]],[[2164,5601],[0,8],[-3,0],[0,8],[-3,0],[0,7],[-3,0],[0,8],[-3,0],[0,8],[0,8],[-2,0],[2,0],[0,8],[0,7],[-2,0],[0,8]],[[2172,5554],[0,8]],[[2172,5562],[3,0]],[[2175,5562],[0,8],[3,8],[0,7],[0,8],[-3,0],[0,8],[3,0],[0,8],[0,8],[-3,0]],[[2175,5617],[0,0]],[[2175,5617],[-3,0]],[[2172,5617],[-3,0],[0,-8],[-2,0]],[[2167,5609],[0,0]],[[2167,5609],[-3,-8]],[[2254,5507],[0,8],[0,8],[3,0]],[[2243,5515],[3,0],[0,-8],[3,0]],[[2243,5515],[0,0]],[[2254,5507],[0,0]],[[2252,5507],[2,0]],[[2252,5507],[0,0]],[[2249,5507],[3,0]],[[2237,5539],[0,-8],[3,0],[0,-8],[0,-8]],[[2235,5531],[0,8],[2,0]],[[2235,5531],[0,0]],[[2232,5523],[0,8],[3,0]],[[2223,5531],[3,0],[0,-8]],[[2220,5523],[0,8],[3,0]],[[2232,5523],[0,0]],[[2229,5523],[3,0]],[[2226,5523],[3,0]],[[2226,5523],[0,0]],[[2240,5515],[3,0]],[[2240,5515],[0,0]],[[2181,5554],[-3,0],[0,8]],[[2178,5562],[-3,0]],[[2175,5562],[0,-8]],[[2175,5554],[-3,0]],[[2198,5531],[-3,0],[0,8],[-3,0],[-3,7],[-3,8],[-2,0]],[[2184,5554],[-3,0]],[[2218,5531],[-3,0],[-3,8],[-3,0],[-3,0],[-3,7]],[[2203,5546],[-2,-7],[0,-8],[-3,0]],[[2198,5531],[0,0]],[[2220,5523],[-2,8]],[[2218,5531],[0,0]],[[2308,5289],[-3,-8],[-2,0],[0,-8],[-3,0],[0,-8]],[[2286,5257],[0,8],[-3,0],[0,8],[0,8]],[[2283,5281],[0,8]],[[2283,5281],[-3,0]],[[2280,5281],[0,0]],[[2280,5281],[-3,0],[0,-8],[0,-8],[3,0],[0,-8],[-3,0],[0,-8],[-3,0]],[[2300,5265],[-3,0],[0,8],[-3,0]],[[2294,5273],[-3,0],[0,-8],[-3,0],[0,-8],[-2,0]],[[2274,5249],[0,8]],[[2274,5257],[-3,0]],[[2271,5257],[-2,0]],[[2269,5257],[-3,0],[0,-8],[-3,0]],[[2263,5249],[0,0]],[[2150,5546],[2,0],[3,0],[0,8],[3,8],[3,0],[0,8]],[[2161,5570],[3,0]],[[2138,5554],[3,0],[0,-8],[3,0],[3,0],[3,0]],[[2135,5546],[3,8]],[[2104,5585],[0,8],[0,8]],[[2104,5601],[0,8]],[[2104,5609],[3,0]],[[2107,5609],[-3,8],[3,0]],[[2107,5617],[0,7],[-3,8],[-3,0]],[[2101,5632],[0,-8],[0,-7],[0,-8],[3,0]],[[2104,5601],[-3,0],[-3,-8],[-2,0],[-3,0]],[[2110,5617],[0,0]],[[2110,5617],[-3,0]],[[2107,5617],[0,-8]],[[2107,5609],[0,-8],[0,-8],[0,-8],[-3,0]],[[2113,5578],[-3,0],[0,7],[0,8],[0,8],[3,8],[0,8],[-3,0]],[[2124,5593],[0,8],[-3,0],[0,8],[-3,0]],[[2118,5609],[0,-8],[0,-8],[0,-8],[-2,0],[0,-7]],[[2127,5593],[0,0]],[[2127,5593],[-3,0]],[[2124,5570],[3,0],[0,8],[0,7],[3,8],[-3,0]],[[2116,5578],[-3,7]],[[2113,5585],[0,-7]],[[2116,5578],[0,0]],[[2121,5570],[3,0]],[[2113,5531],[0,8],[3,0],[0,7],[0,8],[0,8],[2,0],[3,0],[0,8]],[[2135,5546],[0,-7],[3,0]],[[2138,5539],[3,0],[0,-8],[-3,-8],[-3,0],[0,-8]],[[2138,5539],[0,0]],[[2110,5531],[3,0]],[[2110,5507],[0,8]],[[2110,5515],[0,8],[0,8]],[[2135,5515],[0,0]],[[2135,5515],[-2,0]],[[2133,5515],[-3,0]],[[2130,5515],[-3,0],[0,-8],[3,-8],[-3,-7]],[[2113,5507],[0,8],[-3,0]],[[2118,5507],[-2,0]],[[2116,5507],[-3,0]],[[2124,5499],[-3,0],[-3,8]],[[2118,5507],[0,0]],[[2127,5492],[0,7],[-3,0]],[[2124,5499],[0,0]],[[2167,5570],[-3,0]],[[2169,5562],[-2,0],[0,8]],[[2167,5570],[0,0]],[[2172,5562],[-3,0]],[[2172,5554],[-3,0],[0,-8],[3,0],[0,-7],[-3,0],[0,-8],[0,-8],[0,-8],[-2,0],[0,-8]],[[2167,5507],[-3,0]],[[2164,5507],[-3,-8],[0,-7],[-3,0],[0,-8],[-3,0],[0,-8],[0,-8],[3,0],[0,-8],[0,-7],[-3,0],[0,-8]],[[2198,5328],[3,-8]],[[2201,5320],[2,0],[0,-8],[0,-8],[3,-8],[-3,0],[0,-7],[3,0]],[[2201,5320],[0,0]],[[2223,5320],[3,0],[0,-8],[3,0]],[[2220,5304],[0,8]],[[2220,5312],[3,0],[0,8]],[[2229,5312],[0,0]],[[2206,5289],[3,0],[0,7],[3,0],[0,8],[3,0],[3,0],[0,8],[2,0]],[[2229,5312],[0,-8],[3,0],[0,-8],[3,0]],[[2237,5304],[0,-8]],[[2237,5296],[3,0],[0,-7],[3,-8]],[[2235,5296],[2,0]],[[2243,5281],[0,-8]],[[2243,5273],[0,0]],[[2246,5273],[0,-8],[3,0],[0,-8],[3,0],[2,0],[3,-8]],[[2243,5273],[3,0]],[[2260,5257],[0,-8],[3,0]],[[2257,5249],[0,8],[3,0]],[[2263,5249],[0,-7],[-3,0],[0,-8],[0,-8],[0,-8],[3,0],[0,-8],[0,-7],[3,-8]],[[2266,5195],[3,0],[0,-8],[2,0],[0,-8],[0,-8],[-2,0],[0,-7],[0,-8],[-3,0]],[[2266,5195],[0,0]],[[2266,5156],[0,0]],[[2266,5156],[0,-8],[-3,0]],[[2263,5148],[0,0]],[[2263,5148],[0,-8],[0,-8],[-3,0],[-3,0],[0,-8],[-3,0]],[[2212,5406],[0,-8],[-3,0],[0,-8],[0,-8],[0,-8],[3,-7],[-3,0],[-3,0],[0,-8],[0,-8],[-3,0],[0,-8],[-2,0],[0,-8],[0,-7],[-3,0]],[[2198,5328],[0,0]],[[2212,5406],[-3,8],[0,7],[0,8],[-3,0]],[[2158,5437],[0,8]],[[2158,5445],[-3,0]],[[2161,5429],[0,8],[0,8],[-3,0]],[[2172,5437],[0,0]],[[2172,5437],[-3,0],[0,-8],[-2,0]],[[2175,5414],[0,7]],[[2175,5421],[0,8],[0,8],[-3,0]],[[2206,5429],[0,-8],[-3,0]],[[2167,5429],[-3,0]],[[2164,5429],[0,0]],[[2164,5429],[-3,0]],[[2167,5429],[0,0]],[[2203,5421],[0,0]],[[2203,5421],[0,-7],[-2,0],[0,-8]],[[2184,5421],[0,0]],[[2184,5421],[-3,0],[0,-7]],[[2189,5406],[-3,0],[0,8],[0,7]],[[2186,5421],[-2,0]],[[2178,5414],[0,7],[-3,0]],[[2181,5414],[-3,0]],[[2178,5414],[0,0]],[[2195,5406],[-3,0],[0,8]],[[2192,5414],[-3,-8]],[[2201,5406],[-3,0]],[[2198,5406],[-3,0]],[[2155,5445],[-3,0],[0,-8]],[[2152,5437],[-2,8]],[[2150,5445],[-3,0],[0,-8],[-3,0],[-3,0],[0,-8],[-3,0],[-3,0],[-2,0],[0,-8],[-3,0],[-3,0],[0,-7],[3,0]],[[2133,5414],[0,0]],[[2130,5414],[3,0]],[[2135,5414],[0,0]],[[2133,5414],[2,0]],[[2135,5414],[0,-8],[3,0],[0,-8],[-3,0],[0,-8],[0,-8],[3,0],[0,-8]],[[2141,5374],[0,-7],[3,0],[-3,0],[0,-8],[0,-8],[-3,0]],[[2138,5374],[3,0]],[[2138,5351],[0,8],[-3,0]],[[2135,5359],[0,-8],[-2,0],[0,-8],[-3,0],[0,-8],[-3,0]],[[2124,5335],[-3,0]],[[2121,5335],[0,8]],[[2121,5335],[-3,0]],[[2127,5335],[-3,0]],[[2124,5335],[0,0]],[[2118,5335],[0,0]],[[2118,5335],[-2,0]],[[2172,5296],[-3,0],[0,8],[-2,0],[-3,0]],[[2164,5304],[-3,-8],[0,-7],[0,-8],[0,-8]],[[2186,5296],[0,0]],[[2186,5296],[-2,0]],[[2184,5296],[-6,0]],[[2178,5296],[-3,0],[-3,0]],[[2195,5289],[-3,0],[0,7],[-3,0]],[[2189,5296],[-3,0]],[[2195,5289],[0,7]],[[2161,5273],[-3,0]],[[2158,5273],[0,0]],[[2158,5273],[-3,0]],[[2155,5273],[0,0]],[[2155,5273],[-3,0],[0,-8],[0,-8],[0,-8]],[[2198,5328],[-3,-8]],[[2195,5320],[0,8]],[[2195,5328],[-3,-8],[3,-8],[-3,0],[0,-8],[3,0],[0,-8]],[[2195,5296],[3,-7]],[[2198,5289],[0,-8]],[[2195,5281],[0,8]],[[2198,5289],[-3,0]],[[2388,5195],[0,-8],[0,-8]],[[2388,5179],[0,0]],[[2388,5179],[0,-8],[-3,0],[0,-7],[0,-8],[0,-8],[-3,0],[0,-8],[0,-8],[0,-8],[3,0],[0,-7],[-3,0],[0,-8]],[[2410,5249],[-2,8],[-3,0]],[[2405,5257],[0,-8],[-3,-7],[0,-8],[0,-8],[-3,0]],[[2413,5218],[0,8],[0,8],[0,8],[0,7]],[[2413,5249],[0,0]],[[2413,5249],[-3,0]],[[2444,5249],[-2,0]],[[2442,5249],[-3,0],[0,-7]],[[2444,5249],[0,0]],[[2447,5234],[0,8],[0,7]],[[2447,5249],[-3,0]],[[2439,5242],[0,0]],[[2439,5242],[-3,0],[0,-8],[-3,0],[-3,0],[0,-8],[-3,0],[0,-8],[-2,0],[0,-8],[-3,0],[-3,0]],[[2456,5210],[0,8],[-3,0],[-3,0],[0,8],[3,0],[-3,0],[0,8]],[[2450,5234],[-3,0]],[[2399,5226],[0,0]],[[2399,5226],[0,-8],[-3,-8]],[[2419,5210],[-3,0],[0,8]],[[2416,5218],[-3,0]],[[2459,5203],[0,7]],[[2459,5210],[-3,0]],[[2459,5203],[0,0]],[[1979,5968],[-2,0]],[[1977,5968],[0,-8],[-3,0]],[[2019,5851],[-3,8],[-3,0],[0,8],[-2,0],[0,7],[-3,0],[0,8],[0,8],[-3,0],[-3,0],[0,8],[-3,0],[-3,0],[-2,0],[0,8],[0,7],[0,8],[0,8],[-3,0],[0,8],[-3,8],[0,8],[-3,0],[0,7],[-3,0],[-3,0],[0,8]],[[1979,5968],[0,0]],[[2019,5851],[-3,0],[0,-8],[-3,0],[0,-8],[0,-7],[0,-8],[0,-8],[0,-8],[3,-8],[0,-8],[3,0]],[[2019,5788],[3,0],[0,-7],[3,0],[0,-8],[0,-8],[3,0],[0,-8],[0,-8],[2,0]],[[2019,5788],[0,0]],[[2039,5757],[3,-8],[3,0],[0,-7],[0,-8],[2,0]],[[2033,5749],[3,0],[0,8],[3,0]],[[2033,5749],[0,0]],[[2030,5749],[3,0]],[[2047,5734],[0,-8],[0,-8],[0,-8],[0,-7],[0,-8],[3,0],[0,-8],[3,0],[0,-8],[0,-8],[3,0],[0,-8],[3,-7]],[[2047,5734],[0,0]],[[2062,5656],[0,-8]],[[2059,5656],[3,0]],[[2107,5367],[-3,0],[-3,7],[-3,0]],[[2098,5374],[3,0],[-3,0]],[[2098,5374],[0,-7],[-2,0],[0,-8]],[[2116,5335],[0,8],[0,8],[0,8],[0,8],[-3,0],[0,7]],[[2113,5374],[-3,0],[0,-7],[-3,0]],[[2107,5367],[0,0]],[[2096,5359],[-3,0]],[[2093,5359],[-3,0]],[[2090,5359],[0,0]],[[2090,5359],[-3,0]],[[2087,5359],[0,-8]],[[2087,5351],[-3,0],[0,-8]],[[7861,7624],[-9,-8],[-3,0],[-2,0],[0,-7],[-3,0],[-6,0],[-3,0],[0,-8],[0,-8],[0,-8],[0,-8],[6,0]],[[7830,7679],[-3,0],[-9,16],[-3,0],[-2,0],[-6,0],[-3,0],[-6,15],[0,8],[0,8],[3,0],[3,8],[0,7]],[[7861,7624],[0,8],[-3,8],[0,8],[0,7],[3,0],[0,8],[3,0],[0,8],[-3,0],[0,8],[0,8],[0,8]],[[7861,7695],[-12,-8],[-2,-8],[-3,0]],[[7844,7679],[-3,0],[-3,0],[-3,8]],[[7835,7687],[-3,0],[-2,-8]],[[7841,7577],[0,-7],[0,-8],[-3,0],[0,-8],[-3,-8],[0,-8],[-3,0],[-2,0],[-3,0],[0,-8],[-3,0],[-3,-23],[-3,-8],[0,-8]],[[8246,7585],[-2,8],[0,8],[-3,8],[0,7],[0,8],[3,8],[-3,8],[0,8],[-6,23],[-3,0],[0,8],[0,8],[0,15],[0,8],[-3,0]],[[8246,7585],[0,-8],[0,-7]],[[8252,7577],[3,0],[6,-7],[17,-8],[14,-16],[3,-8],[3,0],[0,-8],[-3,-7],[0,-8],[3,-8],[2,0],[3,-8],[3,-8],[3,-7]],[[8246,7570],[6,7]],[[8346,7491],[3,0],[5,-15],[3,-8]],[[8309,7484],[6,7],[2,0],[12,0],[5,0],[12,0]],[[7702,7570],[-3,7],[-3,8],[0,8],[0,8],[-2,0],[0,8],[2,0],[3,7],[3,8],[0,8]],[[7640,7655],[-3,0]],[[7637,7655],[-3,0],[-9,-7],[-2,0],[2,-8],[0,-8],[0,-8],[0,-8],[0,-7],[3,0],[3,-8],[0,-8],[3,-8],[0,-8],[3,0],[3,-15],[0,-8],[-3,0],[3,0],[2,-16],[3,0],[0,-8],[-3,0],[0,-7],[0,-8],[3,0],[3,0],[3,-8],[3,-8],[3,0],[0,-8],[-3,0]],[[7640,7655],[0,0]],[[7637,7499],[-3,0],[-3,0]],[[7631,7499],[0,0]],[[7642,7491],[-2,0],[0,8],[-3,0]],[[7637,7499],[0,0]],[[7648,7491],[-3,0]],[[7645,7491],[-3,0]],[[7654,7491],[-3,0]],[[7651,7491],[-3,0]],[[7818,7491],[0,-7],[0,-8],[3,0],[0,-8],[3,0],[0,-8],[3,0],[0,-8],[3,0],[2,0],[3,0],[0,-7],[6,-16],[0,-8],[3,-15],[0,-8],[-6,-24],[0,-8],[-3,0],[0,-7],[0,-16],[0,-8],[0,-8],[-3,0],[-2,-7],[-3,0],[0,-8],[3,-24],[-3,-23],[0,-8],[0,-16],[-3,-7],[0,-8],[0,-39]],[[7733,7577],[-3,0],[-2,0],[-3,0],[-3,8],[-3,0]],[[7719,7585],[-3,-8],[-3,0],[-5,0],[-6,-7]],[[7742,7577],[-3,0]],[[7739,7577],[-6,0]],[[7747,7570],[-2,0],[0,7],[-3,0]],[[7742,7577],[0,0]],[[7784,7515],[0,8],[-3,0],[0,7],[-2,8],[0,8],[-3,0],[-12,16],[-2,0],[-3,0],[0,8],[-9,0]],[[7750,7570],[-3,0]],[[7807,7491],[-3,0],[-3,0],[0,8],[-3,0],[0,8],[-2,0],[0,8],[-3,0]],[[7793,7515],[-9,0]],[[7818,7491],[-3,8],[-2,0]],[[7813,7499],[0,-8],[-3,0],[-3,0]],[[7702,7570],[0,-8],[3,0],[6,-16],[5,0],[0,-8],[3,0],[0,-8],[0,-7],[3,-8],[3,0],[0,-8],[-3,0],[-6,-8],[-3,0],[-2,-8],[-3,0]],[[7708,7491],[-3,0]],[[7705,7491],[-3,0],[0,-7],[3,-8],[0,-8],[-3,-8],[-3,-15],[0,-8],[-3,-8],[-2,-8],[-3,0],[0,-23],[0,-8],[0,-24]],[[7739,7655],[6,0],[2,0],[3,8],[3,0],[3,0],[3,0],[0,8],[3,0],[0,8],[0,8],[0,8],[2,7],[0,8],[-2,0],[0,8],[-3,0],[0,8],[0,8],[0,7],[0,8]],[[7722,7663],[8,-8]],[[7702,7632],[0,8],[3,0],[0,8],[3,0],[0,7],[11,8],[3,0]],[[7733,7655],[3,0],[3,0]],[[7730,7655],[3,0]],[[7654,7679],[3,0],[0,-8],[2,-8]],[[7640,7655],[2,0]],[[7642,7655],[3,8],[3,8],[3,8],[3,0]],[[7662,7663],[0,-8],[3,-7]],[[7659,7663],[3,0]],[[7688,7655],[3,0],[0,-7],[3,0],[0,-8],[2,0],[0,-8],[3,0],[3,0]],[[7682,7648],[3,0],[3,7]],[[7668,7648],[11,0],[3,0]],[[7665,7648],[3,0]],[[7642,7655],[0,8],[-2,0],[0,8],[-3,0],[0,8],[-3,0],[-3,8],[-3,8],[0,7],[-3,0],[-2,0],[0,8],[-3,0],[3,0],[-3,0],[-3,8],[-6,0],[0,8],[0,8],[-3,0],[0,7],[0,8],[-2,0],[0,8],[-3,0]],[[8082,7616],[-3,0],[-3,0],[-3,0],[-5,8]],[[8068,7624],[0,-8],[0,-7],[0,-8],[3,-8],[0,-8],[0,-8],[2,0],[3,0]],[[8093,7570],[3,0],[3,0],[0,7],[0,8],[3,0],[0,8],[-3,0],[0,8],[-3,0],[-3,0],[-2,8],[-3,7]],[[8088,7616],[-3,0],[-3,0]],[[8085,7577],[3,0],[3,0],[0,-7],[2,0]],[[8076,7577],[3,0],[3,0],[3,0]],[[2113,5929],[0,8],[-3,8],[0,8],[0,15],[-3,16],[0,8],[-3,15],[0,8],[0,8],[0,8],[-3,0],[3,7],[3,8],[0,8],[0,8],[3,0],[0,8],[3,8],[0,7],[3,8],[2,16],[3,8]],[[2209,6023],[3,0],[0,-8],[3,0]],[[2215,6015],[0,-8]],[[2201,5984],[0,8]],[[2201,5992],[2,0],[0,7],[0,8],[0,8],[3,0],[3,8]],[[2215,6015],[3,0],[2,8]],[[2192,5960],[0,8],[0,8],[3,0],[0,8],[3,0],[3,8]],[[2195,5929],[0,8]],[[2195,5937],[3,0],[0,8],[0,8],[0,7],[0,8],[-3,0]],[[2195,5968],[0,0]],[[2195,5968],[0,-8],[-3,0]],[[2192,5937],[3,0]],[[2186,5898],[-2,0],[0,8],[-3,0],[0,7],[3,0],[0,8],[2,0],[3,8],[0,8],[3,0]],[[2198,5843],[0,8],[-3,0],[-3,0],[0,8],[0,8],[-3,0],[0,7],[3,0],[0,8],[-3,0],[0,8],[-3,0],[0,8]],[[2186,5898],[0,0]],[[2195,5843],[3,0]],[[2201,5828],[0,7],[-3,0],[0,8]],[[2206,5820],[0,8],[3,0],[-3,0],[-3,0]],[[2203,5828],[0,7]],[[2203,5828],[-2,0]],[[2198,5820],[3,0],[2,0]],[[2192,5773],[0,8],[0,7],[0,8],[3,0],[0,8],[-3,0],[0,8],[3,8],[3,0]],[[2206,5820],[0,0]],[[2203,5820],[3,0]],[[2045,5945],[2,0],[0,-8],[3,0]],[[2042,5937],[0,8]],[[2042,5945],[3,0]],[[2101,5945],[3,0],[0,-8],[3,0],[3,0],[3,-8]],[[2084,5906],[3,7],[3,8],[3,8],[0,8],[3,0],[0,8],[2,0],[3,0]],[[2033,5882],[0,8],[0,8],[0,8],[0,7],[3,0],[3,0],[0,8],[0,8],[0,8],[3,8]],[[2053,5937],[3,-8],[3,0],[0,-8],[3,0],[2,0]],[[2050,5937],[3,0]],[[2070,5929],[0,-8]],[[2070,5921],[3,0]],[[2064,5921],[3,0],[3,0]],[[2073,5921],[3,0],[3,0],[2,-8],[3,0],[0,-7]],[[2073,5921],[0,0]],[[2030,5882],[3,0]],[[2022,5851],[3,0],[0,8],[3,0],[0,8],[2,0],[0,7],[0,8]],[[2019,5851],[3,0]],[[2113,5929],[3,0],[0,-8],[2,0],[0,-8],[3,0],[0,-7],[0,-8],[0,-8],[0,-8],[0,-8],[0,-7],[0,-8],[-3,0],[0,-8],[-2,0],[0,-8],[2,-8],[-2,0],[0,-7],[0,-8],[2,0],[0,-8],[3,0],[0,-8],[0,-8],[3,0],[3,-8],[3,0],[3,0],[0,-7],[2,0]],[[2135,5781],[0,7],[0,8],[0,8],[3,0]],[[2138,5804],[0,8]],[[2152,5820],[3,0],[0,-8],[3,0],[3,0],[3,0],[0,-8],[0,-8],[3,0]],[[2138,5812],[3,0],[3,0],[3,0],[3,8],[2,0]],[[2167,5796],[2,0],[0,-8]],[[2167,5796],[0,0]],[[2178,5788],[0,0]],[[2172,5781],[3,7],[3,0]],[[2169,5788],[-2,0]],[[2169,5788],[3,0],[0,-7]],[[2178,5788],[3,0],[3,-7],[0,-8],[2,0]],[[2189,5773],[3,0]],[[2186,5773],[3,0]],[[2135,5757],[3,0],[3,0],[3,8],[0,8],[0,8],[0,7],[0,8],[-3,0],[0,8],[-3,0]],[[2124,5765],[3,0],[3,-8],[3,0],[2,0]],[[2118,5757],[3,8],[3,0]],[[2116,5757],[2,0]],[[2107,5695],[0,8],[-3,0]],[[2104,5703],[0,7],[3,0],[-3,8],[3,0],[0,8],[0,8],[3,0],[0,8],[3,0],[0,7],[3,0],[0,8]],[[2104,5703],[0,-8]],[[2104,5695],[3,0]],[[2093,5593],[0,8],[0,8]],[[2093,5609],[3,0],[0,8],[0,7],[0,8],[0,8],[0,8],[0,8],[0,7],[2,0],[0,8],[0,8],[0,8],[3,0],[0,8],[3,0]],[[2152,5601],[-2,0]],[[2150,5601],[0,8]],[[2150,5601],[-3,0]],[[2147,5601],[0,0]],[[2155,5593],[-3,8]],[[2152,5601],[0,0]],[[2147,5601],[-3,0],[0,-8]],[[2161,5570],[0,8],[-3,0],[0,7],[0,8],[-3,0]],[[2155,5593],[0,0]],[[2144,5593],[-3,0]],[[2141,5593],[-3,0],[0,-8],[3,0],[-3,0],[0,-7],[-3,0],[0,-8],[0,-8],[-2,0],[2,-8],[0,-8]],[[2263,5390],[3,0]],[[2263,5382],[0,8]],[[2266,5390],[3,0]],[[2257,5382],[3,0],[3,0]],[[2257,5382],[0,0]],[[2254,5382],[3,0]],[[2254,5382],[0,0]],[[2252,5382],[2,0]],[[2243,5343],[3,0]],[[2246,5343],[0,8],[-3,0],[0,8],[0,8],[-3,0],[3,0],[-3,0],[3,0],[-3,7]],[[2240,5374],[0,8]],[[2240,5374],[-3,0],[3,0]],[[2240,5374],[-3,0],[0,-7],[-2,0]],[[2235,5367],[0,0]],[[2235,5367],[0,-8],[0,-8],[0,-8]],[[2252,5382],[0,-8],[2,0]],[[2226,5421],[-3,0],[0,8],[-3,0],[0,8]],[[2232,5398],[0,8],[-3,0],[0,8],[0,7],[0,8],[-3,0]],[[2226,5429],[0,-8]],[[2246,5398],[-3,0],[0,8],[3,0],[0,8],[-3,0]],[[2243,5414],[-3,0],[-3,0],[0,-8]],[[2237,5406],[-2,0]],[[2235,5406],[0,-8]],[[2252,5398],[-3,0],[0,8]],[[2249,5406],[-3,-8]],[[2254,5382],[0,8],[0,8],[-2,0]],[[2252,5398],[0,8]],[[2235,5398],[0,0]],[[2235,5398],[-3,0]],[[2235,5343],[2,0],[3,0],[3,0]],[[2243,5343],[0,0]],[[2246,5343],[0,-8]],[[2249,5335],[0,0]],[[2246,5335],[3,0]],[[2249,5335],[3,0]],[[2235,5343],[0,-8],[0,-7],[-3,0],[0,-8],[-3,0],[0,-8]],[[2269,5390],[2,0],[0,-8],[3,0],[3,-8]],[[2277,5374],[-3,0]],[[2269,5390],[0,0]],[[2274,5374],[0,0]],[[2274,5374],[0,-7],[3,0]],[[2257,5367],[-3,0],[0,7]],[[2277,5374],[0,-7]],[[2277,5367],[3,0]],[[2266,5343],[0,8],[-3,0],[-3,0],[0,8],[0,8],[-3,0]],[[2257,5367],[0,7]],[[2283,5367],[0,-8],[-3,0]],[[2280,5367],[3,0]],[[2280,5359],[-3,0]],[[2277,5359],[-3,0],[0,-8]],[[2274,5351],[3,0],[-3,0]],[[2280,5359],[0,0]],[[2274,5351],[-3,0],[-2,0]],[[2269,5351],[0,-8],[-3,0]],[[2271,5453],[0,-8],[-2,0],[-3,-8],[-3,0],[0,-8],[3,0]],[[2266,5429],[3,0],[0,-8],[0,-7],[-3,0],[0,-8],[-3,-8],[3,0],[0,-8]],[[2266,5429],[0,0]],[[2116,5335],[0,0]],[[2116,5335],[0,-7],[-3,0]],[[2113,5328],[0,0]],[[2113,5328],[0,-8],[-3,0],[0,-8]],[[2073,5609],[0,8],[0,7],[3,0],[0,8],[0,8],[-3,0],[0,8],[-3,0],[-3,0]],[[2067,5648],[-3,0],[-2,0]],[[2087,5601],[-3,0],[0,8],[0,8],[-3,0],[0,7],[-2,0]],[[2079,5624],[0,-7],[-3,0],[-3,-8]],[[2093,5609],[-3,0],[0,-8],[-3,0]],[[2093,5593],[0,0]],[[2093,5468],[0,8],[0,8],[3,0],[0,8],[0,7],[0,8],[2,0],[3,0],[0,8],[0,8],[3,0],[-3,0],[-3,0],[0,8],[-2,0],[0,8],[2,0],[0,7],[0,8],[-2,8],[-3,8],[-3,8],[0,7],[3,0],[0,8]],[[2079,5492],[2,0],[0,-8],[3,0]],[[2073,5484],[3,0],[0,8],[3,0]],[[2073,5484],[0,0]],[[2064,5468],[3,0],[0,8],[0,8],[3,0],[3,0]],[[2084,5484],[3,0],[0,-8],[3,0],[0,-8],[3,0]],[[2084,5484],[0,0]],[[2062,5648],[0,0]],[[2062,5648],[-3,0],[0,-8],[3,0],[-3,0],[0,-8],[-3,0],[0,-8],[3,0],[0,-7],[3,0],[0,-8],[-3,0]],[[2059,5609],[-3,0]],[[2056,5609],[-3,0]],[[2053,5609],[0,-8]],[[2257,5523],[3,0],[-3,-8],[0,-8],[3,0]],[[2263,5507],[0,-8],[3,0]],[[2260,5507],[3,0]],[[2266,5507],[0,-8]],[[2266,5499],[3,0],[0,-7],[-3,0]],[[2266,5492],[0,0]],[[2266,5492],[0,-8],[0,-8],[-3,0]],[[2263,5476],[0,8],[-3,0]],[[2260,5484],[0,-8],[-3,0],[0,-8]],[[2260,5468],[-3,0]],[[2257,5468],[0,-8],[0,-7],[-3,0],[0,-8],[3,0]],[[2269,5468],[2,0]],[[2271,5468],[0,-8],[0,-7]],[[2263,5445],[0,8],[3,0],[0,7],[3,8]],[[2260,5453],[3,-8]],[[2257,5445],[3,0],[0,8]],[[2274,5476],[3,0]],[[2271,5453],[3,7],[-3,8]],[[2271,5468],[3,0],[0,8]],[[2277,5476],[3,0],[0,-8],[0,-8]],[[2277,5476],[0,0]],[[2280,5460],[3,0],[0,-7],[0,-8]],[[2280,5460],[0,0]],[[2283,5445],[-3,0]],[[2280,5445],[0,8]],[[2280,5445],[-3,0]],[[2277,5445],[0,-8],[3,0],[0,-8]],[[2288,5437],[0,-8]],[[2288,5429],[3,0],[3,0],[0,-8],[3,0],[-3,0],[0,-7],[-3,0],[0,-8],[0,-8],[0,-8],[-3,0],[0,-8],[0,-8]],[[2288,5374],[3,0],[-3,0]],[[2283,5421],[3,0],[0,8],[2,0]],[[2283,5429],[0,-8]],[[2280,5429],[3,0]],[[2288,5374],[0,0]],[[2288,5374],[0,-7],[3,0]],[[2291,5367],[3,0],[0,-8],[3,0]],[[2291,5367],[0,0]],[[2297,5359],[3,0],[0,-8],[-3,0]],[[2297,5359],[0,0]],[[2297,5351],[0,0]],[[2297,5351],[-3,0]],[[2294,5351],[-3,0],[0,-8],[0,-8],[3,0],[0,-7],[-3,0],[0,-8],[0,-8]],[[2294,5312],[3,0],[0,-8],[0,-8]],[[2291,5312],[3,0]],[[2305,5304],[0,-8]],[[2305,5296],[0,-7],[3,0]],[[2300,5296],[3,0],[2,0]],[[2297,5296],[3,0]],[[2297,5296],[0,0]],[[2257,5570],[3,0],[0,8],[0,7],[3,0],[-3,0],[0,8],[-3,0],[0,8]],[[2257,5601],[-3,0]],[[2257,5570],[0,0]],[[2254,5570],[3,0]],[[2254,5562],[0,8]],[[2257,5554],[0,8]],[[2257,5562],[-3,0]],[[2257,5562],[0,8]],[[2257,5570],[-3,-8]],[[2257,5546],[0,8]],[[2257,5546],[0,0]],[[2254,5546],[3,0]],[[2254,5546],[0,0]],[[2257,5523],[0,8],[-3,8],[0,7]],[[2323,5273],[0,8],[-3,0],[0,8],[-3,0],[0,7],[0,8],[-3,0],[-3,0]],[[2311,5304],[0,8],[-3,0]],[[2308,5312],[0,-8],[3,0]],[[2311,5304],[0,-8],[-3,0],[0,-7]],[[2325,5265],[-2,0],[0,8]],[[2323,5273],[0,0]],[[2328,5273],[-3,0]],[[2325,5273],[0,-8]],[[2337,5218],[-3,0],[0,8],[-3,8],[0,8],[0,7],[3,0],[0,8],[0,8],[-3,0],[0,8],[-3,0]],[[2328,5273],[0,0]],[[2388,5195],[-3,0],[-6,0],[-3,0],[-5,0],[-3,0],[-3,0],[-3,0],[-3,0],[-2,0],[0,8],[0,7],[-3,0],[-3,8],[-3,8],[3,0],[0,8]],[[2351,5234],[0,0]],[[2351,5234],[-3,0]],[[2348,5234],[-3,0],[0,-8]],[[2345,5226],[0,0]],[[2345,5226],[-3,0],[-2,0],[0,-8]],[[2340,5218],[-3,0]],[[2337,5218],[0,0]],[[2382,5249],[0,8],[0,8],[0,8]],[[2391,5234],[-3,0],[0,8],[-3,0],[0,7]],[[2385,5249],[-3,0]],[[2396,5210],[0,8],[0,8],[-3,0],[0,8],[-2,0]],[[2391,5234],[0,0]],[[2388,5195],[3,0],[2,0],[0,8],[3,0],[0,7]],[[1974,5960],[0,0]],[[1971,6054],[0,8],[3,0],[0,8],[-3,0],[0,8],[0,7],[0,8],[0,8],[0,8],[-3,8],[0,7],[0,8],[0,8],[0,8],[3,0],[0,8],[0,7],[0,8],[0,8],[0,8],[0,8],[3,0],[0,8],[-3,7],[0,8],[0,8],[0,8],[0,8],[-3,0],[-3,0],[-3,7],[-2,8],[0,8],[0,8],[0,8],[0,7],[0,8]],[[1962,6062],[3,0],[3,0],[0,-8],[3,0]],[[1974,5960],[-3,0],[0,8],[-3,8],[0,8],[3,0],[0,8],[-3,0],[0,7],[0,8],[-3,0],[0,8],[-3,8],[0,8],[-2,0],[-3,7],[0,8],[0,8],[-3,0],[3,0],[0,8],[3,0],[2,0]],[[2223,5953],[0,7],[0,8],[0,8],[0,8],[0,8],[-3,7],[-2,0],[0,8],[2,0],[3,8]],[[2226,5937],[-3,0],[3,0]],[[2226,5937],[0,8],[0,8],[-3,0]],[[2223,5953],[0,0]],[[2232,5913],[0,8],[0,8],[-3,8],[-3,0]],[[2226,5937],[0,0]],[[2237,5906],[-2,0],[0,7]],[[2235,5913],[-3,0]],[[2240,5890],[-3,0],[0,8],[0,8]],[[2237,5906],[0,0]],[[2246,5882],[-3,0],[0,8]],[[2243,5890],[-3,0]],[[2240,5890],[0,0]],[[2257,5843],[-3,0],[0,8],[0,8],[0,8],[0,7],[0,8],[-2,0],[-3,0]],[[2249,5882],[0,8]],[[2249,5882],[-3,0]],[[2243,5812],[3,0],[3,0],[0,8],[3,0],[2,8],[3,7],[3,0],[0,8],[-3,0]],[[2257,5843],[0,0]],[[2243,5812],[0,0]],[[2240,5804],[0,8]],[[2240,5812],[3,0]],[[2240,5804],[-3,0]],[[2237,5804],[3,8]],[[2237,5788],[0,8],[3,0],[0,8]],[[2235,5788],[2,0]],[[2232,5788],[3,0]],[[2232,5788],[0,0]],[[2226,5773],[3,0],[0,8],[3,7]],[[2226,5781],[0,-8]],[[2223,5765],[0,8],[3,0]],[[2229,5718],[3,0],[-3,0]],[[2229,5718],[0,8],[-3,0],[0,8],[0,8],[0,7],[0,8],[0,8]],[[2226,5765],[-3,0]],[[2229,5718],[0,0]],[[2220,5710],[3,0],[3,0],[3,0],[0,8]],[[2220,5710],[0,0]],[[2218,5679],[0,8],[-3,0],[3,0],[0,8],[0,8],[2,0],[0,7]],[[2215,5679],[3,0]],[[2212,5663],[0,8],[3,0],[-3,0],[0,8],[3,0]],[[2212,5663],[0,-7]],[[2215,5663],[0,-7],[3,-8],[0,-8],[-3,0],[0,-8],[3,0],[0,-8],[2,0],[3,0],[3,-7],[3,0]],[[2212,5656],[3,7]],[[2229,5624],[3,-7]],[[2229,5617],[0,7]],[[2232,5624],[0,-7]],[[2232,5617],[3,0],[0,-8],[2,0],[0,-8],[3,0],[3,0],[3,0],[3,0]],[[2252,5601],[2,0]],[[2249,5601],[3,0]],[[2266,5609],[0,-8],[3,0],[2,0],[0,-8],[3,0],[0,-8]],[[2263,5609],[3,0]],[[2263,5609],[0,0]],[[2263,5601],[0,8]],[[2257,5601],[0,0]],[[2260,5601],[0,0]],[[2257,5601],[3,0]],[[2263,5601],[0,0]],[[2260,5601],[3,0]],[[2274,5585],[3,0],[0,8]],[[1792,6390],[3,0]],[[1792,6390],[0,0]],[[1792,6343],[0,8],[-3,8],[0,8],[0,7],[0,8],[3,8]],[[1852,6038],[-3,0],[-6,0],[-5,0],[-6,0],[-6,0],[-3,0]],[[1823,6038],[-5,0],[-3,0]],[[2555,5445],[3,8],[3,7],[3,0],[2,8],[0,8],[3,16],[-3,7],[0,8],[3,8],[0,16]],[[2549,5453],[3,-8]],[[2547,5437],[0,8],[2,0],[0,8]],[[2552,5445],[3,0]],[[2552,5445],[0,0]],[[2547,5437],[0,0]],[[2532,5414],[3,7],[3,0],[3,8],[3,0],[0,8],[3,0]],[[2532,5414],[0,0]],[[2518,5398],[3,0],[0,8],[3,0],[6,0],[0,8],[2,0]],[[2518,5398],[0,0]],[[2515,5390],[0,8],[3,0]],[[2430,5296],[0,8],[-3,0],[0,8]],[[2433,5296],[0,0]],[[2433,5296],[-3,0]],[[2453,5257],[-3,0],[-3,0],[-3,0],[-2,0],[0,8],[-3,0],[-3,8],[0,8],[0,8],[3,0],[0,7]],[[2439,5296],[-3,0],[-3,0]],[[2464,5257],[-3,0],[0,8],[-2,0],[-3,0]],[[2456,5265],[-3,0],[0,-8]],[[2470,5242],[0,7],[0,8],[-3,0],[-3,0]],[[2464,5257],[0,0]],[[2487,5476],[0,-23],[3,0]],[[2490,5453],[3,0],[0,-8]],[[2490,5453],[0,0]],[[2498,5453],[0,-8],[3,-8],[3,-8],[0,-8],[3,0],[3,-7],[0,-8],[3,-8],[2,-8]],[[2495,5445],[3,8]],[[2495,5445],[0,0]],[[2493,5445],[2,0]],[[2515,5390],[0,-8],[3,-8],[6,-7],[3,-8],[0,-8],[0,-8],[0,-8],[-3,0],[0,-7],[0,-16],[0,-8],[0,-8],[3,0],[-3,-7],[3,-8],[0,-8],[-3,-8],[0,-8]],[[2524,5257],[-3,0],[3,0]],[[4602,5507],[46,-8]],[[4588,5374],[3,8],[17,86],[-6,39]],[[4588,5374],[0,0]],[[4645,5515],[3,-16]],[[4648,5335],[0,24],[0,8],[0,132]],[[4591,5335],[54,0],[3,0]],[[4597,5249],[5,0],[0,24],[0,16]],[[4602,5289],[-8,0]],[[4594,5289],[0,0]],[[4597,5249],[0,0]],[[4690,5304],[-14,31]],[[4676,5335],[-28,0]],[[4699,5523],[45,8],[122,218]],[[4682,5539],[17,-16]],[[4824,5390],[-85,0],[-12,-23],[0,-16],[-3,0]],[[4724,5351],[-5,8]],[[4719,5359],[-6,-8],[-11,-23],[-6,-8],[-6,-16]],[[4736,5234],[8,-8],[14,-8]],[[4775,5226],[17,-23]],[[4758,5218],[17,8]],[[4736,5234],[3,47]],[[4739,5281],[0,0]],[[4739,5281],[-3,0],[0,-8],[-3,0],[0,-8]],[[4733,5265],[0,0]],[[4733,5265],[-3,0]],[[4727,5265],[-3,0]],[[4724,5265],[0,-8]],[[4730,5265],[-3,0]],[[4727,5265],[0,0]],[[4724,5257],[-2,0],[0,-8],[2,0],[0,-7]],[[4724,5242],[0,0]],[[4724,5242],[0,-8],[3,0],[0,-8],[-3,0],[0,-8],[0,-8],[0,-15],[-2,-8]],[[4713,5187],[-6,0],[-2,8],[-3,8]],[[4722,5187],[-6,0]],[[4716,5187],[-3,0]],[[4736,5234],[0,-8],[0,-8],[3,-8],[0,-7],[0,-8],[0,-8],[0,-8],[0,-8],[0,-7],[2,0],[0,-8],[0,-8],[3,0]],[[4747,5148],[0,0]],[[4744,5148],[3,0]],[[4747,5148],[0,-8],[-3,0]],[[4744,5140],[0,0]],[[4744,5140],[-3,0],[0,-8],[3,0],[0,-8],[0,-7],[0,-8],[0,-8],[3,0],[0,-8],[3,-39]],[[4824,5390],[0,8],[45,258]],[[4824,5390],[-32,-187]],[[4807,5210],[3,-15],[5,-16],[-5,-15],[-6,-16],[-3,-8],[-3,-8],[0,-8],[-6,-15],[3,-8],[0,-8],[0,-31]],[[4792,5203],[15,7]],[[4690,5304],[-22,-47],[-6,-15],[-8,-16],[-9,-39],[-8,-16],[-3,-7],[-3,0],[-3,-8]],[[4696,5242],[0,15],[0,24],[-6,23]],[[4702,5203],[-3,7],[-3,8],[0,24]],[[4696,5242],[0,0]],[[4702,5203],[0,-8],[-3,0],[-3,0],[0,-8],[-3,0]],[[4693,5187],[0,0]],[[4693,5187],[-3,0],[0,-8],[-2,0],[0,-8]],[[4688,5171],[0,-7]],[[4688,5164],[0,-8],[0,-8],[2,0],[0,-8]],[[4690,5140],[-2,0]],[[4690,5140],[6,0],[3,-8],[0,-8],[0,-7]],[[4690,5140],[0,0]],[[4702,5124],[0,-7],[3,0],[0,-8]],[[4699,5117],[3,7]],[[4705,5109],[0,0]],[[4707,5109],[3,0]],[[4705,5109],[2,0]],[[4710,5109],[0,-8],[0,-8]],[[4710,5109],[0,0]],[[4662,5117],[3,0],[0,7],[11,8],[0,8],[3,8],[3,0],[3,0],[0,8],[0,8],[3,0]],[[4716,5109],[0,-8]],[[4716,5093],[0,8]],[[4719,5101],[0,0]],[[4716,5101],[3,0]],[[4719,5101],[3,0],[2,0],[0,-8],[-2,0],[0,-8],[-3,-7],[0,-8],[0,-8]],[[4710,5093],[3,0]],[[4713,5093],[3,0]],[[4713,5093],[0,0]],[[4710,5093],[-3,0]],[[4707,5093],[-2,0]],[[4705,5093],[-3,0],[0,-8],[-6,-7],[0,-8],[0,-8],[-3,0],[-3,-16],[0,-15]],[[4892,4851],[3,-8],[2,-8]],[[4883,4843],[6,0],[3,8]],[[4900,4851],[6,-8],[0,-8]],[[4897,4835],[0,8],[3,8]],[[4920,4851],[0,-8]],[[4906,4835],[6,0],[2,0],[0,8],[3,0],[3,8]],[[4923,4843],[0,0]],[[4920,4843],[3,0]],[[4880,4843],[3,0]],[[4872,4835],[3,0],[5,0],[0,8]],[[4872,4835],[3,-7],[0,-8]],[[4852,4789],[-3,0],[0,7],[3,0],[0,8],[-3,8],[0,8]],[[4849,4820],[-3,0],[0,-8],[-2,0],[0,-8],[-3,0],[-3,0],[0,-8],[0,-7],[-3,0],[-3,-8],[-5,-8],[-3,0],[0,-8],[-3,0]],[[4875,4820],[3,0],[0,-8]],[[4875,4820],[0,0]],[[4880,4812],[3,-8],[-3,-8]],[[4878,4812],[2,0]],[[4880,4796],[0,0]],[[4880,4796],[-2,0]],[[4878,4796],[0,0]],[[4878,4796],[0,-7],[-3,0]],[[4875,4789],[0,7],[-3,0]],[[4872,4796],[0,-7],[0,-8],[-3,-8],[0,-8],[-3,0]],[[4866,4765],[0,-8]],[[4855,4781],[0,8],[-3,0]],[[4852,4789],[0,0]],[[4866,4765],[-3,0],[-5,8],[-3,8]],[[4855,4781],[0,0]],[[4821,4765],[-3,0]],[[4818,4765],[-3,0]],[[4815,4765],[-3,0]],[[4812,4765],[0,-8],[-2,-7]],[[4866,4976],[3,8],[0,8],[0,8],[0,7],[-3,0],[0,8],[0,8],[3,8],[0,8],[3,15],[0,8]],[[4863,4984],[3,-8]],[[4855,4851],[0,8],[-3,0],[-3,8],[0,8],[3,0],[0,7],[0,8],[3,0],[0,8],[3,0],[3,0],[0,8],[-3,0],[0,8],[0,7],[-3,0],[0,8],[0,16],[3,23],[3,0],[2,8],[0,8]],[[4866,4843],[0,8],[-3,0]],[[4863,4851],[-2,0],[-3,0],[-3,0]],[[4872,4835],[-3,0],[0,8]],[[4869,4843],[-3,0]],[[4792,5062],[0,-8],[3,0],[6,-8],[0,-7],[0,-8],[3,-8],[3,0],[3,0],[0,-8],[0,-8],[0,-7],[2,-8],[3,0],[3,-8],[0,-8],[3,0],[0,-8],[-3,0],[-3,0]],[[4812,4968],[-2,0],[0,8],[-3,0]],[[4807,4976],[-3,-8]],[[4815,4968],[0,0]],[[4815,4968],[-3,0]],[[4804,4968],[-3,0]],[[4801,4968],[0,-8],[0,-7]],[[4801,4953],[0,0]],[[4801,4953],[0,-8],[-3,0],[3,0],[0,-8]],[[4810,4945],[0,-8],[0,-8],[0,-8],[-3,0],[3,-7],[0,-8],[0,-8],[2,0],[-2,0],[0,-8],[0,-8],[-3,0],[0,-7],[0,-8],[0,-8],[0,-8],[-3,0],[0,-8],[-3,0],[-3,0],[0,-8],[-3,0],[0,-7],[0,-8]],[[4807,4929],[0,8],[3,8]],[[4801,4937],[3,0],[3,-8]],[[4801,4937],[0,0]],[[5025,5335],[28,-23],[9,-23],[6,-24],[17,-39]],[[5085,5226],[17,16],[5,15],[26,0],[22,0],[15,0]],[[4895,5062],[2,8]],[[5025,5335],[-3,8],[-11,24],[-17,39],[20,31],[11,23],[20,47],[6,47]],[[5025,5335],[0,-86],[-6,-7],[-14,-16],[-3,-8],[3,-15],[0,-16],[0,-8],[3,0],[11,0],[9,0],[3,-8],[0,-7],[0,-8],[0,-8],[0,-24],[0,-7],[0,-16],[0,-16],[3,0],[0,-7],[0,-16],[0,-8],[2,-23]],[[4897,5070],[3,-8],[3,0],[0,-8],[3,-15],[0,-8],[-3,-8],[-3,0]],[[4900,5023],[0,0]],[[4900,5023],[-5,-8],[-3,-8],[0,-7],[0,-8],[-3,0],[0,-8],[6,-8],[5,-8],[3,-8],[0,-15],[3,0],[0,-8]],[[4912,4945],[2,-8],[-2,0],[0,-8],[0,-8],[0,-7]],[[4906,4937],[6,8]],[[4934,4937],[3,-8],[0,-8],[0,-7],[0,-8]],[[4920,4914],[3,0],[3,0],[0,7],[3,8],[2,8],[3,0]],[[4917,4914],[3,0]],[[4917,4914],[0,0]],[[4914,4914],[3,0]],[[4912,4914],[2,0]],[[4960,5093],[0,-8]],[[4957,5085],[3,8]],[[4965,5093],[3,0],[0,-8],[3,-7],[0,-8],[6,-8],[0,-8],[3,-8]],[[4960,5085],[5,0],[0,8]],[[4937,5085],[0,-7],[3,0],[3,-8],[0,-8]],[[4917,5070],[6,8],[3,0],[5,0],[0,7],[3,0],[3,0]],[[4954,5085],[3,0]],[[4948,5062],[3,8],[0,8],[3,7]],[[4903,5078],[0,-8],[3,0]],[[4897,5070],[3,0],[3,8]],[[4909,5070],[5,0],[3,0]],[[4906,5070],[3,0]],[[4946,5062],[2,0]],[[4943,5062],[3,0]],[[4997,5054],[2,0]],[[4980,5046],[5,0],[6,8],[3,0],[3,0]],[[5002,5054],[6,0],[3,-8],[3,0],[3,-7],[11,-8]],[[4999,5054],[3,0]],[[5428,6374],[-3,0]],[[5425,6374],[-3,0],[-3,0],[-5,0]],[[5459,6132],[3,0],[3,8],[2,8],[3,0],[0,8],[-3,7],[0,8],[3,0],[0,8],[3,8]],[[5530,6148],[3,0],[2,-8],[3,0],[3,0]],[[5521,6148],[3,0],[6,0]],[[5516,6148],[5,0]],[[5516,6148],[0,0]],[[5550,6148],[2,-8],[0,-8],[3,-8],[3,-7],[0,-8],[3,-16],[3,-8],[3,0],[5,-7],[3,0]],[[5541,6140],[3,8],[3,0],[3,0]],[[5575,6078],[0,0]],[[5431,6359],[0,8],[-3,7]],[[5473,6187],[3,8],[0,8],[0,15],[0,8],[-3,8],[-3,0],[-5,8],[-3,0],[-3,7],[-6,0],[0,8],[-3,16],[-5,15],[0,8],[-3,0],[-3,8],[-3,8],[0,8],[0,7],[-3,8],[0,16],[-2,8]],[[5516,6148],[2,8],[0,7],[0,16],[0,8],[-2,16],[-3,15],[0,16],[-3,15],[0,16],[-3,8],[0,15],[0,8]],[[5473,6187],[0,-8],[3,0],[3,-8],[3,0],[2,-8],[3,0]],[[5490,6163],[3,0],[3,-7],[0,-8],[5,0]],[[5487,6163],[3,0]],[[5507,6156],[6,0],[3,-8]],[[5501,6148],[3,8],[3,0]],[[5448,6359],[2,0]],[[5445,6359],[3,0]],[[5436,6351],[3,8],[3,0],[3,0]],[[5433,6359],[3,-8]],[[5431,6359],[2,0]],[[5677,6281],[-5,15],[0,8],[2,8],[0,8],[0,7],[0,8],[0,8],[0,16],[0,8],[0,7],[0,8],[0,8],[0,8],[0,8],[0,7],[0,8]],[[5703,6257],[0,16],[0,8],[0,7],[0,16],[3,8],[0,15],[0,8],[2,16],[0,8],[0,8],[3,0]],[[5666,6281],[0,15],[0,8],[-3,8],[0,8],[3,7],[0,8],[0,8],[-3,8],[-3,8],[-3,8],[0,7],[-2,8],[0,8],[2,8],[3,0],[0,8],[-3,7]],[[5638,6320],[-6,0],[0,7],[-3,8],[0,8],[-3,8],[0,8],[3,8],[0,7],[3,8],[3,0],[0,8],[0,8]],[[5655,6273],[0,23],[-3,8],[0,8],[-3,8]],[[5649,6320],[-3,0]],[[5646,6320],[-6,0]],[[5640,6320],[-2,0]],[[5499,6015],[2,-8],[3,-8],[0,-7],[0,-8],[3,0],[0,-8],[3,0],[3,0],[0,-8]],[[5448,5968],[0,-8],[0,-7],[2,-8],[0,-8],[0,-8],[-2,-8],[-3,-15],[0,-8]],[[5459,6132],[0,8],[-3,8],[-3,8],[-3,0],[-2,7],[-3,0]],[[5445,6163],[-3,-7],[-3,0],[0,-8],[-3,0],[-3,-8],[0,-8],[-2,-8],[0,-7],[-3,0],[-3,-16],[-3,-8],[-3,0],[-3,-8],[-2,0],[0,-7],[-3,-8],[-3,0]],[[5408,6070],[-3,8],[-3,7],[-3,0],[-2,0],[-3,0],[-3,0]],[[5391,6085],[0,0]],[[5479,6046],[-3,0],[0,8],[0,8],[0,8],[-6,8],[-3,7],[-2,8],[-3,0],[0,8],[-3,8],[0,8],[0,7],[0,8]],[[5499,6015],[0,8],[2,8],[0,7],[0,8],[-2,8],[-3,0],[-3,0],[-3,0]],[[5490,6054],[-3,0],[-5,-8],[-3,0]],[[5499,6015],[-6,0]],[[5493,6015],[-6,0],[-5,-8],[-3,0],[-6,0],[-3,-8],[-3,-7],[-2,-8],[-3,0],[0,-8],[-3,0],[-3,0],[-8,-8]],[[5374,5898],[0,15],[-3,8],[0,16],[-3,23],[0,8],[0,16],[-3,8],[-3,7],[-2,0],[-6,8],[-6,0],[-5,8],[-6,0],[-6,8]],[[5448,5968],[-12,8],[-8,8],[-3,0]],[[5425,5984],[-6,0],[-5,-16],[-6,-8],[-9,-15],[-8,-16],[-9,-16],[-5,-7],[-3,-8]],[[5513,5968],[0,-8],[0,-7],[0,-8],[3,0],[2,-8],[3,-8],[0,-8],[0,-8],[3,-7],[3,0],[3,-8],[5,-8],[6,0],[3,0]],[[5567,5913],[2,-7],[3,-8],[3,-8],[3,0],[3,0],[6,0],[2,0],[3,-8],[3,0]],[[5544,5890],[3,0],[3,0],[2,0],[3,8],[3,0],[3,8],[3,0],[3,7]],[[5513,5968],[-14,-15],[-3,0],[-6,0],[-6,0],[-5,-8],[-3,0],[-6,0],[-3,-8],[-2,-8],[-3,-8],[-3,-8],[-6,-7],[-3,0],[-5,-8]],[[5445,5898],[0,0]],[[5374,5851],[-3,-16],[0,-15],[0,-16],[0,-16],[6,-15],[0,-8],[0,-16]],[[5445,5898],[-6,0],[-6,-8],[-2,0],[-3,-16],[-3,0],[-6,0],[-5,-7],[-3,0],[-3,-8],[-3,0]],[[5405,5859],[-3,0]],[[5402,5859],[-3,0],[-2,-8],[-6,0],[-3,-8]],[[5388,5843],[-3,8],[-6,8]],[[5379,5859],[-5,-8]],[[5391,6085],[-3,16],[0,8],[-3,8],[-3,7],[0,24],[0,15],[-3,16],[0,16],[0,15],[0,16],[0,8],[0,8],[3,0],[0,15],[6,8],[3,16]],[[5388,6374],[0,-7],[-3,-8],[0,-8],[0,-8],[3,-8],[-3,-8],[0,-7],[0,-8],[0,-16],[3,-8],[0,-7],[3,0]],[[5371,6078],[-3,7],[-3,0],[-3,0],[0,8],[-2,8]],[[5360,6101],[-3,0],[-3,-8],[-3,0],[-3,0],[-3,-8]],[[5345,6085],[-5,8],[-3,0]],[[5337,6093],[-3,0],[-3,0],[0,-8],[-3,0]],[[5388,6078],[-3,7],[-3,0]],[[5382,6085],[-3,0]],[[5379,6085],[-2,0]],[[5377,6085],[-3,-7],[-3,0]],[[5391,6085],[-3,0],[0,-7]],[[5575,6078],[0,31],[0,23],[3,16],[3,8],[0,15],[0,8],[0,16],[3,15],[0,16]],[[5595,5960],[0,102],[-6,8],[-8,0],[-6,8]],[[5677,6281],[-3,0],[-5,0],[-3,0]],[[5703,6257],[3,0],[0,-54],[0,-47],[0,-55],[0,-55],[11,0],[14,0],[14,0],[14,0]],[[5703,6257],[0,0]],[[5697,6257],[-3,0],[-3,0],[-2,8],[0,8],[-6,8]],[[5683,6281],[-6,0]],[[5703,6257],[-3,0],[-3,0]],[[5666,6281],[0,-8],[-9,0]],[[5657,6273],[-2,0]],[[5623,6296],[3,-8],[3,-7],[3,-8],[3,0]],[[5621,6288],[2,0],[-2,0]],[[5621,6288],[0,8],[2,0]],[[5643,6273],[12,0]],[[5635,6273],[3,0],[5,0]],[[5595,5960],[0,-39],[0,-39]],[[5595,5882],[0,-39],[0,-39],[0,-39],[0,-39],[0,-39],[0,-39],[0,-39],[0,-39],[0,-8]],[[5672,5960],[17,0],[17,0],[17,0],[17,0],[8,0],[11,0]],[[5638,5960],[17,0],[17,0]],[[5595,5960],[9,0],[8,0],[14,0],[12,0]],[[5382,6374],[-3,0],[0,8],[-2,0]],[[5388,6374],[-6,0]],[[5462,6343],[-3,8],[-3,0],[-6,8]],[[5467,6351],[-2,0],[-3,-8]],[[5467,6351],[0,8],[3,8],[-3,7],[0,8],[3,0]],[[5425,6374],[0,8],[0,8],[0,8],[-3,8]],[[5425,6374],[6,8],[2,8],[3,8],[3,0],[3,0]],[[5442,6398],[3,8],[3,7]],[[5411,6367],[0,7],[3,0]],[[5399,6374],[-5,0],[-6,0]],[[5408,6367],[0,7],[-3,0],[-3,0]],[[5402,6374],[-3,0]],[[5411,6367],[-3,0]],[[5414,6374],[0,8],[2,16],[3,8],[3,0]],[[5388,6374],[6,8],[3,0],[2,8],[6,8],[0,8],[3,7]],[[5422,6406],[0,7],[0,8]],[[6925,7945],[0,15],[0,8],[3,8],[0,8],[-3,7],[3,8],[6,0],[2,0],[-2,8],[-3,8],[0,8],[0,7],[-3,0],[-3,8],[3,0],[0,8],[0,8],[-3,0],[-3,8],[0,8],[3,0],[9,7],[-3,8],[-3,0],[-3,8],[3,0],[-3,23]],[[6925,7945],[-3,-16],[0,-8],[-3,-8],[0,-8],[-5,-7],[-6,0]],[[6908,7898],[-3,0]],[[6905,7898],[0,-8],[6,-8],[0,-8],[0,-8],[0,-7],[-3,0],[0,-8],[6,-16],[0,-15]],[[6925,7827],[3,0],[0,-7]],[[6914,7820],[2,0],[3,7],[6,0]],[[6931,7820],[3,-8],[2,0],[9,-8]],[[6928,7820],[3,0]],[[6953,7804],[3,0],[0,-8],[0,-8],[3,-8]],[[6945,7804],[8,0]],[[6959,7780],[6,8],[3,0],[8,0],[3,8],[3,0]],[[7030,8046],[3,0],[0,-8],[3,0],[0,-8]],[[7019,8030],[2,0],[0,8],[6,8],[3,0]],[[7013,8046],[3,-8],[3,0],[0,-8]],[[7010,8038],[3,0],[0,8]],[[7007,8038],[3,0]],[[6993,7960],[0,8],[3,0],[3,0],[0,8],[5,0],[-2,0],[0,15],[2,0],[0,8],[0,8],[-2,0],[-3,8],[-3,0],[0,8],[3,0],[0,7],[3,0],[-3,0],[3,0],[2,8],[3,0]],[[7036,8030],[2,0],[3,0],[0,-7]],[[7041,8023],[-3,0],[3,0]],[[7036,8030],[0,0]],[[7067,8023],[0,-8],[3,0],[2,0]],[[7050,8007],[3,8],[2,8],[3,0],[9,0]],[[7081,8023],[3,-8],[3,-8],[0,-8],[-3,-8],[3,-7],[2,0],[9,0]],[[7072,8015],[3,0],[6,8]],[[7044,8023],[3,-8],[3,0],[0,-8]],[[7041,8023],[3,0]],[[7115,7991],[3,0],[0,-7],[3,-8],[3,0],[11,-8],[6,-8],[8,0]],[[7109,7991],[6,0]],[[7106,7991],[3,0]],[[7098,7984],[6,7],[2,0]],[[6990,7960],[3,0]],[[6979,7937],[3,0],[3,8],[0,7],[-3,0],[3,0],[5,8]],[[6925,7945],[3,0],[3,-8]],[[6968,7945],[2,0],[6,-8],[3,0]],[[6953,7929],[3,0],[9,0],[0,16],[3,0]],[[6939,7937],[3,0],[3,-8],[8,0]],[[6931,7937],[3,0],[5,0]],[[6982,7796],[3,0],[2,-8],[-2,-8],[-3,0],[-9,-7],[0,-8],[0,-8],[-8,-16],[-17,-31],[-3,0],[-3,-8],[-3,-7],[-3,0],[-8,-16],[-6,0],[-6,-8],[-2,0],[-6,-8]],[[6908,7663],[-11,8]],[[6897,7671],[-12,-8],[-3,-8],[-2,0],[0,-7],[0,-8],[-3,0],[-6,-8],[0,-8],[-6,-8]],[[7135,7859],[6,0]],[[7129,7859],[6,0]],[[7129,7859],[0,0]],[[7132,7843],[-3,0],[0,8],[0,8]],[[7124,7820],[0,7],[2,0],[3,8],[6,0],[3,8],[-3,0]],[[7135,7843],[-3,0]],[[7118,7827],[6,-7]],[[7106,7796],[3,8],[-3,0],[0,8],[3,0],[3,0],[3,0],[0,8],[3,7]],[[7081,7820],[3,0],[0,-8]],[[7061,7773],[0,7],[3,8],[3,8],[3,0],[2,8],[3,0],[3,8],[3,0],[0,8]],[[7002,7820],[5,-8],[0,-8],[0,-8],[-3,0],[0,-8],[0,-8],[-2,-7],[11,-8]],[[6982,7796],[0,8],[-3,0],[11,0],[6,8],[3,0],[3,8]],[[7087,7812],[0,0]],[[7084,7812],[3,0]],[[7087,7812],[2,0],[0,-8],[0,-8],[0,-8]],[[7104,7804],[2,-8]],[[7101,7788],[0,8],[3,8]],[[7092,7788],[9,0]],[[7089,7788],[3,0]],[[7024,7780],[0,0]],[[7016,7773],[3,0],[2,7],[3,0]],[[7027,7780],[3,-7]],[[7024,7780],[3,0]],[[7058,7780],[3,-7]],[[7044,7757],[9,8],[2,8],[3,7]],[[7041,7773],[3,0],[0,-8],[-3,0],[3,-8]],[[7030,7773],[3,0],[8,0]],[[7016,7773],[0,0]],[[7013,7765],[3,0],[0,8]],[[7135,7999],[-3,8],[3,8],[3,0],[-3,8]],[[7141,8007],[0,0]],[[7141,8007],[-3,0],[-3,-8]],[[7135,7984],[3,7]],[[7138,7991],[3,8],[2,8],[-2,0]],[[7143,7976],[-5,0],[3,8],[0,7],[-3,0]],[[7146,7960],[0,8]],[[7146,7968],[3,0],[0,8],[0,8]],[[7149,7984],[-6,0],[0,-8]],[[7141,7968],[2,0],[3,0]],[[7149,7960],[-3,0]],[[7146,7960],[-3,0],[-2,8]],[[7149,7960],[0,-8],[3,-47],[-3,0],[-3,-7],[-3,-8],[0,-8]],[[7149,7882],[3,0],[3,0],[3,-8],[-3,0],[-3,0],[-6,0],[0,-8],[-3,0],[0,-7],[-2,0]],[[7143,7882],[6,0]],[[7152,7804],[-3,0],[0,8],[0,8],[3,15],[0,8],[-3,8],[-8,8]],[[7169,7788],[-3,8],[3,8],[-6,0]],[[7163,7804],[-3,0],[-2,0],[-6,0]],[[7254,7773],[0,7],[0,8],[-3,8],[-6,0],[-5,8],[-3,0],[-3,0]],[[7234,7804],[-6,-8],[-2,-8],[0,-8]],[[7177,7757],[-2,0],[0,8],[2,0],[3,8],[3,0],[-3,7],[-3,0],[0,8],[-2,0],[-3,8]],[[7172,7796],[-3,-8]],[[7226,7780],[-3,0]],[[7223,7780],[-3,0],[-3,0],[-3,-7]],[[7214,7773],[-3,0]],[[7211,7773],[-11,0]],[[7200,7773],[-3,0]],[[7197,7773],[0,-8]],[[7197,7765],[-8,8]],[[7189,7773],[-3,-8],[-9,-8]],[[6554,7679],[8,0],[3,0],[3,0],[0,8],[5,8]],[[6551,7679],[3,0]],[[6539,7632],[3,0],[0,8],[0,8],[6,7],[0,16],[3,8]],[[6508,7655],[11,-7],[0,-8],[6,0],[3,0]],[[6451,7593],[3,8],[12,0],[22,31],[3,0],[0,8],[3,0],[3,8],[5,0],[3,0],[3,7]],[[6531,7640],[8,-8]],[[6528,7640],[3,0]],[[6386,7616],[51,-7],[14,-16]],[[7248,7491],[3,8],[0,8],[0,31]],[[7228,7499],[3,0],[0,-8]],[[7231,7491],[-3,8]],[[7203,7499],[8,0],[3,-8]],[[7194,7499],[9,0]],[[7226,7499],[0,-8],[2,0],[3,0]],[[7226,7499],[0,0]],[[7189,7499],[5,0]],[[7155,7445],[17,31],[17,23]],[[7223,7499],[3,0]],[[7220,7491],[0,8],[3,0]],[[7217,7499],[3,-8]],[[7217,7491],[0,8]],[[7214,7491],[3,8]],[[7234,7491],[3,0],[0,-7],[3,0]],[[7231,7491],[3,0]],[[7248,7491],[0,0]],[[7240,7484],[0,7],[3,0],[2,0],[3,0]],[[7155,7445],[-142,-8]],[[7155,7445],[-3,-16],[-3,-23],[3,-8],[0,-8],[-9,0],[0,-8],[3,-8],[3,0],[3,0],[0,-8],[3,-7],[8,-16],[3,-16],[0,-7],[6,-8],[5,0],[3,-8],[3,0],[3,-8],[0,-8],[0,-7],[-9,-24],[3,-8],[3,0]],[[7183,7249],[3,0],[3,0],[0,-8],[-3,-7],[0,-8],[3,0],[3,-8],[2,0],[3,-8],[-3,0],[6,0],[0,-8]],[[7183,7249],[0,0]],[[7254,7773],[0,-8],[-9,-8],[-2,-8],[-3,0],[0,-8],[0,-7],[0,-8],[-6,-8],[-6,0],[-5,-8],[3,-8],[2,-7],[3,0],[0,-8],[3,0],[0,-8],[-3,0],[0,-8],[3,-8]],[[7240,7663],[5,0],[0,-8],[-2,-7],[0,-8],[-6,0],[-3,0],[0,-8],[-3,0],[3,0],[0,-8],[3,0],[3,0],[0,-8],[-3,0],[3,-7],[3,0],[2,0],[-2,-8],[-3,-8],[-3,-23],[3,-16],[-6,0],[0,-8],[-3,0],[0,-8],[6,-8],[6,0]],[[7234,7663],[6,0]],[[7243,7530],[0,8],[8,0]],[[7291,7866],[0,8],[3,0],[0,8],[5,0],[0,8]],[[7291,7866],[0,0]],[[7274,7851],[3,0],[8,8],[0,7],[6,0]],[[7274,7851],[0,0]],[[7268,7843],[3,8],[3,0]],[[7268,7843],[0,0]],[[7277,7757],[5,16],[3,7],[0,8],[-3,8],[0,8],[0,8],[-8,8],[0,7],[-3,0],[-3,0],[0,8],[-3,0],[0,8],[3,0]],[[7257,7773],[3,-8],[8,0],[9,-8]],[[7254,7773],[3,0]],[[7288,7530],[-3,0],[-3,0],[-3,0],[0,8],[-8,8]],[[7271,7546],[-6,-8]],[[7265,7538],[-3,8]],[[7262,7546],[-2,-8]],[[7260,7538],[-6,0]],[[7254,7538],[-3,0]],[[7305,7515],[-6,8],[-8,7]],[[7291,7530],[-3,0]],[[7356,7484],[-3,0],[-3,0],[-8,7],[-14,8],[0,8],[-9,8]],[[7319,7515],[-14,0]],[[7384,7406],[-5,7],[0,8],[0,8],[-3,8],[-3,15],[-8,16],[0,8],[-6,0],[0,8]],[[7359,7484],[-3,0]],[[7384,7413],[0,-7]],[[6630,7476],[-6,8]],[[6624,7484],[-8,-16],[-9,0],[-22,-8]],[[6636,7460],[-3,0],[0,8],[-3,8]],[[6630,7476],[0,0]],[[6641,7452],[0,8],[-2,0]],[[6639,7460],[-3,0]],[[6585,7460],[-3,0]],[[6582,7460],[-3,0],[-3,-15],[-3,0],[3,-8],[-8,-8],[-14,-8]],[[6647,7452],[-3,0]],[[6644,7452],[-3,0]],[[6653,7452],[-3,0]],[[6650,7452],[-3,0]],[[6554,7421],[-3,8]],[[6809,7843],[-3,8],[0,8]],[[6806,7859],[-3,0],[-3,0],[-3,0]],[[6817,7812],[0,8],[3,7],[-6,0],[3,8],[-3,8]],[[6814,7843],[-5,0]],[[6831,7749],[3,0],[0,8],[-5,16],[-6,15],[-3,24]],[[6820,7812],[-3,0]],[[6829,7749],[2,0]],[[6823,7718],[-3,8],[3,8],[3,7],[0,8],[3,0]],[[6817,7718],[6,0]],[[6831,7671],[-2,0],[-9,16],[0,8],[-3,0],[3,0],[3,0],[-6,15],[0,8]],[[6865,7616],[-8,24],[-20,15],[3,8],[-3,8],[-3,0]],[[6834,7671],[-3,0]],[[6579,7687],[-6,0],[0,8]],[[6593,7655],[-8,0],[0,8],[0,8],[0,8],[-3,8]],[[6582,7687],[-3,0]],[[6653,7452],[-3,8],[0,8],[-3,8],[0,8],[-23,15],[-5,8],[-3,8],[-3,15],[-3,8],[0,8],[3,24],[0,15],[-3,16],[-3,8],[0,7],[-2,8],[0,8],[0,16],[0,7],[-3,0],[0,8],[-3,0]],[[6599,7663],[-3,0],[0,-8],[-3,0]],[[6831,7538],[37,47],[3,8],[-6,23]],[[6588,7726],[2,8],[3,7],[3,0],[0,8],[0,8],[3,0],[-3,8],[-3,8],[0,7],[0,8],[3,0],[0,8]],[[6585,7726],[3,0]],[[6573,7695],[0,7],[0,8],[0,8],[3,0],[3,8],[3,0],[3,0]],[[6653,7452],[0,-7],[5,-63]],[[6829,7523],[0,7],[2,8]],[[6857,7515],[-3,0],[-6,0],[-5,8],[-6,7]],[[6837,7530],[-8,-7]],[[6951,7452],[-40,16],[-9,8],[-5,8],[-3,0],[-34,31]],[[6860,7515],[-3,0]],[[6959,7445],[-3,7],[-3,0]],[[6953,7452],[-2,0]],[[6831,7538],[-5,0],[-3,0],[-3,0],[3,8],[-6,8],[-3,8],[-5,8],[-3,15]],[[6806,7585],[-9,0],[-8,-8],[-6,-15],[-3,-8],[-5,-24]],[[6831,7538],[0,0]],[[6775,7530],[-9,0]],[[6766,7530],[-3,-7],[0,-8],[-5,0],[-9,-8],[-5,-16],[-18,-39],[-2,-23],[2,-39]],[[6959,7445],[54,-8]],[[7041,7218],[-3,0],[0,8],[-2,0],[-3,0],[-3,0],[-3,0],[0,8],[-3,0],[0,7],[-3,0],[3,0],[0,8],[9,47],[0,8],[-3,39],[-9,55],[-5,31],[-3,8]],[[7061,7156],[-3,7],[-3,8],[-2,0],[0,8],[-3,0],[-3,8],[-3,0],[0,8],[0,7],[-3,8],[3,0],[-3,0],[0,8]],[[7041,7218],[0,0]],[[6959,7445],[0,-8],[3,-8],[0,-8],[0,-8],[-3,-15],[0,-8],[3,-8],[3,-8],[3,0],[0,-62],[2,0]],[[6970,7312],[3,-8],[3,0],[3,-8],[6,-8],[0,-7],[-3,0],[-3,-8],[3,0],[0,-8],[-3,0]],[[6970,7312],[0,0]],[[6979,7265],[-3,0]],[[6976,7265],[0,-8],[0,-8],[-3,-8]],[[6973,7241],[-3,0],[3,-7]],[[6973,7241],[0,-7]],[[6973,7234],[3,0],[0,-8],[3,0],[-3,0],[-14,-16],[-14,-23],[-6,-8]],[[6942,7179],[-3,0]],[[6939,7179],[-3,0],[-8,-16]],[[6928,7163],[-3,0],[-3,0]],[[6497,6515],[0,-8],[-3,-8],[0,-7],[-3,0],[-3,0],[0,-8],[-14,-8],[-3,0],[-3,-8]],[[6505,6288],[0,8],[-3,16],[0,8],[0,7],[3,0],[0,8],[-3,0],[0,8],[3,0],[0,8],[-3,8],[-2,8],[-6,7],[0,8],[0,8],[0,8],[-3,8]],[[6491,6406],[0,-8],[-3,0],[-3,0],[-2,0],[-3,-8]],[[6477,6390],[-3,0],[0,8],[-3,0]],[[6471,6398],[-3,0]],[[6468,6398],[-2,0]],[[6466,6398],[-6,-8]],[[6480,6390],[-3,0]],[[6477,6390],[0,0]],[[6514,6257],[-3,8],[-3,8],[-3,8],[0,7]],[[6483,6304],[-6,8]],[[6497,6281],[-12,23]],[[6485,6304],[-2,0]],[[6505,6288],[0,0]],[[6505,6288],[-3,0],[0,-7],[-2,0]],[[6500,6281],[-3,0]],[[6497,6281],[0,0]],[[6528,6327],[3,0],[0,-7],[8,-8]],[[6517,6312],[2,0],[6,8],[3,7]],[[6539,6312],[12,8]],[[6517,6312],[0,0]],[[6514,6257],[3,0],[0,8],[0,8],[2,8],[0,15],[3,0],[-3,8],[-2,0],[0,8]],[[6517,6312],[-3,0],[3,0]],[[6514,6257],[3,-15],[-3,0],[0,-8],[-3,0]],[[6511,6234],[-3,8],[-3,0],[-3,7],[-2,0]],[[6500,6249],[0,-7],[2,-8],[0,-8],[0,-8],[-8,-8]],[[6494,6210],[-6,0]],[[6488,6210],[-3,-7]],[[6613,6117],[-6,31],[-8,0],[0,8],[-3,0],[0,15],[-3,8]],[[6451,6617],[3,0],[0,-8],[-3,0]],[[6451,6609],[0,8]],[[6451,6617],[-2,-8],[2,-8],[0,-8],[-2,0],[-3,0],[3,-8],[2,0],[3,0],[0,-8],[3,-7],[-3,-8]],[[6454,6562],[0,8],[-3,0],[0,7],[-2,0]],[[6449,6577],[-6,0],[0,-7],[0,-8],[0,-8]],[[6443,6554],[-3,0]],[[6440,6554],[-3,0]],[[6440,6554],[0,-8],[0,-8],[3,-7],[0,-8],[0,-8],[-3,-8]],[[6468,6468],[0,-8],[-2,-15],[0,-8],[-3,0],[-3,0],[-3,-8],[0,-8],[-3,0],[0,-8]],[[6446,6484],[-6,0],[-3,0],[0,8],[3,7],[-3,0],[3,8]],[[6460,6476],[-3,8],[0,8],[-3,7]],[[6454,6499],[-3,0],[0,-7],[-2,0],[0,-8],[-3,0]],[[6468,6468],[-2,0],[0,8],[0,8],[-3,0]],[[6463,6484],[0,-8],[-3,0]],[[6426,6507],[-3,0],[-6,8],[-11,16],[-3,0]],[[6440,6507],[-8,8]],[[6432,6515],[-3,0]],[[6429,6515],[0,0]],[[6429,6515],[-3,-8]],[[6622,6531],[0,-47],[0,-8],[-3,-8],[-3,-8],[-3,0],[-3,0],[0,-8],[-3,-7],[0,-8],[0,-8],[-2,0],[-3,-8],[-29,-23]],[[6573,6398],[-11,8]],[[6562,6406],[-3,-8],[-3,0],[-2,-8],[-3,0],[0,-23],[0,-8],[0,-8],[-3,-16],[0,-8],[3,-7]],[[6690,6320],[-29,31],[-5,0]],[[6656,6351],[-6,-8],[-3,-8],[-14,-15],[-3,-8],[0,-24],[0,-7],[-6,-8],[-5,0]],[[6619,6273],[-3,0],[-3,0]],[[6613,6273],[-14,0],[-3,-8],[-3,-8],[0,-8],[3,-7],[0,-8],[0,-8],[3,-8],[0,-23],[0,-8],[0,-8],[-3,0],[-3,0]],[[6593,6179],[-5,8],[-3,8],[-3,0],[0,23],[-6,16],[-5,23],[-6,39],[-3,8],[-6,8],[-5,8]],[[6432,6632],[-3,0],[-3,0],[-6,0],[-3,8]],[[6434,6632],[-2,0]],[[6519,6546],[-8,0]],[[6511,6546],[-3,0]],[[6508,6546],[-6,0],[-2,-8],[-3,0],[0,-15],[0,-8]],[[6491,6601],[-3,-8],[0,-8],[0,-8],[-3,0],[-5,0],[0,-7],[-3,0]],[[6477,6570],[-3,0]],[[6474,6570],[0,-8],[-3,-8],[0,-8],[3,0]],[[6474,6546],[3,0],[0,-8],[0,-7],[3,0],[0,-8],[8,0],[3,0],[6,-8]],[[6474,6546],[0,0]],[[6690,6320],[34,-32],[2,-7],[12,-39]],[[6690,6320],[0,7],[2,8],[3,8],[0,8],[6,8],[0,8],[0,7],[0,8],[0,8],[-3,0],[0,8],[3,8],[-3,0]],[[6477,6640],[0,0]],[[6477,6640],[-3,0]],[[6474,6640],[-6,-8],[-2,0],[-6,-8],[-3,0],[0,-7],[-6,0]],[[6434,6640],[6,0],[0,-8],[3,0],[-3,-8],[3,0],[3,0]],[[6434,6632],[0,8]],[[6449,6624],[2,0],[0,-7]],[[6446,6624],[3,0]],[[6440,6656],[3,7],[3,0],[5,8],[0,8],[0,8],[-2,0],[0,8],[-3,0],[-3,7],[-3,8],[0,8],[3,0],[3,8]],[[6437,6656],[3,0]],[[6434,6632],[-2,8],[-3,8],[0,8],[3,0],[2,0],[3,0]],[[6491,6601],[3,16],[0,7],[-3,8]],[[6488,6632],[0,8],[-3,0]],[[6485,6640],[0,-8]],[[6485,6632],[-2,0],[-3,8],[-3,0]],[[6491,6632],[-3,0]],[[6491,6601],[9,0],[5,0],[17,-24]],[[6485,6687],[6,0]],[[6474,6640],[0,8],[3,8],[6,0],[0,7],[2,8],[0,8],[-2,0],[-3,8],[5,0]],[[6528,6538],[-3,8],[-6,0]],[[6551,6531],[-3,0],[-12,7],[0,8]],[[6536,6546],[-8,-8]],[[6622,6531],[0,7]],[[6622,6538],[-3,0]],[[6619,6538],[-68,-7]],[[6644,6577],[-8,-39],[-6,0]],[[6630,6538],[-6,0]],[[6624,6538],[-2,0]],[[6522,6577],[0,-7],[0,-8],[-3,-8],[0,-8]],[[6545,6609],[3,8],[3,0],[3,7],[2,8],[0,8],[-2,8]],[[6522,6632],[0,-8],[3,0],[6,-7],[3,0],[2,0],[6,-8],[3,0]],[[6522,6577],[0,8],[3,8],[-3,8],[-3,8],[0,8],[0,7],[3,8]],[[6485,6203],[0,7],[-2,0],[-3,0]],[[6485,6203],[0,-8],[3,0],[0,-8],[3,0],[6,-8],[5,0],[0,-8],[3,-8],[0,-7],[3,0],[3,-8],[3,0],[11,-63],[3,-7],[3,-24],[0,-8],[3,0],[2,-8],[3,-15],[3,-16],[6,-8],[6,-7]],[[6409,6585],[0,-8],[-3,0],[0,-7],[-3,-8],[-3,0],[0,-8],[3,0],[3,0],[0,-8]],[[6412,6554],[0,-8],[0,-8]],[[6406,6546],[3,8],[3,0]],[[6412,6538],[-6,0]],[[6406,6538],[-3,0],[0,-7]],[[6403,6531],[-3,7]],[[6400,6538],[0,-7],[0,-8],[-2,0],[-3,0],[0,-8],[0,-8]],[[6395,6507],[0,-8],[-3,-7],[-9,-8],[-2,0],[0,-8],[-3,0],[0,-8],[3,0],[2,-8],[3,-8]],[[6386,6452],[3,0],[3,-7],[3,0],[3,0],[0,-8],[2,0],[3,-16],[6,-23]],[[6386,6452],[0,0]],[[6395,6507],[-3,0]],[[6392,6507],[-3,0],[0,-8],[0,-7]],[[6381,6492],[-6,0],[-6,7],[-3,0],[-2,8],[-3,0],[-6,0]],[[6355,6507],[-3,0]],[[6352,6507],[-3,0]],[[6349,6507],[0,-8],[0,-7],[-2,-16]],[[6389,6492],[-6,0]],[[6383,6492],[-2,0]],[[6417,6640],[-2,8]],[[6415,6648],[-3,-8],[3,0],[0,-8],[-3,0]],[[6412,6632],[-3,0],[0,8]],[[6409,6640],[-3,-8],[3,-8],[3,-15],[3,-8],[2,-8],[-2,-8]],[[6415,6585],[-3,0]],[[6412,6585],[-3,0]],[[6417,6640],[0,8],[-8,8],[0,7],[3,8],[0,8],[-3,0],[0,8],[0,8],[-14,7],[-3,0]],[[6372,6577],[-8,24],[-3,8],[-3,0]],[[6406,6585],[-6,8],[-2,0],[0,8],[-3,0]],[[6395,6601],[0,-8],[-3,0],[0,-8],[-3,0]],[[6389,6585],[0,0]],[[6389,6585],[-3,0],[0,-8],[-3,0],[0,-7],[-2,0],[0,-8],[-3,0]],[[6409,6585],[-3,0]],[[6375,6562],[-3,8],[3,0],[-3,7]],[[6372,6577],[0,0]],[[6378,6562],[-3,0]],[[6375,6562],[0,0]],[[6457,6406],[-3,0],[0,7]],[[6460,6390],[3,8],[-3,8],[-3,0]],[[6457,6406],[0,0]],[[6477,6312],[0,8],[3,7],[-3,0],[-3,8],[0,8],[-3,0],[0,8],[0,8],[-3,0],[-2,0],[0,8],[-3,15],[-3,8]],[[6477,6312],[-3,-8],[-3,-8],[-3,0],[-2,-8],[2,-15],[0,-8]],[[6468,6265],[-2,0],[2,0]],[[6471,6265],[3,-8],[3,-8],[3,0],[0,-7],[0,-8],[0,-8],[0,-16]],[[6468,6265],[3,0]],[[6451,6413],[-5,0],[-6,8],[-6,8],[-2,0],[-3,0]],[[6429,6429],[-3,0],[-3,0],[-8,0],[-3,-23],[-3,-8]],[[6454,6413],[-3,0]],[[6480,6210],[-3,0],[-3,0]],[[6474,6210],[-3,0]],[[6721,5882],[0,8],[0,8],[0,8],[0,7],[0,8],[0,8],[0,8],[0,8],[-3,8],[0,7],[0,8],[0,8],[3,31],[0,8],[0,31],[3,8],[0,8],[0,8],[-3,0],[0,8],[5,0],[6,15],[3,0],[0,8],[-3,0],[0,8],[0,8],[0,7],[3,8],[0,8],[0,8],[0,15],[0,8],[-3,0],[0,8],[6,63]],[[6783,6304],[0,-8],[0,-15],[-3,-8],[0,-24],[3,-15],[0,-8],[-3,0],[-2,0]],[[6778,6226],[-3,8],[-6,8],[-3,7],[-3,0],[0,8],[-2,0]],[[6761,6257],[-23,-15]],[[6613,6117],[3,-8],[6,0],[2,-8],[3,0],[0,-8]],[[6639,6109],[2,-31],[-2,-8],[2,-8],[0,-8],[3,0],[3,-8],[6,0]],[[6627,6093],[3,8],[6,8],[3,0]],[[6661,6062],[3,0],[3,0],[0,-8],[0,-16],[3,0],[0,-7],[3,0],[0,-8],[2,-8],[-2,-8],[2,0],[3,-8],[0,-31],[0,-8],[9,-7],[3,0],[0,-8]],[[6653,6046],[3,8],[2,8],[3,0]],[[6692,5953],[3,0],[3,0],[0,-8],[3,0],[0,-8]],[[6690,5945],[2,8]],[[6701,5937],[-3,0]],[[6701,5937],[0,-8],[-3,0],[0,-16],[0,-7],[0,-8]],[[6707,5898],[2,0],[0,-8],[3,0]],[[6704,5898],[3,0]],[[6701,5898],[3,0]],[[6698,5898],[3,0]],[[6715,5890],[3,0]],[[6712,5890],[3,0]],[[6718,5890],[3,-8]],[[6718,5890],[0,0]],[[6613,6117],[3,-16],[0,-8],[8,-23],[0,-8],[-2,-16],[0,-8],[2,0],[3,-7],[0,-8],[-3,0]],[[6624,6023],[-2,0]],[[6622,6023],[-3,0],[-3,-8],[-3,-8],[0,-8],[-6,0]],[[6607,5999],[-5,0]],[[6602,5999],[-3,0],[-3,0]],[[6596,5999],[-3,0]],[[6593,5999],[-5,0],[-3,0],[-3,-7],[0,-8],[0,-8],[-3,-8]],[[6568,5976],[-3,0],[-3,0],[0,8],[-6,0],[-2,0],[0,8]],[[6579,5968],[-11,8]],[[6568,5976],[0,0]],[[6554,5992],[-3,0]],[[6551,5992],[-3,0]],[[6548,5992],[-3,0]],[[6545,5992],[0,0]],[[6545,5992],[0,-8]],[[6721,5882],[-3,0],[0,-8],[3,0],[5,-7],[0,-8],[0,-8],[3,0],[0,-8],[3,0],[-3,0],[3,-8]],[[6675,6601],[3,0],[9,-16],[0,-8],[-3,-7],[-11,-16],[-3,-8],[-3,-31],[0,-8],[3,-23],[0,-8],[5,0]],[[6644,6577],[12,8],[11,8],[8,8]],[[6684,6484],[0,-8],[0,-8],[3,-31],[3,-8],[2,0],[0,-8],[3,0],[3,-8],[0,-7]],[[6675,6476],[9,8]],[[6738,6531],[3,-8],[3,-8],[2,0]],[[6724,6515],[0,8],[8,0],[3,0],[3,8]],[[6715,6523],[6,-8],[3,0]],[[6698,6406],[3,7],[0,16],[6,8],[8,15],[3,8],[0,8],[-3,8],[-3,0],[0,8],[0,8],[0,7],[3,8],[-3,8],[3,8]],[[6746,6515],[17,0],[3,0]],[[6644,6577],[6,16],[3,8],[3,0],[5,8],[3,0],[0,8],[6,15],[0,8],[-3,8],[-6,8],[0,7],[-3,8],[0,16],[0,8],[3,7],[0,8],[-3,0]],[[6658,6710],[0,0]],[[6392,6702],[-3,24]],[[6392,6702],[0,-7],[-3,0],[-3,-8]],[[6386,6687],[-3,0],[-2,8],[-3,0],[0,7]],[[6378,6702],[-14,-7]],[[6364,6695],[-9,0]],[[6355,6695],[-3,0],[0,-8],[-5,-8],[-3,-8],[-3,-8]],[[6420,6757],[3,0]],[[6409,6757],[3,0]],[[6389,6726],[0,8],[6,8],[0,7],[3,0],[2,0],[0,8],[9,0]],[[6415,6757],[5,0]],[[6412,6757],[3,0]],[[6332,6835],[-3,0],[0,8],[3,8],[3,8],[3,8],[-3,7],[3,8],[0,8],[3,8]],[[6364,6734],[-3,0],[-3,8],[-6,7],[-3,0],[-2,0],[-9,16],[-3,8],[3,8],[-3,7],[-3,8],[3,0],[0,8],[-3,0],[0,23],[0,8]],[[6332,6835],[0,0]],[[6383,6718],[-2,0],[-3,8],[0,8],[0,8],[-3,0],[-3,7]],[[6372,6749],[0,-7],[-3,0]],[[6369,6742],[0,0]],[[6369,6742],[-3,0],[-2,-8]],[[6389,6726],[-6,-8]],[[6624,6726],[3,16],[0,7],[6,16],[3,8]],[[6613,6726],[11,0]],[[6593,6702],[3,0],[3,0],[3,8],[3,8],[5,8],[3,0]],[[6590,6702],[3,0]],[[6585,6702],[5,0]],[[6636,6773],[3,-16],[2,0]],[[6641,6757],[3,-8],[-3,0],[0,-7],[0,-8],[3,-16],[3,0],[3,0],[3,-8]],[[6641,6757],[0,0]],[[6653,6710],[5,0]],[[6698,6734],[0,8]],[[6698,6742],[-3,0],[0,7],[3,8],[0,8],[3,0],[0,8],[0,8],[-3,7],[-3,8],[-11,0],[-3,0],[3,0],[0,8],[3,8]],[[6698,6710],[3,8],[0,8],[0,8],[0,8]],[[6701,6742],[-3,0]],[[6667,6742],[3,0],[20,-24],[8,-8]],[[6658,6710],[0,8],[0,8],[9,16]],[[6636,6773],[3,8],[2,0],[3,7],[3,0],[0,8],[-3,0],[0,8],[0,8],[0,8],[0,7]],[[6491,6687],[0,8],[-6,7],[-8,16]],[[6508,6671],[3,0],[3,0],[5,-8],[3,-7],[0,-8],[3,0],[3,0]],[[6536,6663],[3,0],[0,-7],[3,0],[3,0],[3,0]],[[6528,6648],[3,0],[3,8],[2,7]],[[6551,6656],[3,-8]],[[6548,6656],[3,0]],[[6491,6687],[6,0],[3,-8],[5,0],[3,-8]],[[7146,5562],[3,0],[3,0],[0,8]],[[7146,5562],[0,0]],[[7143,5531],[0,8],[0,7],[0,8],[3,8]],[[7152,5531],[3,0]],[[7155,5531],[3,0],[0,8]],[[7158,5539],[-3,0]],[[7155,5539],[0,-8]],[[7155,5539],[-3,0]],[[7152,5539],[0,0]],[[7152,5539],[-3,0]],[[7149,5539],[0,-8]],[[7149,5531],[-3,0],[-3,0]],[[7152,5531],[0,0]],[[7143,5515],[3,0],[0,8],[3,0],[0,8]],[[7149,5531],[3,0]],[[7143,5515],[0,0]],[[7141,5507],[2,0],[0,8]],[[7138,5507],[0,0]],[[7141,5499],[-3,0],[0,8]],[[7141,5507],[0,0]],[[7138,5507],[3,0]],[[7138,5460],[3,0],[2,0],[0,8],[3,0],[0,8],[0,8],[0,8],[-3,0],[0,7],[-2,0]],[[7141,5499],[0,0]],[[7132,5468],[3,0],[0,-8]],[[7135,5460],[3,0]],[[7132,5429],[0,8],[0,8],[0,8],[3,0],[0,7]],[[7135,5460],[-3,0],[0,8]],[[7129,5429],[3,0]],[[7126,5429],[3,0]],[[7126,5421],[0,0]],[[7121,5414],[0,7]],[[7121,5421],[-3,0]],[[7126,5421],[0,-7],[-2,0]],[[7124,5414],[0,7]],[[7172,5539],[-3,0],[-3,7],[-3,0],[0,8],[0,8],[-3,8]],[[7160,5570],[-2,0],[0,-8],[-3,0]],[[7155,5562],[-3,8]],[[7251,5531],[0,8],[0,7],[-3,0],[0,8],[-5,0]],[[7243,5554],[0,-8],[-3,0]],[[7240,5546],[0,0]],[[7240,5546],[-3,0],[-3,0],[-3,-7]],[[7299,5546],[0,0]],[[7299,5546],[-3,0],[0,-7],[-2,0],[-3,0],[-3,0],[0,-8],[-3,0],[-3,0]],[[7302,5546],[0,0]],[[7302,5546],[-3,0]],[[7308,5531],[0,8]],[[7308,5539],[-3,0],[0,7],[-3,0]],[[7331,5523],[0,8],[-3,0],[0,8],[-3,0]],[[7325,5539],[-3,0],[-3,-8]],[[7274,5531],[0,8]],[[7274,5539],[-3,0],[-3,0],[0,-8],[-3,0],[-3,-8],[-2,0]],[[7186,5523],[-3,0],[-3,0],[0,8],[-3,8],[-2,0]],[[7175,5539],[-3,0]],[[7231,5539],[-3,0]],[[7228,5539],[0,-8],[-2,0],[0,-8],[-3,0],[0,-8],[3,0],[-3,-8],[-3,0],[-3,-8],[-3,0]],[[7316,5531],[-2,0],[0,8]],[[7314,5539],[-3,0]],[[7311,5539],[0,0]],[[7311,5539],[-3,0]],[[7319,5531],[0,8]],[[7319,5539],[-3,0],[0,-8]],[[7248,5531],[3,0]],[[7248,5523],[0,8]],[[7248,5531],[-3,0],[3,0]],[[7282,5531],[-3,0],[-2,0]],[[7277,5531],[-3,0]],[[7260,5523],[-3,0]],[[7257,5523],[-3,0]],[[7251,5523],[-3,0]],[[7248,5523],[0,0]],[[7336,5515],[-3,8]],[[7333,5523],[-2,0]],[[7203,5523],[0,0]],[[7203,5523],[-3,0],[-3,0]],[[7254,5523],[-3,0]],[[7251,5523],[0,0]],[[7206,5523],[-3,0]],[[7197,5523],[-3,0]],[[7194,5523],[-2,0]],[[7189,5523],[-3,0]],[[7186,5523],[0,0]],[[7192,5523],[0,0]],[[7192,5523],[-3,0]],[[7214,5499],[-3,0],[-2,0],[0,8],[0,8],[0,8]],[[7209,5523],[-3,0]],[[7339,5523],[0,-8],[-3,0]],[[7413,5734],[0,-8],[-3,0],[0,-8],[-3,0]],[[7404,5718],[-3,0],[-2,8]],[[7407,5718],[-3,0]],[[7404,5718],[0,0]],[[7413,5734],[3,0],[2,0],[0,-8],[3,-8],[3,-8],[0,-7],[0,-8],[3,0]],[[7433,5695],[0,-8],[0,-8]],[[7433,5679],[-3,0],[3,0]],[[7430,5695],[3,0]],[[7427,5695],[3,0]],[[7427,5695],[0,0]],[[7433,5679],[0,-8],[0,-8],[0,-7],[2,0],[0,-8]],[[7433,5679],[0,0]],[[7438,5648],[0,0]],[[7435,5648],[3,0]],[[7441,5648],[0,-8],[3,0],[-3,0],[0,-8],[-3,0],[0,-8],[-3,0],[0,-7]],[[7438,5648],[3,0]],[[7435,5617],[0,0]],[[7435,5617],[-2,0],[0,-8]],[[7399,5726],[0,-8],[-3,0],[0,-8],[-3,0],[-3,0]],[[7370,5710],[-3,0],[0,8],[-2,0]],[[7365,5718],[0,-8],[2,-7],[0,-8],[-2,0],[0,-8]],[[7379,5710],[-3,0],[-3,0]],[[7373,5710],[-3,0]],[[7390,5710],[-3,0],[-3,0],[-2,0]],[[7382,5710],[-3,0]],[[7370,5687],[3,0],[3,0],[0,-8]],[[7365,5687],[2,0],[3,0]],[[7376,5679],[0,0]],[[7379,5679],[0,-8],[3,0],[0,-8],[0,-7],[-3,0]],[[7376,5679],[3,0]],[[7379,5656],[0,0]],[[7379,5656],[-3,0],[-3,-8],[0,-8],[-3,0],[0,-8],[0,-8],[-3,-7],[-2,0],[0,-8],[-3,0],[-3,-8]],[[7359,5601],[0,8]],[[7359,5609],[-3,0],[-3,-8]],[[7353,5601],[0,8]],[[7353,5609],[-3,-8],[0,-8],[0,-8],[-2,0],[0,-7]],[[7348,5578],[0,-8]],[[7348,5578],[-3,0]],[[7345,5578],[-3,-8],[0,-8],[0,-8],[-3,-8],[0,-7],[0,-8],[0,-8]],[[7336,5515],[0,-8],[-3,0],[0,-8],[-2,0],[0,-7],[2,0],[0,-8]],[[7333,5484],[3,0],[0,-8],[0,-8],[-3,-8]],[[7333,5484],[0,0]],[[7336,5460],[0,-7],[0,-8],[0,-8],[-3,0],[-2,0],[0,-8],[0,-8],[2,0],[3,0],[0,-7],[-3,0],[0,-8]],[[7333,5460],[3,0]],[[7333,5406],[0,0]],[[7333,5406],[-2,0],[2,0]],[[7333,5406],[0,-8]],[[7333,5398],[-2,0],[2,0]],[[7333,5398],[3,0],[0,-8],[3,0],[0,-8],[3,0],[0,-8],[3,0],[0,-7],[-3,0],[0,-8],[-3,0]],[[7333,5398],[0,0]],[[7336,5359],[0,8]],[[7336,5367],[-3,0],[0,-8],[-2,0],[0,-8],[0,-8],[-3,0],[0,-8],[0,-7],[0,-8],[0,-8]],[[7339,5359],[0,0]],[[7339,5359],[-3,0]],[[7427,5984],[3,0]],[[7435,5953],[-2,7],[0,8],[-3,0],[0,8],[0,8]],[[7441,5945],[-3,0],[0,8]],[[7438,5953],[-3,0]],[[7438,5929],[6,0],[0,8],[-3,0],[0,8]],[[7441,5945],[0,0]],[[7438,5937],[0,-8]],[[7435,5937],[3,0]],[[7435,5937],[0,0]],[[7433,5921],[0,8],[2,0],[0,8]],[[7430,5929],[0,-8],[3,0]],[[7438,5906],[0,7],[-3,0],[-2,8]],[[7433,5921],[0,0]],[[7435,5906],[3,0]],[[7441,5874],[-3,0],[0,8],[0,8],[-3,0],[-2,8],[0,8],[2,0]],[[7447,5874],[-3,0],[-3,0]],[[7441,5874],[0,0]],[[7447,5859],[3,0],[0,8],[-3,7]],[[7447,5874],[0,0]],[[7444,5867],[0,-8],[3,0]],[[7441,5851],[0,8],[0,8],[3,0]],[[7438,5859],[0,-8],[3,0]],[[7418,5765],[0,8],[0,8],[0,7],[-2,0],[0,8],[0,8],[-3,0],[0,8],[0,8],[3,0],[0,8],[2,0],[6,7],[3,0],[0,8],[3,0],[3,8],[2,8],[3,0]],[[7532,5828],[3,0],[3,0]],[[7538,5828],[0,-8]],[[7529,5820],[3,0],[0,8]],[[7538,5820],[2,0]],[[7529,5820],[0,0]],[[7526,5812],[0,8],[3,0]],[[7523,5812],[3,0]],[[7518,5773],[3,0],[0,8],[0,7],[0,8],[0,8],[2,0],[0,8]],[[7484,5788],[2,0],[0,-7]],[[7478,5765],[0,8]],[[7478,5773],[3,0],[-3,0]],[[7478,5773],[3,8],[0,7],[3,0]],[[7489,5781],[3,0],[0,-8],[3,0]],[[7486,5781],[3,0]],[[7433,5773],[2,0],[0,-8]],[[7427,5765],[3,0],[3,8]],[[7515,5773],[3,0]],[[7515,5765],[0,8]],[[7512,5773],[3,-8]],[[7509,5765],[0,8],[3,0]],[[7495,5773],[3,0],[0,-8],[0,-8],[3,0],[0,-8]],[[7495,5773],[0,0]],[[7506,5773],[0,-8],[3,0]],[[7501,5749],[3,8],[0,8],[2,8]],[[7475,5765],[3,0]],[[7427,5765],[0,0]],[[7424,5765],[3,0]],[[7441,5765],[0,-8],[3,0],[0,-8],[3,0]],[[7441,5765],[0,0]],[[7418,5765],[3,0],[3,0]],[[7418,5765],[0,0]],[[7438,5765],[3,0]],[[7438,5765],[0,0]],[[7435,5765],[3,0]],[[7472,5765],[0,0]],[[7464,5749],[0,8]],[[7464,5757],[3,0],[2,8],[3,0]],[[7475,5765],[0,0]],[[7472,5765],[3,0]],[[7455,5765],[0,-8]],[[7452,5757],[0,8],[3,0]],[[7458,5757],[3,-8]],[[7455,5757],[3,0]],[[7450,5757],[2,0]],[[7447,5749],[0,8],[3,0]],[[7461,5749],[0,8],[3,0]],[[7228,6265],[3,0]],[[7228,6265],[0,0]],[[7231,6265],[0,-8],[3,0],[3,-8],[3,0],[-3,-7],[0,-8],[3,0]],[[7231,6265],[0,0]],[[7240,6234],[3,0],[2,0]],[[7245,6234],[0,-8]],[[7240,6234],[0,0]],[[7248,6234],[0,-8]],[[7248,6226],[-3,0]],[[7245,6234],[3,0]],[[7248,6226],[3,0]],[[7248,6226],[0,0]],[[7243,6078],[2,0]],[[7245,6078],[0,-8]],[[7245,6078],[0,0]],[[7248,6070],[0,0]],[[7245,6070],[3,0]],[[7248,6070],[0,-8],[0,-8],[0,-8]],[[7248,6046],[0,0]],[[7248,6046],[0,-8],[0,-7]],[[7248,6031],[-3,0]],[[7245,6031],[-2,-8]],[[7243,6195],[0,8],[2,0],[0,7],[3,0],[3,8],[0,8]],[[7243,6195],[0,0]],[[7240,6179],[0,8],[0,8],[3,0]],[[7237,6179],[3,0]],[[7237,6156],[0,7],[0,8],[0,8]],[[7237,6156],[0,0]],[[7237,6148],[0,8]],[[7240,6109],[0,8],[-3,7],[0,16],[3,0],[-3,0],[0,8]],[[7237,6148],[0,0]],[[7228,6257],[0,8]],[[7228,6249],[3,0],[0,-7],[0,-8],[0,-8]],[[7228,6226],[0,0]],[[7228,6226],[-2,0],[0,-8],[-3,0],[-3,-8]],[[7231,6226],[-3,0]],[[7223,6210],[0,-7],[-3,0]],[[7220,6210],[3,0]],[[7220,6203],[-3,0]],[[7217,6203],[0,7]],[[7217,6203],[-3,0]],[[7214,6203],[0,0]],[[7214,6203],[-3,0]],[[7211,6203],[0,-8],[0,-8],[0,-8],[-2,0],[-3,0]],[[7177,6187],[-2,0],[0,8],[-3,0]],[[7172,6195],[-3,0]],[[7169,6195],[0,0]],[[7169,6195],[0,-8]],[[7169,6187],[-3,0],[-3,0]],[[7180,6179],[0,8]],[[7180,6187],[-3,0]],[[7183,6171],[0,8]],[[7183,6179],[-3,0]],[[7203,6171],[0,8],[-3,0]],[[7200,6179],[-3,0]],[[7192,6179],[0,0]],[[7192,6179],[-3,0],[0,-8],[-3,0]],[[7194,6179],[-2,0]],[[7197,6179],[0,0]],[[7197,6179],[-3,0]],[[7206,6179],[0,0]],[[7206,6179],[0,-8],[-3,0]],[[7183,6171],[0,0]],[[7183,6163],[0,8]],[[7186,6171],[0,0]],[[7186,6171],[0,-8],[-3,0]],[[7163,6171],[0,8]],[[7163,6179],[0,8]],[[7166,6156],[0,7],[0,8],[0,8]],[[7166,6179],[0,0]],[[7166,6179],[-3,0]],[[7166,6156],[0,0]],[[7166,6140],[0,8]],[[7166,6148],[-3,0],[0,8],[3,0]],[[7177,6140],[-2,0],[0,8],[-3,0]],[[7172,6148],[0,0]],[[7172,6148],[-3,0]],[[7169,6148],[0,0]],[[7169,6148],[-3,0]],[[7186,6132],[0,8]],[[7186,6140],[-3,0]],[[7180,6132],[0,8],[-3,0]],[[7177,6140],[0,0]],[[7183,6140],[0,0]],[[7183,6140],[-3,-8]],[[7200,6070],[0,8],[-3,0],[0,7],[-3,0],[0,8],[0,8],[-2,0],[0,8],[0,8],[-3,7],[0,8]],[[7189,6132],[0,8]],[[7189,6132],[-3,0]],[[7209,6054],[-3,0]],[[7206,6054],[0,8],[-3,8],[-3,0]],[[7200,6070],[0,0]],[[7231,6015],[0,8],[0,8],[0,7],[0,8],[0,8],[-3,0]],[[7228,6054],[-2,-8],[-3,0],[3,-8],[-3,0]],[[7217,6054],[-3,0]],[[7214,6054],[0,-8]],[[7214,6046],[0,-8]],[[7206,6046],[-3,0],[3,0]],[[7206,6046],[0,8]],[[7220,6046],[0,8],[-3,0]],[[7217,6054],[0,0]],[[7217,6046],[3,0]],[[7220,6038],[-3,8]],[[7206,6038],[0,8]],[[7206,6046],[0,0]],[[7214,6046],[-3,0]],[[7211,6046],[0,0]],[[7211,6046],[0,-8],[0,-7],[0,-8]],[[7223,6038],[-3,0]],[[7220,6038],[0,0]],[[7203,6038],[3,0]],[[7206,6023],[0,8],[-3,0],[0,7]],[[7211,6023],[-2,0],[0,8]],[[7209,6031],[-3,-8]],[[7240,6023],[0,0]],[[7240,6023],[-3,0]],[[7243,6023],[0,0]],[[7243,6023],[-3,0]],[[7237,6023],[0,0]],[[7237,6023],[-3,0],[3,0]],[[7237,6023],[0,-8],[-3,0]],[[7234,6015],[-3,0]],[[7231,6015],[0,0]],[[7240,6109],[-3,0]],[[7237,6109],[-3,0]],[[7240,6109],[0,0]],[[7234,6109],[0,0]],[[7234,6109],[0,-8],[-3,0],[0,-8],[0,-8],[-3,0],[3,0],[0,-7]],[[7234,6085],[3,-7],[3,-8]],[[7231,6078],[3,0],[0,7]],[[7240,6070],[0,8],[3,0]],[[7228,6257],[0,-8]],[[7149,5070],[-3,0],[0,8],[-3,0]],[[7143,5078],[0,7]],[[7143,5078],[-2,0]],[[7152,5070],[-3,0]],[[7668,5742],[-3,0],[0,7],[3,0],[0,8],[-3,0],[0,8],[-3,0]],[[7657,5882],[0,8],[-3,0]],[[7654,5890],[0,-8],[-3,0],[0,-8]],[[7665,5859],[0,8],[0,7],[0,8],[3,8],[-3,0]],[[7665,5890],[-3,0]],[[7662,5890],[-3,0]],[[7659,5890],[0,-8],[-2,0]],[[7651,5874],[-3,0],[0,8]],[[7648,5882],[-3,0],[0,-8]],[[7617,5882],[-3,0]],[[7614,5882],[-3,0],[-3,0],[-2,0],[0,-8],[-3,0],[0,-7],[0,-8],[-3,0],[3,0],[0,-8]],[[7617,5874],[0,8]],[[7617,5882],[3,0]],[[7617,5882],[0,0]],[[7620,5874],[0,8]],[[7620,5874],[-3,0]],[[7625,5874],[0,8]],[[7625,5882],[-2,-8],[-3,0]],[[7628,5874],[0,8]],[[7628,5882],[-3,-8]],[[7631,5867],[0,7]],[[7631,5874],[-3,0]],[[7645,5874],[-3,0],[0,-7],[-2,0],[0,-8],[-3,0]],[[7645,5874],[0,0]],[[7637,5859],[0,8],[0,7]],[[7637,5874],[-3,-7]],[[7634,5867],[0,7]],[[7634,5874],[-3,-7]],[[7676,5851],[-2,8],[-3,0],[0,8]],[[7671,5867],[-3,-8],[-3,0]],[[7676,5820],[3,0],[3,0],[0,8],[0,7],[-3,0],[-3,0],[0,8],[3,8]],[[7679,5851],[-3,0]],[[7603,5851],[-3,0]],[[7600,5851],[0,-8],[-3,-8]],[[7676,5820],[0,0]],[[7676,5812],[0,8]],[[7671,5804],[3,8],[2,0]],[[7668,5742],[0,-8],[0,-8],[0,-8]],[[7668,5718],[0,-8]],[[7668,5710],[0,-7]],[[7682,5765],[0,-8],[3,0]],[[7674,5734],[0,8],[2,0],[0,7],[3,0],[0,8],[0,8],[3,0]],[[7688,5757],[0,0]],[[7685,5757],[3,0]],[[7685,5757],[0,0]],[[7671,5742],[0,-8],[3,0]],[[7668,5742],[3,0]],[[7694,5788],[0,8],[2,0],[-2,0],[0,8],[2,0],[0,8],[3,8],[0,8]],[[7694,5788],[0,0]],[[7688,5757],[3,8],[0,8],[0,8],[0,7],[3,0]],[[7688,5757],[0,-8],[0,-7],[0,-8],[3,0]],[[7691,5734],[0,-8]],[[7694,5734],[2,-8]],[[7696,5726],[-2,0]],[[7694,5726],[0,8]],[[7691,5734],[3,0]],[[7696,5726],[0,0]],[[7245,5281],[-2,8],[0,7]],[[7243,5296],[-3,-7],[0,-8],[-3,0],[0,-8]],[[7251,5281],[-3,0]],[[7248,5281],[-3,0]],[[7237,5273],[0,0]],[[7237,5273],[-3,0]],[[7234,5273],[0,0]],[[7234,5273],[-3,0],[0,-8],[0,-8],[0,-8],[-3,0]],[[7228,5249],[0,0]],[[7228,5249],[-2,0],[2,-7],[-2,0],[0,-8]],[[7223,5242],[-3,0]],[[7220,5242],[0,-8],[-3,0],[0,-8],[-3,0],[0,-8],[0,-8]],[[7214,5210],[3,0],[-3,0]],[[7226,5234],[-3,0],[0,8]],[[7223,5242],[0,0]],[[7197,5210],[0,8],[-3,0]],[[7194,5218],[0,-8],[0,-7],[0,-8],[0,-8],[0,-8]],[[7200,5210],[-3,0]],[[7197,5210],[0,0]],[[7200,5210],[0,0]],[[7203,5203],[0,7]],[[7203,5210],[-3,0]],[[7214,5210],[-3,0]],[[7211,5210],[0,0]],[[7211,5210],[-2,0]],[[7209,5210],[-3,-7]],[[7214,5210],[0,0]],[[7206,5203],[0,7]],[[7206,5203],[-3,0]],[[7194,5179],[-2,0]],[[7192,5179],[0,0]],[[7192,5179],[-3,0]],[[7189,5179],[-3,0],[-3,0],[0,-8]],[[7177,5171],[0,8]],[[7177,5171],[-2,0],[-3,0],[3,-7]],[[7183,5171],[-3,0],[0,8],[-3,0]],[[7175,5164],[-3,0]],[[7172,5164],[0,-8],[-3,0],[-3,0],[3,-8],[-3,0]],[[7166,5148],[-3,0],[-3,0]],[[7160,5148],[0,-8],[-2,0]],[[7158,5140],[0,8]],[[7158,5140],[-3,0]],[[7155,5140],[0,0]],[[7158,5140],[0,0]],[[7158,5140],[0,-8],[2,0],[-2,0],[0,-8]],[[7160,5124],[3,0],[0,-7],[0,-8],[-3,0],[0,-8],[0,-8],[0,-8],[-2,0],[0,-7]],[[7158,5124],[2,0]],[[7158,5078],[-3,0]],[[7155,5078],[0,7]],[[7155,5085],[-3,-7],[0,-8]],[[7155,5015],[0,8],[3,0],[0,8],[0,8],[-3,0],[0,7],[3,0],[0,8],[-3,8],[3,0],[-3,8]],[[7155,5070],[0,8]],[[7155,5070],[-3,0]],[[7152,5070],[0,0]],[[7155,5015],[0,0]],[[7152,5015],[3,0]],[[7540,5788],[3,0]],[[7543,5788],[0,8],[0,8],[-3,0],[0,8],[0,8]],[[7540,5788],[0,0]],[[7540,5773],[3,0],[0,8],[0,7]],[[7540,5773],[0,0]],[[7535,5742],[0,7],[3,0],[2,8],[0,8],[0,8]],[[7535,5742],[3,0],[-3,0]],[[7535,5742],[0,0]],[[7535,5734],[0,8]],[[7532,5734],[3,0]],[[7529,5726],[3,0],[0,8]],[[7526,5734],[0,-8]],[[7526,5718],[0,8]],[[7526,5726],[-3,0],[3,0]],[[7529,5726],[0,0]],[[7526,5726],[3,0]],[[7515,5718],[3,0],[0,-8],[3,0]],[[7495,5679],[3,8],[0,8],[3,0],[3,0],[0,8],[2,0],[6,0],[0,7],[0,8],[3,0]],[[7526,5718],[0,0]],[[7523,5710],[0,8]],[[7523,5718],[3,0]],[[7521,5710],[2,0]],[[7523,5710],[-2,8],[2,0]],[[7489,5695],[3,0],[0,-8],[3,0],[0,-8]],[[7486,5687],[3,0],[0,8]],[[7486,5687],[0,0]],[[7484,5679],[0,8],[2,0]],[[7486,5663],[-2,0],[0,8],[2,0],[0,8]],[[7486,5679],[-2,0]],[[7495,5648],[-3,0],[-3,15],[-3,0]],[[7486,5663],[0,0]],[[7504,5624],[-3,8],[0,8],[0,8],[3,0],[-6,0],[-3,0]],[[7495,5648],[0,0]],[[7509,5609],[3,0],[-3,0]],[[7509,5609],[0,8],[-3,0],[0,7],[-2,0]],[[7504,5624],[0,0]],[[7509,5609],[0,0]],[[7512,5593],[3,0],[-3,0]],[[7512,5593],[0,8],[-3,8]],[[7512,5593],[0,0]],[[7512,5585],[0,8]],[[7509,5585],[3,0]],[[7509,5585],[0,0]],[[7549,5968],[0,8],[-3,0]],[[7563,5976],[-3,0]],[[7560,5976],[-3,-8]],[[7566,5968],[0,8]],[[7566,5976],[-3,0]],[[7566,5968],[0,0]],[[7557,5968],[-2,0],[-3,0]],[[7552,5968],[-3,0]],[[7552,5921],[3,-8],[0,-7],[-3,0],[-3,-8],[-3,0],[0,-8]],[[7549,5921],[3,0]],[[7549,5921],[0,0]],[[7546,5890],[0,0]],[[7546,5890],[-3,0],[0,-8],[-3,0],[0,-8],[3,-7],[0,-8],[3,0],[3,-8],[-3,0],[0,-8]],[[7546,5843],[3,0]],[[7546,5843],[-3,0],[-3,0],[0,-8]],[[7540,5835],[-2,0],[2,0]],[[7540,5835],[0,-7],[0,-8]],[[7540,5835],[0,0]],[[7594,5898],[0,8],[3,0],[0,7],[3,8],[0,8],[0,8]],[[7177,4843],[0,8],[-2,0]],[[7175,4851],[0,0]],[[7180,4835],[0,8]],[[7180,4843],[-3,0]],[[7183,4835],[-3,0]],[[7180,4835],[0,0]],[[7186,4828],[-3,0],[0,7]],[[7183,4835],[3,0],[-3,0]],[[7183,4835],[0,0]],[[7189,4812],[0,8],[-3,0],[3,0],[0,8]],[[7189,4828],[-3,0]],[[7194,4796],[0,8],[-2,0],[-3,8]],[[7189,4812],[0,0]],[[7197,4796],[0,0]],[[7197,4796],[-3,0]],[[7206,4781],[-3,0],[-3,8],[0,7],[-3,0]],[[7209,4781],[0,8]],[[7209,4789],[-3,0],[0,-8]],[[7211,4773],[0,8],[-2,0]],[[7209,4781],[0,0]],[[7214,4765],[0,8],[-3,0]],[[7211,4773],[0,0]],[[7217,4765],[0,8]],[[7217,4765],[-3,0]],[[7262,4851],[-2,0],[0,8]],[[7260,4859],[-3,0],[0,-8],[0,-8],[-3,0]],[[7268,4851],[-3,0],[-3,8]],[[7262,4859],[0,-8]],[[7254,4843],[-3,0]],[[7251,4843],[0,-8],[0,-7]],[[7251,4828],[0,-8],[0,-8],[-3,0],[0,-8],[6,0],[3,-8],[-3,0],[0,-7],[-3,0],[0,-8],[-3,0],[-3,-8],[-2,0]],[[7251,4828],[0,0]],[[7237,4773],[-3,0]],[[7234,4773],[-3,0],[0,-8],[-3,0],[0,-8]],[[7243,4773],[0,0]],[[7243,4773],[-3,0]],[[7240,4773],[0,0]],[[7240,4773],[-3,0]],[[7223,4757],[-3,8]],[[7220,4765],[-3,0]],[[7228,4757],[0,0]],[[7228,4757],[-5,0]],[[7217,4765],[0,-8],[-3,0]],[[7214,4757],[-3,0]],[[7211,4757],[0,-7],[3,0],[3,-8],[3,0],[0,-8],[-3,-8],[3,0]],[[7226,4726],[0,-8],[2,0],[0,-8],[-2,0]],[[7223,4726],[3,0]],[[7220,4726],[3,0]],[[7220,4726],[0,0]],[[7226,4710],[0,0]],[[7226,4710],[0,-7],[2,0],[0,-8],[3,0],[0,-8],[-3,0],[0,-8],[0,-8],[0,-7],[0,-8],[3,0],[0,-8],[3,0]],[[7240,4664],[0,-8]],[[7240,4656],[0,-8],[3,0],[-3,-8],[0,-8],[3,0],[0,-7],[-3,0],[0,-8],[0,-16],[3,0]],[[7234,4648],[0,8],[3,0],[3,0]],[[7243,4601],[2,0],[0,-8],[0,-8],[-2,-7],[0,-16],[-3,0],[0,-8],[0,-8],[3,0],[0,-7],[-3,0],[0,-8],[0,-8],[3,0],[0,-8],[-3,0]],[[7243,4601],[0,0]],[[7240,4515],[0,0]],[[7240,4515],[0,-8],[0,-7],[-3,0]],[[7251,5281],[-3,8],[0,7],[3,0],[0,8],[3,0],[0,8],[3,0],[0,8],[3,0],[0,8],[-3,0],[0,7],[0,8],[0,8],[3,0],[0,8],[2,0],[3,0],[3,0],[0,8],[0,7],[3,0],[0,8],[0,8],[3,0],[0,8],[-3,0],[0,8],[3,0],[0,-8],[3,0],[2,0],[3,0],[3,0],[0,-8],[3,0],[0,-8],[3,0],[0,-8],[3,0],[2,0],[0,8],[3,0],[3,0],[0,-8],[3,0],[3,0],[0,8],[3,0],[3,0],[0,-8],[2,0],[3,0],[0,-7],[0,-8],[-3,0],[0,-8],[0,-8],[0,-8],[0,8],[0,-8],[3,0],[0,-7],[-3,-8],[3,0],[3,-8],[3,0],[3,0]],[[7331,5304],[-3,0],[0,8]],[[7328,5312],[0,0]],[[7331,5304],[0,0]],[[7342,5273],[-3,0],[3,0]],[[7342,5273],[0,8],[-3,0],[0,8],[-3,7],[0,8],[-3,0]],[[7333,5304],[-2,0]],[[7345,5265],[0,8]],[[7345,5273],[-3,0]],[[7342,5273],[0,0]],[[7348,5242],[0,15],[-3,0],[0,8]],[[7345,5265],[3,0],[0,8],[-3,0]],[[7353,5242],[0,0]],[[7353,5242],[-3,0],[-2,0]],[[7359,5242],[-3,0]],[[7356,5242],[-3,0]],[[7328,4906],[-3,0],[0,-8],[0,8],[-3,0],[-3,0],[3,0],[-3,0],[0,-8],[-3,-8],[-2,0],[0,-8],[-3,0],[0,8],[-3,0],[-3,0],[-3,0],[0,-8],[-3,-7],[0,7],[0,-7],[-3,0],[0,-8],[-2,0],[-3,8],[-3,0],[0,-8],[0,8],[-3,0],[-3,0],[0,-8],[-3,0],[0,-8],[0,-8],[-2,-8],[-3,-8]],[[7274,4835],[-3,8],[-3,8]],[[7489,5617],[3,0],[0,-8],[6,-8],[0,-8],[3,0]],[[7484,5570],[2,0],[3,8],[0,7],[0,8],[0,8],[0,8],[-3,0],[3,0],[0,8]],[[7433,5609],[2,0],[0,-8],[3,0]],[[7464,5609],[0,-8],[0,-8],[-3,-8],[0,-7]],[[7458,5601],[3,0],[0,8],[3,0]],[[7455,5609],[0,-8]],[[7455,5601],[3,0]],[[7441,5593],[3,0],[3,8],[5,0],[3,0]],[[7438,5601],[3,-8]],[[7438,5601],[0,0]],[[7504,5593],[2,0],[0,-8],[3,0]],[[7501,5593],[3,0]],[[7472,5585],[3,0],[3,-7],[3,0]],[[7467,5570],[2,8],[3,0],[0,7]],[[7484,5578],[0,-8]],[[7481,5578],[3,0]],[[7464,5578],[3,0],[0,-8]],[[7461,5578],[3,0]],[[7433,5609],[0,-8],[-3,0],[-3,-8],[-3,0],[0,-8],[-3,0],[0,-7],[-3,0],[3,0],[0,-8],[-3,0],[0,-8],[3,0],[0,-8],[-3,0]],[[7418,5554],[0,0]],[[7418,5554],[0,-8],[-2,0],[0,-7],[-3,0],[0,-8],[0,-8]],[[7413,5523],[3,0],[0,-8]],[[7416,5515],[-3,0]],[[7413,5515],[0,8]],[[7413,5515],[-3,0],[0,-8],[0,-8],[-3,0]],[[7407,5499],[-3,0],[0,8]],[[7404,5507],[-3,0],[-2,0]],[[7399,5507],[0,-8]],[[7399,5507],[-3,0],[-3,-8],[0,-7],[-3,-8],[0,-8],[-3,0]],[[7387,5476],[0,8]],[[7387,5484],[-3,0],[0,-16],[3,0],[0,-8],[-3,0],[0,-7],[3,0]],[[7387,5453],[0,0]],[[7387,5453],[0,-8],[0,-8],[0,-8],[0,-8],[3,-7]],[[7376,5414],[0,7],[-3,0]],[[7373,5421],[0,-7],[-3,0],[0,-8],[3,-8],[3,0],[0,-8],[0,-8],[0,-8],[3,0],[0,-7],[3,0],[-3,0],[0,-8],[3,0],[-3,0],[0,-8],[3,0],[0,-8],[0,-8],[0,-7],[0,-8],[-3,0]],[[7379,5320],[0,-8]],[[7382,5414],[-3,0]],[[7379,5414],[0,7]],[[7379,5414],[-3,0]],[[7393,5414],[0,0]],[[7390,5414],[3,0]],[[7396,5414],[0,-8],[0,-8],[-3,0]],[[7393,5414],[3,0]],[[7384,5398],[-2,16]],[[7382,5414],[0,0]],[[7393,5398],[-3,8],[-3,0]],[[7387,5406],[-3,0],[0,-8]],[[7379,5312],[-3,0],[-3,0],[0,-8],[0,-8],[-3,0],[0,-7],[-3,0],[0,-8],[-2,0]],[[7365,5281],[0,0]],[[7365,5281],[-3,0],[0,-8],[0,-8],[0,-8],[0,-8],[-3,0]],[[7359,5249],[0,0]],[[7359,5249],[0,-7]],[[7512,5585],[0,-7]],[[7515,5578],[3,0],[0,-8],[0,-8]],[[7512,5578],[3,0]],[[7521,5570],[2,0],[0,-8],[0,-8],[3,0],[3,0],[0,-8],[3,-7]],[[7518,5562],[3,0],[0,8]],[[6066,4789],[0,0]],[[6066,4789],[-3,0],[0,-8],[-3,-8],[-3,0]],[[6077,4765],[-3,0],[0,8],[-3,8],[0,8],[-2,0],[-3,0]],[[6054,4773],[-2,0],[0,8],[-3,8]],[[6080,4687],[0,8]],[[6080,4695],[0,8],[3,0],[0,7],[3,0],[0,8],[0,8],[0,8],[-3,8],[0,8],[0,7],[-3,0],[0,8],[0,8]],[[6080,4773],[-3,-8]],[[6057,4773],[0,0]],[[6057,4773],[-3,0]],[[6083,4671],[-3,8],[3,16]],[[6083,4695],[-3,0]],[[6088,4664],[-2,0],[0,7]],[[6086,4671],[-3,0]],[[6091,4664],[-3,0]],[[6088,4664],[0,0]],[[6100,4656],[-3,0],[-3,0]],[[6094,4656],[0,8],[-3,0]],[[6091,4664],[0,0]],[[6188,4640],[0,8],[0,8],[3,8],[0,7],[0,8],[0,8],[-3,0],[0,8],[3,0],[0,8],[-3,0],[3,7],[0,8],[0,8],[-3,8],[0,8],[0,8],[-3,7],[0,8],[-3,0],[0,8],[0,8],[-3,8],[0,7],[0,8],[0,8]],[[6185,4640],[3,0]],[[6185,4609],[0,8],[0,8],[3,0],[0,7],[-3,0],[0,8]],[[6182,4617],[3,-8]],[[6179,4562],[0,8],[3,0],[0,8],[-3,0],[0,7],[3,8],[0,8],[0,8],[0,8]],[[6052,4437],[0,-8],[2,0],[-2,-8],[0,-7],[0,-8]],[[6049,4406],[-3,0]],[[6046,4406],[0,8]],[[6046,4406],[-3,0]],[[6052,4406],[-3,0]],[[6049,4406],[0,0]],[[6043,4406],[0,0]],[[6043,4406],[-3,0]],[[6040,4406],[0,0]],[[6040,4406],[-3,0],[-2,-8],[-3,0]],[[6023,4398],[0,8],[-3,0]],[[6020,4406],[0,0]],[[6032,4398],[-3,8]],[[6029,4406],[-3,0],[-3,-8]],[[6103,4898],[-3,0],[-3,0],[-3,8],[-3,8],[-3,0],[-2,0],[0,15],[-3,0]],[[6142,4906],[0,8]],[[6142,4914],[-3,0],[0,-8],[-2,0]],[[6131,4906],[-3,0],[-3,0],[-3,8],[-2,0]],[[6120,4914],[0,-8],[0,-8],[-6,0]],[[6137,4906],[-3,0],[-3,0]],[[6131,4906],[0,0]],[[6157,4867],[0,8],[0,7],[-9,16],[0,8],[-3,0]],[[6145,4906],[-3,0]],[[6114,4898],[-6,0],[-3,0]],[[6105,4898],[-2,0]],[[6165,4812],[-3,8],[0,8],[0,7],[0,8],[3,8],[0,8],[-3,0],[0,8]],[[6162,4867],[-3,0],[-2,0]],[[6171,4812],[-3,0]],[[6168,4812],[-3,0]],[[6179,4812],[-3,0],[-2,0],[-3,0]],[[6182,4976],[3,0]],[[6179,4976],[3,0]],[[6176,4968],[0,8],[3,0]],[[6176,4960],[3,8]],[[6179,4968],[-3,0]],[[6176,4953],[3,0]],[[6179,4953],[-3,7]],[[6176,4960],[0,0]],[[6179,4914],[0,7],[0,8],[0,8],[0,8],[0,8]],[[6179,4914],[0,0]],[[6179,4812],[0,8],[0,8],[0,7],[3,0],[0,8],[0,8],[-3,0],[0,8],[0,8],[0,8],[0,7],[-3,0],[0,8],[0,8],[0,8],[0,8],[3,0]],[[6185,4976],[0,8]],[[6088,4648],[-2,0],[2,8]],[[6088,4656],[-2,0],[-3,0],[0,-8],[-3,-8],[-3,0],[0,-8]],[[6100,4648],[-3,0],[-3,8]],[[6094,4656],[-3,0]],[[6091,4656],[-3,0]],[[6088,4656],[0,-8]],[[6100,4656],[0,-8]],[[6077,4632],[-3,8]],[[6074,4640],[0,-15],[0,-8],[0,-8],[3,-8],[3,-8],[0,-8],[-3,-7],[-3,-16]],[[6046,4625],[-3,0],[0,7],[-3,0]],[[6040,4632],[-3,-15],[0,-8],[-2,-8]],[[6063,4593],[-6,16],[-5,16],[-3,0],[-3,0]],[[6046,4625],[0,0]],[[6035,4601],[-3,0],[0,8],[-3,0]],[[6029,4609],[0,-8],[-3,-8],[0,-15],[0,-8],[-3,0]],[[6066,4578],[0,7],[0,8],[-3,0]],[[6063,4593],[0,0]],[[6069,4578],[0,0]],[[6069,4578],[-3,0]],[[6071,4570],[-2,8]],[[6074,4562],[-3,8]],[[6071,4570],[0,0]],[[6023,4570],[-5,0]],[[6148,4640],[3,0],[3,16],[-3,8],[-3,0]],[[6148,4664],[-6,0],[0,-16],[-3,0],[0,-8]],[[6105,4640],[0,8],[0,8],[-2,0],[-3,0]],[[6139,4640],[-2,0]],[[6137,4640],[-3,0],[-3,-8],[-3,0],[-3,-7],[-3,0]],[[6108,4632],[0,8],[-3,0]],[[6105,4640],[0,0]],[[6120,4617],[-3,8],[0,7],[-3,0],[-3,0],[0,8]],[[6111,4640],[-3,-8]],[[6148,4640],[0,0]],[[6168,4585],[-3,8],[0,8],[-3,0],[-3,8],[-5,0],[-3,8],[0,8],[0,7],[-3,0],[0,8]],[[6122,4625],[0,0]],[[6122,4625],[-2,0],[0,-8]],[[6171,4578],[-3,7]],[[6168,4585],[0,0]],[[6171,4585],[0,-7]],[[6165,4578],[3,0],[3,7]],[[6165,4578],[0,0]],[[6165,4539],[0,7],[3,16],[0,8],[-3,0],[0,8]],[[6179,4562],[0,-16],[-3,0],[-2,-7],[-3,0]],[[6171,4539],[-3,0]],[[6168,4539],[-3,0]],[[6040,4492],[-3,0],[0,8],[-2,0],[-3,7],[-3,0],[-3,8],[0,8],[-3,0],[-3,0]],[[6020,4523],[0,0]],[[6020,4523],[-2,0]],[[6049,4437],[-3,0],[0,8],[-3,0],[0,8],[-3,7],[0,8],[3,8],[-3,0],[0,8],[3,0],[3,0],[0,8],[-3,0]],[[6043,4492],[-3,0]],[[6052,4437],[-3,0]],[[6205,4585],[-3,0],[-3,0],[0,-7],[-3,0],[-3,-8],[0,-8],[-2,-8],[-3,-8],[-3,-7]],[[6185,4539],[0,7],[0,8],[-3,0],[3,0],[-3,0],[0,8]],[[6182,4562],[-3,0]],[[6250,4609],[-3,0]],[[6247,4609],[0,-8],[-3,0],[3,0],[-3,-8]],[[6244,4593],[-2,0]],[[6242,4593],[-3,0]],[[6239,4593],[0,0]],[[6239,4593],[-3,0]],[[6236,4593],[0,0]],[[6236,4593],[-3,0]],[[6142,4515],[3,0],[0,-8],[3,0],[0,-7],[0,-8],[0,-8]],[[6139,4500],[3,7],[0,8]],[[6114,4507],[3,0]],[[6117,4476],[0,8],[0,8],[-3,8],[0,7]],[[6134,4507],[3,0],[0,-7],[2,0]],[[6122,4500],[3,0],[3,7],[6,0]],[[6117,4507],[3,0]],[[6120,4507],[0,-7]],[[6117,4507],[0,0]],[[6122,4507],[0,-7]],[[6120,4507],[2,0]],[[6148,4484],[-3,0]],[[6145,4484],[0,8]],[[6145,4492],[0,8]],[[6145,4500],[-3,-8],[3,0]],[[6145,4484],[0,-8],[0,-8],[-3,-8],[-3,-7],[0,-8],[0,-8],[-2,0],[0,-8],[0,-8],[-6,-7],[0,-8],[0,-8],[3,0]],[[6066,4484],[3,0],[0,-8],[0,-8],[0,-8],[2,0],[0,-7],[0,-8],[3,0],[0,-8],[3,0],[3,0],[0,-8],[3,0]],[[6060,4460],[3,0],[0,8],[3,0],[0,8],[-3,0],[3,8]],[[6114,4476],[3,0]],[[6111,4429],[0,8],[0,8],[0,8],[0,7],[0,8],[0,8],[3,0]],[[6057,4468],[0,-8],[3,0]],[[6057,4468],[0,0]],[[6054,4460],[0,8],[3,0]],[[6054,4460],[0,0]],[[6052,4437],[-3,8],[0,8],[3,0],[0,7],[2,0]],[[6086,4429],[2,0]],[[6083,4429],[3,0]],[[6088,4429],[6,-8],[0,-7],[3,0]],[[6088,4429],[0,0]],[[6111,4429],[0,0]],[[6103,4414],[2,7],[3,8],[3,0]],[[6100,4414],[3,0]],[[6097,4414],[3,0]],[[6137,4414],[2,0],[0,-8],[3,0]],[[6134,4398],[0,8],[3,0],[0,8]],[[6145,4406],[0,-8],[3,0],[-3,-16],[3,0],[0,-7],[3,0],[3,0],[3,-8],[2,-8],[0,-8],[0,-8],[0,-7],[-2,-8]],[[6142,4406],[3,0]],[[6128,4367],[-3,0]],[[6125,4367],[-3,-8],[0,-8],[3,-8],[-3,-7],[0,-8],[0,-8],[6,0],[0,-8],[0,-8],[3,0],[0,-8],[-3,0],[0,-7],[-3,0],[3,-8],[-3,-8],[0,-8],[0,-8]],[[6134,4359],[-3,0],[-3,8]],[[6128,4367],[0,0]],[[6134,4336],[0,7],[3,8],[0,8],[-3,0]],[[6134,4359],[0,0]],[[6148,4351],[-3,0],[-3,0]],[[6142,4351],[-3,0],[0,-8],[0,-7],[0,-8],[-2,0],[0,-8],[2,-8],[-2,0]],[[6157,4328],[0,8],[-3,0],[0,7],[-3,8]],[[6151,4351],[-3,0]],[[6131,4336],[3,0]],[[6137,4312],[-3,0],[-3,16],[0,8]],[[6125,4257],[-3,0],[0,8],[-2,0]],[[6120,4265],[-3,0],[0,-8],[-3,0],[-3,0]],[[6111,4257],[-3,0],[-3,0]],[[6105,4257],[-2,0]],[[6103,4257],[-3,0]],[[6100,4257],[-3,0],[0,-7],[0,-8],[0,-8],[0,-8],[0,-8],[-3,-7],[-3,-8],[0,-8],[-3,0]],[[6151,4562],[0,0]],[[6151,4562],[-3,0],[0,-8],[0,-8],[3,0]],[[6151,4546],[0,-7]],[[6154,4546],[0,8],[0,8]],[[6154,4562],[-3,0]],[[6154,4546],[0,0]],[[6151,4546],[3,0]],[[6236,4710],[-3,0]],[[6233,4710],[-11,0]],[[6222,4710],[0,-7],[-3,0],[0,-8],[-3,-8],[0,-8],[-6,-47],[3,0],[0,-7],[-3,-8],[-2,0],[-3,-16],[0,-8],[0,-8]],[[6250,4609],[0,8]],[[6250,4617],[-3,0],[0,-8]],[[6247,4609],[-5,-8]],[[6242,4601],[-3,8]],[[6239,4609],[-3,-8]],[[6236,4601],[0,0]],[[6236,4601],[-3,0],[0,-8]],[[6233,4593],[-3,0]],[[6230,4593],[-3,0]],[[6227,4593],[-2,0],[-3,0]],[[6222,4593],[-3,0],[0,-8],[-3,0],[-3,0],[0,-7],[-3,0],[-2,0]],[[6233,4593],[0,0]],[[6210,4585],[0,8]],[[6210,4593],[-2,0],[0,-8]],[[6208,4585],[-3,0]],[[6205,4585],[0,0]],[[6208,4585],[2,0]],[[6208,4578],[0,7]],[[6250,4609],[3,0],[0,-8],[3,-8],[3,-8],[0,-7],[0,-8],[0,-8],[2,-8],[3,-8],[3,-7],[-3,-8],[3,-8],[0,-8],[0,-8],[-3,0],[-3,-7],[0,-8],[0,-8]],[[6261,4484],[-2,0],[0,8],[0,8],[-3,15],[-3,0],[-3,0],[0,8]],[[6250,4523],[-3,0],[-3,-8],[-2,-8],[0,-7],[0,-8],[-3,0],[0,-8],[0,-16],[0,-8],[3,0],[-3,-7],[0,-8],[0,-8],[0,-8],[8,-8],[0,-7],[0,-8],[0,-8]],[[6247,4398],[0,0]],[[6247,4398],[-3,0],[0,-8],[0,-8],[-2,-7],[0,-8],[-3,0],[0,-8]],[[6230,4351],[-3,8],[-2,0],[0,8],[-3,0],[-3,0],[0,8],[-3,0]],[[6216,4375],[-3,0],[0,-8],[-3,-8],[0,-8],[0,-8],[0,-7],[0,-8],[0,-16],[0,-8],[0,-8],[-2,-7],[-3,0],[-6,-16],[-3,0],[-3,0]],[[6239,4359],[-3,8]],[[6236,4367],[0,-8],[-3,0],[0,-8],[-3,0]],[[6191,4273],[-3,0]],[[6188,4273],[-3,0],[-3,-16],[0,-7],[-3,-8],[0,-8],[0,-16],[-3,0],[-2,-31],[-3,-8],[0,-8],[0,-7],[0,-8],[-6,-16],[0,-8],[-3,0],[-3,-7]],[[6193,4273],[0,0]],[[6193,4273],[-2,0]],[[6080,4546],[0,8]],[[6080,4554],[-3,0]],[[6077,4554],[3,-8]],[[6086,4585],[-3,0]],[[6083,4585],[3,8],[-3,0]],[[6083,4593],[0,-8]],[[6083,4585],[0,-7]],[[6074,4554],[0,0]],[[6074,4554],[-3,0],[0,-8]],[[6071,4546],[0,-7]],[[6077,4554],[-3,0]],[[6077,4539],[0,7]],[[6077,4546],[0,8]],[[6077,4554],[0,0]],[[6074,4539],[0,7]],[[6074,4546],[3,0]],[[6074,4546],[0,0]],[[6071,4546],[3,0]],[[6247,4570],[3,0],[0,8],[0,7]],[[6250,4585],[-3,0]],[[6247,4585],[-3,0]],[[6244,4585],[0,-7],[0,-8]],[[6244,4570],[3,0]],[[6244,4570],[0,0]],[[6247,4570],[0,0]],[[3037,1000],[-3,8]],[[3034,1008],[-3,0],[-2,0],[-3,0],[-9,8],[-3,0],[0,7],[-2,0],[-6,8],[0,-8],[-3,0],[-3,0],[-3,0],[0,8],[-2,0],[-3,8],[-3,0],[-3,-8]],[[3006,1133],[3,0],[3,-8],[2,0],[3,-8]],[[3031,1133],[3,0],[0,-8],[3,0],[3,0]],[[3029,1125],[0,8]],[[3029,1133],[2,0]],[[3026,1125],[3,0]],[[3043,1125],[3,-8],[2,0]],[[3040,1125],[3,0]],[[3020,1125],[6,0]],[[3017,1117],[0,8],[3,0]],[[3051,1117],[3,0]],[[3048,1117],[3,0]],[[2949,47],[26,-47]],[[2995,430],[-3,0],[-3,7],[-3,0],[0,8]],[[2986,445],[-3,-8]],[[2983,437],[0,0]],[[2983,437],[-3,0]],[[3017,414],[-3,0],[-5,0],[-3,0],[0,8],[-3,0],[0,8],[-3,0],[0,7],[-3,0]],[[2997,437],[-2,-7]],[[2986,914],[3,0],[3,-8],[3,0],[0,-8],[2,0],[0,-7],[3,0],[3,0],[0,-8],[3,0]],[[2980,906],[3,8],[3,0]],[[2978,914],[2,-8]],[[2972,844],[0,7]],[[2972,851],[0,8],[3,0],[3,16],[-3,0],[0,8],[3,0],[0,8],[0,7],[0,8],[0,8]],[[3009,883],[3,0]],[[3006,883],[3,0]],[[3014,883],[3,0],[0,-8],[0,-8]],[[3012,883],[2,0]],[[3029,875],[2,0],[3,0],[3,0]],[[3017,867],[3,0],[3,0],[3,8],[3,0]],[[2969,851],[3,0]],[[2966,844],[3,7]],[[3051,1203],[3,0],[0,-8],[3,0],[0,-8]],[[3048,1203],[3,0]],[[3046,1203],[2,0]],[[3043,1195],[3,0],[0,8]],[[3043,1195],[0,0]],[[3034,1180],[3,0],[3,0],[0,7],[3,8]],[[3017,1195],[3,0]],[[3020,1195],[3,0],[3,-8]],[[3020,1195],[0,0]],[[3060,1187],[0,-7],[3,0],[2,-8]],[[3057,1187],[3,0]],[[3029,1187],[2,-7],[3,0]],[[3026,1187],[3,0]],[[3046,1273],[0,0]],[[3046,1273],[-3,0],[-3,0],[-3,0],[-3,0],[0,-8],[-8,-15],[-3,-8],[3,-8],[0,-8],[0,-7],[0,-8],[-3,0],[-3,-8],[-3,-8]],[[3057,1258],[0,7],[-3,0],[-3,0],[-3,8]],[[3048,1273],[-2,0]],[[3063,1265],[-3,0],[-3,-7]],[[3043,1351],[-3,0],[-3,0]],[[3037,1351],[0,0]],[[3037,1351],[-3,0]],[[3034,1351],[-3,0],[-2,-7]],[[3054,1336],[-3,0],[0,8],[-3,0],[-2,7],[-3,0]],[[3043,1351],[0,0]],[[3029,1344],[-3,0],[0,7]],[[3026,1351],[-3,-7],[0,-8]],[[3057,1336],[-3,0]],[[3046,1578],[2,0],[0,-8],[3,-23],[3,0],[0,-8],[3,0],[0,-8],[3,0],[3,0],[2,0]],[[3034,1555],[3,0],[0,7],[0,8],[3,0],[3,0],[3,8]],[[3026,1570],[3,0],[2,-8]],[[3023,1570],[3,0]],[[3034,1562],[0,-7]],[[3031,1562],[3,0]],[[3065,1531],[3,0]],[[3083,2179],[2,0],[6,8],[9,8],[2,8],[3,0],[3,8],[0,8]],[[3074,2179],[3,0],[3,0],[3,0]],[[3071,2179],[3,0]],[[3071,2179],[0,0]],[[3068,2172],[0,7],[3,0]],[[3065,2179],[3,-7]],[[3063,2179],[2,0]],[[3100,1867],[2,0],[3,8]],[[3097,1867],[3,0]],[[3083,1844],[8,7],[3,8],[0,8],[3,0]],[[3077,1851],[6,-7]],[[3065,1836],[3,8],[3,0],[3,0],[3,7]],[[3063,1844],[2,-8]],[[3057,1836],[6,8]],[[3057,1836],[0,0]],[[3048,1820],[0,8],[6,8],[3,0]],[[2966,703],[3,0],[3,0],[3,-8]],[[2961,703],[2,0],[3,0]],[[2978,703],[2,-8],[3,0],[0,-8],[3,0],[0,-7],[3,0],[3,-8],[3,0],[2,0]],[[2975,695],[3,8]],[[2997,672],[3,0],[6,0],[3,0],[3,8]],[[2980,773],[3,0],[-3,0]],[[2980,773],[0,-7],[0,-8],[3,0]],[[2978,773],[2,0]],[[2975,773],[3,0]],[[3014,766],[3,0],[0,-8],[3,0]],[[3006,750],[3,0],[3,0],[0,8],[2,8]],[[2986,758],[3,0],[3,0],[3,0],[2,-8]],[[2983,758],[3,0]],[[3000,750],[3,0],[3,0]],[[2997,750],[3,0]],[[3088,2359],[3,0],[0,8],[3,0],[0,8]],[[3074,2367],[3,0],[3,0],[3,-8],[2,0],[3,0]],[[3057,2351],[3,0],[0,8],[3,0],[2,8],[3,0],[3,0],[3,0]],[[3012,1203],[0,0]],[[3014,1203],[0,0]],[[3014,1203],[-2,0]],[[3017,1195],[-3,0],[0,8]],[[7733,5859],[0,-8],[-3,-8],[3,0],[0,-8],[3,0]],[[7722,5843],[3,0],[3,0],[0,8],[2,0],[3,8]],[[7713,5851],[3,-8]],[[7705,5820],[0,8],[3,0],[0,7],[3,0],[0,8],[2,8]],[[7716,5851],[0,-8]],[[7716,5843],[3,0]],[[7722,5843],[0,0]],[[7719,5843],[3,0]],[[7699,5828],[3,0]],[[7702,5828],[3,-8]],[[7750,5960],[0,-7],[0,-8],[0,-8],[0,-8]],[[7750,5960],[-3,0],[-2,-7]],[[7745,5953],[-3,0]],[[7742,5953],[0,7]],[[7742,5953],[-3,0],[0,-8],[-3,-8],[-3,0]],[[7733,5937],[-3,0]],[[7730,5937],[0,0]],[[7730,5937],[0,-8],[-2,0],[0,-8],[-3,0]],[[7725,5921],[0,8]],[[7725,5929],[-3,-8],[0,-8],[-3,-7],[-3,-8],[0,-8],[0,-8],[0,-8],[-3,0],[-2,-7]],[[7711,5867],[0,7],[0,8]],[[7711,5882],[-3,0],[0,-8],[-3,-7],[-3,-8],[-3,-8],[-3,0],[0,-8],[3,0],[0,-8],[3,0],[0,-7]],[[7699,5828],[0,0]],[[3156,3086],[6,-8]],[[5371,7999],[3,0]],[[5374,7999],[3,0]],[[5377,7999],[2,-8]],[[5374,7999],[0,0]],[[1974,5960],[0,-7],[0,-8],[-3,0],[0,-8],[-3,0],[-3,-8],[-3,-8],[-2,-8],[-3,0],[0,-7]],[[1954,5906],[0,0]],[[5445,8023],[0,7],[-3,0]],[[5442,8030],[0,0]],[[5442,8030],[-3,0]],[[5439,8030],[-3,-7],[-3,0],[0,-8],[-2,0]],[[5453,8023],[-3,0]],[[5450,8023],[0,0]],[[5453,8015],[-3,0],[3,0]],[[5453,8015],[0,8]],[[5453,8023],[0,0]],[[5450,8023],[-2,0]],[[5448,8023],[-3,0]],[[5402,8015],[-3,0],[-2,0],[0,8]],[[5397,8023],[-3,0]],[[5394,8023],[0,0]],[[5394,8023],[-3,-8]],[[5459,8015],[-3,0],[-3,0]],[[5431,8015],[-3,0]],[[5428,8015],[-3,0]],[[5425,8015],[0,-8]],[[5391,8015],[-3,0]],[[5388,8015],[0,0]],[[5414,8007],[-3,0],[-3,8],[-3,0]],[[5405,8015],[-3,0]],[[5425,8015],[-3,0],[0,-8],[-3,0]],[[5388,8015],[-3,0]],[[5385,8015],[0,-8]],[[5382,8007],[0,8]],[[5382,8007],[-3,0],[-2,0],[2,0],[0,-8]],[[5379,7999],[-2,0]],[[5385,8007],[0,0]],[[5385,8007],[-3,0]],[[5416,8007],[-2,0]],[[5414,8007],[0,0]],[[5419,8007],[-3,0]],[[5416,8007],[0,0]],[[7064,5468],[0,0]],[[7115,5453],[3,0],[0,-8],[-3,0]],[[2864,2914],[0,-8]],[[3034,7093],[0,8],[0,8],[-3,0]],[[1574,7413],[-3,0],[0,8],[-3,0],[0,8],[0,8],[0,8],[-3,0],[0,7],[-2,0],[0,8],[-3,0]],[[1560,7460],[-3,0]],[[1557,7460],[0,0]],[[1736,7445],[-3,0],[-3,0],[-6,0],[-3,0],[-3,0],[-5,0],[-3,0],[-3,0],[-3,0],[-5,0],[-3,0],[-3,0],[-6,0],[-3,0],[-2,0],[-3,0],[-3,0],[-3,-8],[-6,0],[-2,0],[-3,0]],[[1662,7437],[0,0]],[[1662,7437],[-3,0],[-3,0],[-6,-8],[-5,0],[-3,0],[0,-8]],[[1642,7421],[-3,0]],[[1639,7421],[-3,0]],[[1633,7421],[-2,0]],[[1631,7421],[-3,0],[-3,0],[-3,0],[0,-8]],[[1614,7413],[0,8],[-3,0],[-9,0]],[[1602,7421],[-3,0]],[[1599,7421],[-2,0]],[[1597,7421],[-3,0],[-3,-8],[-3,0],[-3,0],[-3,0]],[[1636,7421],[0,0]],[[1636,7421],[-3,0]],[[1619,7421],[0,0]],[[1619,7421],[-3,-8],[-2,0]],[[1622,7413],[-3,8]],[[1582,7413],[-2,0],[-3,0],[-3,0]],[[1574,7413],[0,0]],[[1648,7132],[-9,0],[-6,0],[-8,0],[-6,0],[-8,0],[-9,0],[-5,0],[-9,0],[-8,0],[-6,0],[-9,0],[-5,0],[-9,0],[-8,0],[-6,0],[-9,0]],[[1736,7445],[-3,7],[3,0],[0,8],[0,8],[-3,0],[0,8],[0,8],[0,7],[0,16],[0,8],[0,15],[0,16],[0,8],[0,16],[0,7],[0,16],[0,16],[0,7],[0,16],[0,8],[0,15],[0,8],[0,16]],[[1730,7312],[-3,0],[0,8],[0,7],[3,0],[0,8],[0,8],[3,0],[0,8],[3,0],[0,8],[2,0],[0,7],[3,16],[0,8],[3,0],[0,8],[3,8],[0,7],[0,8],[0,8],[-3,0],[-3,0],[-3,0],[0,8],[-2,8]],[[1733,7312],[-3,0]],[[1730,7312],[0,0]],[[1736,7296],[0,8],[-3,0],[0,8]],[[1733,7312],[0,0]],[[1736,7296],[0,0]],[[1733,7132],[0,8],[0,8],[0,8],[0,7],[0,8],[0,8],[0,8],[0,8],[0,7],[0,8],[0,8],[0,8],[0,8],[0,7],[0,8],[0,16],[0,8],[0,8],[3,7],[-3,8],[3,0]],[[1795,7499],[0,8],[-3,0],[0,8],[-3,0],[0,8],[-2,0],[-3,7],[0,8],[-3,0],[0,8],[-3,0],[-3,0],[0,8],[-3,0],[-2,0],[0,8],[2,0],[-2,0],[0,8],[0,7],[-3,0],[0,8],[-3,0],[0,8],[-3,0],[0,8],[0,8],[0,7],[0,8],[0,8],[0,8],[0,8],[0,15],[0,8],[0,8]],[[1801,7491],[0,8],[-3,0]],[[1798,7499],[0,8]],[[1798,7499],[-3,0]],[[1804,7413],[0,8],[0,8],[-3,0],[3,0],[0,8],[2,0],[0,8],[-2,0],[0,7],[0,8],[2,0],[0,8],[-2,0],[2,0],[0,8],[0,8],[3,0],[0,7],[0,8],[-3,0]],[[1806,7499],[-2,0]],[[1804,7499],[0,-8]],[[1804,7491],[-3,0]],[[1832,7374],[-3,0],[0,8],[-3,8],[0,8],[-3,0],[0,8],[0,7],[-2,0],[0,8],[-3,0]],[[1818,7421],[0,-8],[-3,0],[-3,0],[0,-7]],[[1809,7406],[-3,0],[-2,7]],[[1804,7413],[0,0]],[[1812,7406],[0,0]],[[1812,7406],[-3,0]],[[1838,7351],[-3,0],[0,8],[-3,0],[0,7],[3,0],[-3,8]],[[1832,7374],[0,0]],[[1852,7320],[-3,0],[-3,0],[0,7],[0,8],[-3,0],[3,0],[0,8],[-3,0],[0,8],[-3,0],[-2,0]],[[1838,7351],[0,0]],[[1900,7327],[-3,8],[0,8],[-3,0],[-3,8]],[[1891,7351],[0,-8],[-2,0],[2,0],[-2,0],[0,-8]],[[1889,7335],[0,-8]],[[1869,7335],[0,0]],[[1869,7335],[-3,0],[0,-8],[-3,0]],[[1889,7335],[-3,0],[-3,0]],[[1883,7335],[0,-8],[-3,0]],[[1880,7327],[0,8],[-3,0]],[[1877,7335],[-3,0]],[[1874,7335],[0,-8]],[[1872,7327],[0,8],[-3,0]],[[1874,7335],[-2,-8]],[[1860,7327],[-3,0],[-2,0]],[[1855,7327],[-3,0],[0,-7]],[[1863,7327],[-3,0]],[[1860,7327],[0,0]],[[1900,7327],[0,-15],[0,-8],[0,-16],[0,-7],[0,-16],[0,-8],[0,-16],[0,-15],[0,-8],[0,-16],[0,-7],[0,-16],[0,-8],[0,-15],[0,-8],[0,-16]],[[1900,7327],[0,8],[0,8],[0,8],[0,8],[0,7],[3,0],[3,0],[2,0],[3,0],[3,0],[3,0],[6,0],[3,0],[2,0],[3,0],[3,0],[3,0],[3,0],[3,0],[2,0],[3,0],[3,0],[3,0],[6,0],[2,0],[3,0],[3,0],[3,0],[3,0],[3,0],[2,0],[3,0],[3,0],[3,0],[6,0],[2,0],[3,0],[3,0],[3,0],[3,0],[3,0],[2,0],[3,0],[3,0],[3,0],[6,0],[2,0],[3,0],[3,0],[3,0],[3,0],[3,0],[2,0],[3,0],[3,0],[3,0],[3,0],[5,0],[3,0],[3,0],[3,0],[3,0],[3,0],[2,0],[3,0],[3,0],[3,0],[3,0],[5,0]],[[1733,7132],[-6,0],[-6,0],[-5,0],[-6,0],[-3,0],[-6,0],[-5,0],[-6,0],[-6,0],[-5,0],[-6,0],[-6,0],[-2,0],[-6,0],[-6,0],[-5,0]],[[1733,7132],[5,0],[6,0],[3,0],[6,0],[5,0],[6,0],[6,0],[5,0],[6,0],[3,0],[5,0],[6,0],[6,0],[5,0],[6,0],[6,0]],[[1801,6585],[0,-8],[0,-7],[3,0],[2,-16],[0,-8],[3,0],[0,-8],[3,0],[0,-7],[3,0],[-3,0],[0,-8],[-3,-8],[-3,0],[0,-8],[-2,0],[0,-8],[0,-7],[0,-8],[0,-8],[0,-8],[-3,0],[0,-8],[-3,0],[0,-8],[0,-7],[0,-8],[3,-8],[3,0],[0,-8],[0,-8],[0,-7],[-3,0]],[[1801,6406],[-3,0]],[[1798,6406],[0,0]],[[1801,6585],[0,0]],[[1812,6663],[3,0],[0,8],[0,8],[3,0],[0,8],[0,8],[0,7],[0,8],[0,8],[0,8],[0,8],[0,8]],[[1801,6679],[3,0],[0,-8],[2,0]],[[1801,6585],[0,8],[0,8],[0,8],[0,8],[-3,7],[3,8],[-3,0],[3,0],[-3,0],[0,8],[0,8],[0,8],[0,7],[0,8],[3,0],[0,8]],[[1806,6671],[3,0],[0,-8],[3,0]],[[1806,6671],[0,0]],[[1832,7132],[-6,0],[-5,0]],[[1821,7132],[-3,0]],[[1863,7132],[-3,0],[-5,0]],[[1855,7132],[-6,0],[-6,0],[-5,0],[-6,0]],[[1897,7132],[-6,0],[-5,0]],[[1886,7132],[-6,0],[-6,0],[-5,0],[-6,0]],[[1900,7132],[-3,0]],[[2583,7171],[0,8],[0,8],[-2,8],[0,7],[0,8],[0,8],[0,8],[0,8],[0,7],[0,8],[0,8],[0,8],[0,8],[0,8],[0,7],[2,8],[0,8],[0,8],[3,8],[0,7],[0,8],[3,0],[3,16],[0,8],[3,0],[0,7],[3,0],[0,8],[2,0],[0,8],[3,0],[0,8],[-3,0],[-2,0],[0,8],[-3,0],[-3,0],[-3,0]],[[2589,7398],[-3,0],[-3,0],[-2,0],[-3,0],[0,-8],[-3,-8],[-3,0],[0,-8],[-3,0],[-3,0],[-2,0],[0,8],[0,8],[0,8],[-3,0],[-3,0],[3,8],[0,7],[0,8],[-3,0],[0,8],[-3,0],[-3,0],[0,8],[-3,0],[0,8],[-2,0],[-3,0],[-3,0],[-3,0],[-3,0],[-3,0],[-2,0],[0,7],[-3,0],[-3,0],[-3,8],[-3,0],[-3,0],[-2,0],[-3,0],[-3,8],[-3,0],[-3,0],[-3,0],[-3,0],[0,8],[-2,0],[0,8],[-3,0],[0,7],[-3,-7],[0,7],[3,8],[0,8],[3,8],[0,8],[2,0],[0,7],[3,8],[0,8]],[[2459,7007],[-3,0]],[[2456,7007],[0,-8],[0,-8],[0,-15],[3,-8],[-3,0],[3,0],[0,-8],[0,-8],[8,-15],[9,-16],[2,-8],[0,-7],[0,-8],[0,-8],[3,0]],[[2487,6898],[0,-8],[3,0],[3,0],[2,0],[0,-8],[-2,0],[0,-8],[0,-7],[-3,-8],[0,-8],[-3,0],[0,-8],[0,-8],[3,0],[0,-8],[3,0],[2,-7],[3,0]],[[2481,6890],[3,0],[0,8],[3,0]],[[2498,6820],[3,0],[0,-8],[3,0],[3,0],[0,-8],[3,-8],[3,0],[0,-8],[0,-7],[0,-8],[2,0],[-2,0],[0,-8],[0,-8],[2,0],[0,-8],[0,-7],[3,0]],[[2498,6820],[0,0]],[[2518,6749],[3,0]],[[2521,6749],[0,-7]],[[2518,6742],[0,7]],[[2524,6742],[0,0]],[[2521,6742],[3,0]],[[2524,6742],[0,-8],[-3,-8],[3,0],[0,-8],[-3,0],[0,-8],[-3,0]],[[2518,6710],[-3,0]],[[2515,6710],[0,-8]],[[2464,6429],[3,0],[0,-8],[0,-8],[-3,0],[3,-7],[-3,0],[0,-8],[3,0],[0,-8],[0,-8],[3,0],[3,-8],[-3,0],[0,-7],[0,-8]],[[2470,6359],[-3,0]],[[2467,6359],[0,-8],[-3,0],[0,-8],[-3,0],[-2,-8],[0,-8],[0,-7],[-3,-8],[0,-8],[0,-8],[-3,0]],[[2453,6296],[0,0]],[[2453,6296],[0,-8],[0,-7],[-3,-8]],[[2459,6273],[2,0]],[[2450,6273],[3,0],[3,0],[3,0]],[[2464,6273],[6,0]],[[2461,6273],[3,0]],[[2498,6273],[3,0]],[[2470,6273],[3,0],[5,0],[6,0],[3,0],[6,0],[2,0],[3,0]],[[2507,6273],[-3,-8],[0,-8],[0,-8],[0,-7],[0,-8],[3,0],[0,-8],[3,0],[0,-8],[0,-8]],[[2501,6273],[3,0],[3,0]],[[2513,6210],[0,0]],[[2510,6210],[3,0]],[[2490,6585],[0,-8],[-3,0],[-3,-7],[0,-8]],[[2484,6562],[0,0]],[[2484,6562],[-3,0],[0,-8],[0,-8],[0,-8],[-3,0]],[[2478,6538],[-2,0]],[[2476,6538],[0,-7]],[[2476,6531],[0,0]],[[2476,6531],[-3,-8],[-3,0],[0,-8],[3,0],[0,-8]],[[2473,6507],[-3,0]],[[2470,6507],[-3,0],[3,-8],[-3,0],[0,-7],[3,0],[-3,0],[-3,0],[0,-8],[0,-8],[3,0],[-3,0],[0,-8],[3,0],[0,-8],[-3,-8],[3,0],[0,-7],[0,-8],[-3,0],[0,-8]],[[2507,6663],[0,-7]],[[2507,6656],[0,0]],[[2507,6656],[-3,0],[3,0]],[[2507,6656],[0,-8],[-3,0],[-3,-8],[-3,0],[3,0],[0,-8],[-3,0],[3,0],[0,-8],[-3,0],[0,-7],[-3,0],[0,-8],[0,-8],[0,-8]],[[2495,6593],[-2,0]],[[2493,6593],[0,-8]],[[2493,6585],[-3,0]],[[2513,6702],[-3,0]],[[1801,6585],[-6,8],[-6,16],[-5,8],[-6,15],[-3,8],[-5,8],[-6,15],[-3,8],[-6,8],[-2,8],[-6,15],[-6,8],[-3,8],[-5,16],[-6,8],[-6,7],[-5,16],[-6,8],[-3,15],[-6,8],[-8,16],[-6,8],[-5,15],[-9,8],[-6,16],[-5,15],[-9,8],[-5,16],[0,8],[0,15],[0,8],[0,16],[0,15],[0,16],[0,15],[0,16],[0,8],[0,16],[0,15],[0,16],[0,15],[0,8],[0,16],[0,15],[0,16]],[[2348,6976],[3,-8],[3,0]],[[2357,6968],[2,0],[-2,0]],[[2357,6968],[2,0],[0,-8],[0,-8]],[[2354,6968],[3,0]],[[2359,6952],[-2,0]],[[2357,6952],[-3,-7],[0,-8],[3,0],[0,-8],[2,0],[0,-8],[3,0],[0,-8],[3,0]],[[2365,6913],[0,0]],[[2365,6913],[3,0],[0,-7],[0,-8],[0,-8],[0,-8],[0,-8],[0,-15],[0,-8],[0,-8],[0,-16],[0,-7],[0,-8],[0,-8],[0,-16],[0,-7],[0,-8],[0,-8],[0,-16],[0,-7]],[[2368,6742],[0,-8],[0,-16],[0,-8],[0,-8]],[[2450,7023],[0,-8],[3,0]],[[2410,7023],[6,0],[6,0],[5,0],[6,0],[3,0],[3,0],[3,0],[2,0],[3,0],[3,0]],[[2334,7023],[0,0]],[[2334,7023],[3,0],[3,0],[2,0],[3,0],[3,0],[6,0],[3,0],[2,0],[3,0],[3,0],[3,0],[3,0]],[[2396,7023],[6,0],[3,0],[3,0],[2,0]],[[2371,7023],[3,0],[5,0],[3,0],[3,0],[3,0],[3,0],[2,0],[3,0]],[[2453,7015],[3,0],[0,-8]],[[2453,7015],[0,0]],[[2374,6476],[-3,0]],[[2379,6476],[-3,0]],[[2376,6476],[0,0]],[[2382,6476],[-3,0]],[[2379,6476],[0,0]],[[2374,6476],[0,0]],[[2385,6429],[0,8],[0,8],[0,15],[0,8],[0,8],[-3,0]],[[2382,6476],[0,0]],[[2376,6476],[-2,0]],[[2368,6702],[0,-7],[0,-16],[0,-8],[3,-15],[0,-8],[0,-8],[0,-16],[3,-7],[0,-16],[-3,-16],[0,-23],[0,-16],[0,-15],[0,-16],[0,-16],[0,-23]],[[2493,6702],[2,0],[0,-7],[0,-8],[0,-8],[-2,0],[0,-8],[-3,0],[-3,-8]],[[2368,6702],[8,0],[6,0],[9,0],[8,0],[9,0],[5,0],[9,0],[8,0],[6,0],[8,0],[9,0],[8,0],[6,0],[9,0],[8,0],[9,0]],[[2507,6663],[0,0]],[[2487,6663],[3,0],[3,0],[5,0],[3,0],[6,0]],[[2513,6702],[0,8]],[[2513,6710],[-3,0],[0,-8]],[[2513,6702],[0,0]],[[2510,6702],[0,-7],[3,0],[-3,0],[0,-8]],[[2515,6702],[-2,0]],[[2510,6687],[0,0]],[[2510,6687],[-3,0],[0,-8],[3,0],[0,-8],[-3,0],[0,-8]],[[2708,6851],[0,0]],[[2649,6906],[2,0]],[[2646,6906],[3,0]],[[2654,6906],[3,0],[0,-8],[3,0],[0,-8],[3,0],[0,-8],[3,0]],[[2651,6906],[3,0]],[[2668,6882],[3,0],[0,-8],[3,0],[3,-7]],[[2666,6882],[2,0]],[[2700,6882],[0,-8]],[[2700,6874],[0,-7],[3,0],[2,0],[0,-8],[3,0],[0,-8]],[[2691,6867],[3,0],[0,7],[3,0],[3,0]],[[2683,6874],[2,0]],[[2677,6867],[3,0],[0,7],[3,0]],[[2685,6874],[3,-7]],[[2685,6874],[0,0]],[[2691,6867],[0,0]],[[2688,6867],[3,0]],[[2561,6710],[0,8],[-3,0],[-3,0],[-3,0]],[[2552,6718],[0,-8],[3,0],[0,-8]],[[2629,6710],[-6,0],[-8,0],[-6,0],[-3,0],[-3,8],[-3,0],[-2,0]],[[2598,6718],[-3,0],[-3,0],[-3,0],[-3,0],[-3,0],[-2,0],[-3,0],[-3,-8],[-3,0],[-3,0],[-3,0],[-2,0],[-3,0]],[[2677,6710],[-3,0],[-3,0],[-3,0],[-5,0],[-6,0],[-6,0],[-8,0],[-6,0]],[[2637,6710],[-8,0]],[[2677,6710],[0,0]],[[2538,6702],[-3,0],[-5,0],[-6,0],[-6,0],[-3,0]],[[2555,6702],[-6,0],[-5,0]],[[2544,6702],[-6,0]],[[2564,6585],[-3,0],[-6,0],[-3,0],[-3,0]],[[2549,6585],[0,0]],[[2592,6585],[-6,0],[-3,0],[-5,0],[-6,0],[-3,0]],[[2569,6585],[-5,0]],[[2623,6585],[-6,0],[-2,0],[-6,0],[-6,0]],[[2603,6585],[-3,0],[-5,0],[-3,0]],[[2768,7023],[0,15],[0,8],[0,8],[0,8],[0,8],[0,7],[0,8],[0,8],[0,8],[0,8],[0,7],[0,8],[0,8],[0,8],[0,8],[0,8]],[[2765,7023],[3,0]],[[2765,7023],[0,0]],[[2765,7007],[0,8],[-3,8],[3,0]],[[2759,6968],[0,8],[3,0],[0,8],[0,7],[0,8],[3,0],[0,8]],[[2765,7007],[0,0]],[[2759,6968],[0,0]],[[2742,6929],[3,0],[3,0],[3,8],[5,8],[0,7],[3,0],[-3,8],[3,0],[0,8]],[[2739,6929],[3,0]],[[2737,6921],[2,8]],[[2737,6921],[0,0]],[[2731,6890],[0,8]],[[2731,6898],[0,8],[0,7],[3,0],[0,8],[3,0]],[[2725,6898],[3,0],[0,-8]],[[2720,6867],[0,7],[0,8],[2,0],[0,8],[0,8],[3,0]],[[2728,6890],[3,0]],[[2717,6867],[3,0]],[[2708,6851],[3,0],[3,0],[3,0],[0,8],[0,8]],[[2720,6788],[0,8],[-3,0],[0,8],[-3,0],[0,8],[-3,0],[0,8],[-3,7],[0,8],[0,8],[0,8]],[[2725,6781],[-3,7],[-2,0]],[[2720,6788],[0,0]],[[2725,6781],[0,0]],[[2768,6952],[0,8],[0,8],[0,8],[0,8],[0,7],[0,8],[0,8],[0,8],[0,8]],[[2796,6952],[-3,0],[-3,0],[-5,0],[-3,0],[-3,0],[-6,0],[-2,0],[-3,0]],[[2396,6288],[0,8],[-3,0],[0,8],[0,8],[-2,0],[0,8],[0,7],[0,8],[-3,0],[0,8],[-3,0],[0,8],[0,8],[0,8],[0,7],[0,8],[0,8],[0,16],[0,7],[0,8],[0,8]],[[2391,6195],[2,8],[0,7],[0,8],[-2,0],[0,8],[2,0],[0,8],[0,8],[0,7],[3,0],[0,8],[0,8],[3,0],[0,8],[-3,0],[3,0],[0,8],[-3,0],[3,0],[0,7],[-3,0]],[[2396,6288],[0,0]],[[2385,6429],[3,0],[5,0],[6,0],[6,0],[5,0],[3,0],[6,0],[6,0],[5,0],[3,0],[6,0],[5,0],[6,0],[6,0],[3,0],[5,0]],[[2493,6585],[5,0],[3,0],[3,0],[3,0],[6,0],[2,0],[3,0],[6,0],[3,0],[3,0],[5,0],[3,0],[3,0],[3,0],[5,0]],[[2549,6585],[3,-8],[0,-7],[0,-8],[0,-8],[0,-8],[-3,-8],[0,-7],[0,-8],[0,-16],[0,-8],[0,-7],[-2,-16],[0,-8],[0,-8],[0,-15],[0,-8],[0,-8],[-3,-16],[0,-7],[0,-8],[0,-8],[0,-8],[0,-8],[0,-7],[-3,-8],[0,-8],[0,-8],[0,-8],[0,-8],[0,-7],[0,-8],[0,-8],[0,-8],[3,-8],[0,-7],[0,-8],[0,-8],[0,-8],[0,-8],[0,-7],[0,-8],[0,-8]],[[2640,6273],[-6,0],[-2,0],[-6,0],[-3,0],[-6,0],[-5,0],[-3,0],[-6,0],[-3,0],[-5,0],[-6,0],[-3,0],[-5,0],[-3,0],[-6,0],[-3,0],[-3,0],[0,-8],[0,-8],[3,0],[0,-8],[3,0],[0,-7],[0,-8]],[[2660,6585],[-3,0]],[[2657,6585],[-3,0],[-3,0],[-2,0],[-6,0],[-3,0],[-3,0],[-3,0],[-5,0],[-3,0]],[[2626,6585],[-3,0]],[[2640,6382],[0,8],[-3,8],[0,8],[0,7],[-3,0],[0,8],[0,8],[0,8],[0,8],[-2,0],[0,7],[0,8],[0,8],[0,8],[-3,8],[0,8],[0,7],[0,8],[0,8],[0,8],[-3,8],[0,7],[0,8],[0,8],[0,8],[-3,8],[0,7],[0,8]],[[2640,6382],[0,-8],[3,0],[0,-7]],[[2643,6367],[-3,0]],[[2640,6367],[0,-8],[-3,0],[0,-8],[0,-8],[0,-8],[0,-8],[0,-7],[3,-8],[-3,0],[0,-8],[0,-8],[0,-8],[3,-7],[0,-8]],[[2640,6273],[0,-8],[3,0],[0,-8],[0,-8]],[[2728,6257],[0,0]],[[2725,6257],[3,0]],[[2728,6257],[3,0]],[[2725,6257],[0,0]],[[2722,6226],[3,0],[0,8],[0,8],[0,7],[0,8]],[[2731,6257],[3,0],[0,-8],[3,0]],[[2731,6257],[0,0]],[[2737,6249],[0,0]],[[2643,6249],[3,0],[3,0],[2,0],[3,0],[3,0],[3,0],[3,0],[3,0],[2,0],[3,0],[3,0],[3,0],[3,-7],[3,0],[5,0],[3,0],[3,0],[3,0],[3,0],[3,0],[2,0],[3,0],[3,0],[3,0],[3,0],[3,0],[0,-8],[0,-8]],[[2643,6249],[0,0]],[[2739,6249],[0,0]],[[2737,6249],[2,0]],[[2722,6226],[0,0]],[[2720,6226],[2,0]],[[2694,6585],[0,-8],[-3,0],[-3,0],[0,-7],[-3,-8],[3,0],[3,-8]],[[2691,6554],[3,0],[0,-8],[3,0]],[[2691,6554],[0,0]],[[2700,6546],[3,-8],[0,-7],[2,-8],[0,-8],[3,0],[0,-8],[3,0]],[[2697,6546],[3,0]],[[2711,6507],[0,-8],[3,0],[0,-7],[3,0],[3,0],[0,-8],[0,-8],[2,0],[3,0],[0,-8],[3,0],[0,-8],[0,-8]],[[2711,6507],[0,0]],[[2728,6452],[3,0],[-3,0]],[[2728,6452],[3,0],[0,-7],[3,-8],[3,0],[0,-8],[2,0],[0,-8],[3,-8],[0,-7],[0,-8],[3,0],[0,-8]],[[2728,6452],[0,0]],[[2745,6390],[3,0],[0,-8],[3,-8],[0,-7],[-3,0],[3,0],[0,-8]],[[2745,6390],[0,0]],[[2754,6359],[2,-8]],[[2751,6359],[3,0]],[[2756,6351],[0,0]],[[2734,6687],[0,8],[0,7],[0,8]],[[2731,6695],[0,-8],[3,0]],[[2722,6671],[3,0],[3,16],[3,8]],[[2720,6679],[0,-8],[2,0]],[[2717,6671],[3,8]],[[2717,6671],[0,0]],[[2708,6663],[3,0],[3,8],[3,0]],[[2708,6671],[0,-8]],[[2703,6656],[0,7],[2,0],[3,8]],[[2700,6663],[3,-7]],[[2697,6648],[3,0],[0,8],[0,7]],[[2694,6648],[3,0]],[[2688,6640],[3,0],[0,8],[3,0]],[[2688,6640],[0,0]],[[2680,6632],[3,0],[2,0],[0,8],[3,0]],[[2680,6632],[0,0]],[[2677,6632],[3,0]],[[2677,6632],[0,0]],[[2666,6609],[2,0],[0,8],[0,7],[3,0],[3,0],[0,8],[3,0]],[[2663,6609],[0,0]],[[2660,6585],[0,8],[0,8],[0,8],[3,0]],[[2666,6609],[0,0]],[[2663,6609],[3,0]],[[2694,6585],[0,0]],[[2714,6601],[0,0]],[[2705,6593],[3,0],[0,8],[3,0],[3,0]],[[2717,6601],[3,0],[2,0],[3,0],[3,0],[3,0],[3,0],[3,0],[2,0],[3,0],[3,0],[3,0],[3,0],[0,-8],[3,0]],[[2754,6593],[-3,0],[3,0]],[[2714,6601],[3,0]],[[2705,6593],[0,0]],[[2703,6593],[2,0]],[[2756,6593],[3,-8],[0,-8],[0,-7],[3,0],[3,0],[3,0],[3,0],[2,0],[3,0],[3,0],[3,0],[3,0],[3,0],[2,0],[3,0],[0,-8],[3,0],[3,-8],[0,-8],[3,0],[3,-8],[2,-7],[3,0],[0,-8],[3,0],[3,-8],[0,-8],[3,0],[3,-8]],[[2754,6593],[2,0]],[[2703,6593],[0,0]],[[2694,6585],[9,8]],[[2660,6585],[3,0],[3,0],[2,0],[3,0],[3,0],[3,0],[3,0],[3,0],[2,0],[3,0],[3,0],[3,0]],[[2912,6960],[-2,0],[-3,0]],[[2907,6960],[-3,0],[-3,0],[0,-8]],[[2901,6952],[0,0]],[[3026,7132],[0,-8]],[[3014,7132],[3,0],[3,0],[3,0],[3,0]],[[3029,7124],[0,-8],[0,-7],[2,0]],[[3026,7124],[3,0]],[[2966,7140],[3,0],[6,-8],[3,0],[2,0],[3,0],[3,0]],[[2986,7132],[6,0]],[[2986,7132],[0,0]],[[2992,7132],[3,0],[2,0],[6,0],[3,0],[6,0],[2,0]],[[2992,7132],[0,0]],[[3014,7132],[0,-8],[0,-8],[0,-7],[0,-8],[0,-8],[0,-8],[0,-8]],[[2725,6781],[-3,-8],[-2,0],[-3,-8],[-3,0],[0,-8],[-3,0],[-3,0],[-3,-8],[0,-7],[-2,0],[-3,0],[0,-8],[-3,0],[-3,0],[0,-8],[0,-8],[-3,0],[-3,0],[-3,0],[-2,0],[-3,-8]],[[2680,6710],[-3,0]],[[2728,6710],[3,0],[3,0]],[[2725,6710],[3,0]],[[2680,6710],[3,0],[2,0],[3,0],[6,0],[3,0],[3,0],[3,0],[2,0],[3,0],[3,0],[3,0],[3,0],[3,0],[2,0],[3,0]],[[2830,6937],[0,-8]],[[2830,6929],[3,0],[3,-8],[3,0],[0,-8],[2,0],[3,0]],[[2844,6913],[0,-7]],[[2819,6890],[3,8],[2,0],[-2,0],[2,0],[0,8],[3,7],[0,8],[0,8],[3,0]],[[2844,6913],[0,8],[3,0]],[[2819,6890],[0,0]],[[2813,6882],[3,0],[0,8],[3,0]],[[2810,6882],[3,0]],[[2802,6851],[3,8],[0,8],[2,0],[0,7],[0,8],[3,0]],[[2793,6867],[3,0],[0,-8],[3,0],[0,-8],[3,0]],[[2768,6773],[3,0],[0,8],[2,0],[0,7],[3,0],[-3,8],[3,0],[0,8],[0,8],[3,0],[3,8],[0,7],[3,0],[0,8],[3,0],[0,8],[0,8],[2,0],[0,8],[0,8],[3,0]],[[2725,6781],[3,0],[-3,0]],[[2725,6781],[3,-8],[0,-8],[3,0]],[[2768,6781],[0,-8]],[[2762,6773],[3,0],[0,8],[3,0]],[[2759,6773],[3,0]],[[2754,6765],[2,0],[0,8],[3,0]],[[2742,6765],[3,0],[3,0],[0,-8]],[[2737,6757],[2,0],[0,8],[3,0]],[[2754,6765],[0,0]],[[2748,6757],[3,8],[3,0]],[[2731,6765],[3,0],[0,-8],[3,0]],[[2731,6765],[0,0]],[[2779,6702],[-3,0],[-3,0],[-2,8],[-3,0],[-3,0],[-3,0],[-3,0],[-3,0],[-2,0],[-3,0],[-3,0],[-3,0],[-3,0],[-3,0],[-2,0],[-3,0]],[[2895,6710],[-2,0],[-3,0],[-3,0],[-3,0]],[[2884,6710],[-3,0],[-3,0],[-3,0],[-2,0],[-3,-8],[-3,0],[-6,0],[-3,0],[-2,0],[-3,0],[-6,0],[-3,0],[-3,0],[-5,0],[-3,0],[-6,0],[-3,0],[-5,0],[-3,0],[-6,0],[-3,0],[-5,0],[-3,0],[-3,0],[-3,0],[-3,0],[-5,0],[-3,0],[-3,0]],[[2895,6702],[0,8]],[[2799,6952],[6,0],[2,0]],[[2796,6952],[3,0]],[[2819,6952],[3,0],[5,0]],[[2807,6952],[3,0],[3,0],[3,0],[3,0]],[[2839,6952],[2,0],[6,0]],[[2827,6952],[3,0]],[[2830,6952],[3,0]],[[2833,6952],[3,0]],[[2836,6952],[3,0]],[[2858,6952],[3,0],[3,0]],[[2847,6952],[3,0],[3,0],[3,0],[2,0]],[[2878,6952],[3,0],[3,0]],[[2864,6952],[6,0],[3,0],[2,0],[3,0]],[[2898,6952],[3,0]],[[2884,6952],[6,0],[3,0],[2,0],[3,0]],[[2796,6952],[0,-39]],[[2836,6952],[3,-7],[2,0]],[[2830,6945],[0,7]],[[2830,6945],[0,0]],[[2827,6945],[3,0]],[[2816,6945],[3,0],[-3,0]],[[2816,6945],[3,0],[0,-8],[3,0]],[[2810,6929],[0,8]],[[2810,6937],[3,0],[0,8],[3,0]],[[2827,6945],[0,0]],[[2824,6937],[3,8]],[[2827,6945],[-3,0],[3,0]],[[2841,6945],[3,0],[-3,0]],[[2841,6945],[0,-8]],[[2841,6945],[0,0]],[[2844,6937],[0,0]],[[2841,6937],[3,0]],[[2824,6937],[0,0]],[[2822,6937],[2,0]],[[2844,6937],[0,-8],[3,0],[-3,0],[3,-8]],[[2807,6937],[3,0]],[[2796,6913],[6,8],[0,8],[3,0],[2,0],[0,8]],[[2901,6952],[0,-7],[0,-8],[0,-8],[0,-8],[0,-8],[3,-7],[0,-8],[0,-8],[0,-8],[0,-8],[0,-7],[0,-8],[3,0],[3,0],[2,0],[3,0],[3,0]],[[2921,6859],[3,0]],[[2918,6859],[3,0]],[[2864,6890],[0,8]],[[2864,6898],[-3,0],[-3,0],[0,8],[-2,0],[-3,0],[0,7],[0,8],[-3,0],[-3,0]],[[2907,6820],[3,0],[2,0]],[[2864,6890],[0,0]],[[2867,6882],[3,8],[-3,0],[0,8]],[[2867,6898],[-3,0]],[[2932,7085],[0,-8],[-3,0],[-2,0],[0,-7],[0,-8],[-3,0],[0,-8],[-3,0],[0,-8],[0,-8]],[[2921,7038],[-3,0]],[[2918,7038],[0,-7],[0,-8]],[[2921,7023],[0,-8],[0,-8],[3,0]],[[2918,7023],[3,0]],[[2924,7007],[3,0],[0,-8],[2,0],[0,-8],[3,0],[0,-7],[-3,0],[-2,0],[-3,-8]],[[2924,7007],[0,0]],[[2788,7132],[0,8],[0,8],[0,8],[0,7],[0,8]],[[2912,7132],[-2,0],[-3,0],[-6,0],[-3,0],[-5,0],[-3,0],[-3,0],[-6,0],[-3,0],[-3,0],[-5,0],[-3,0],[-3,0],[-6,0],[-2,0],[-6,0],[-3,0],[-3,0],[-5,0],[-3,0],[-3,0],[-6,0],[-3,0],[-2,0],[-6,0],[-3,0],[-3,0],[-5,0],[-3,0],[-6,0],[-3,0],[-3,0]],[[2790,7132],[-2,0]],[[2918,7124],[-3,0],[0,8]],[[2915,7132],[-3,0]],[[2927,7085],[0,8],[-3,0],[0,8],[-3,0],[0,8],[0,7],[0,8],[-3,0]],[[2918,7124],[0,0]],[[2929,7085],[0,0]],[[2929,7085],[-2,0]],[[2932,7085],[0,0]],[[2932,7085],[-3,0]],[[2972,7187],[0,-8],[-3,-8],[0,-8],[0,-7],[-3,-8],[0,-8]],[[2966,7140],[0,-8],[0,-8],[0,-8],[0,-7],[0,-8],[0,-8],[0,-8],[0,-8],[0,-7],[-3,0],[-2,-8],[0,-8],[2,0]],[[2932,7085],[3,-8],[3,0],[3,-7],[3,0],[2,-8],[3,0],[3,-8],[3,0]],[[2978,7187],[-3,0],[-3,0]],[[2980,7187],[-2,0]],[[2978,7187],[0,0]],[[2995,7187],[-3,0],[-3,0],[-3,0],[-3,0]],[[2983,7187],[-3,0]],[[2969,7257],[0,8],[0,8],[0,8],[0,7],[0,8],[0,8],[3,0],[0,8],[0,8],[0,7],[-3,8],[0,8],[3,8],[-3,0],[0,8],[3,0],[0,7],[-3,0]],[[2972,7187],[0,8],[0,7],[0,8],[0,8],[0,8],[0,8],[0,7],[3,8],[0,8],[-3,0]],[[2972,7257],[-3,0]],[[3043,7202],[-3,0]],[[3040,7202],[-3,0],[0,-7],[-3,0]],[[3043,7202],[0,0]],[[3034,7195],[0,0]],[[3034,7195],[-3,0],[0,-8],[-2,0]],[[2995,7187],[0,0]],[[3029,7187],[-3,0],[-3,0],[-3,0],[-3,0],[-3,0],[-2,0],[-3,0],[-3,0],[-3,0],[-3,0],[-3,0],[-2,0]],[[3023,7366],[0,-7],[-3,-8],[0,-8],[0,-8]],[[3020,7335],[3,0],[-3,0]],[[3020,7335],[0,0]],[[3020,7335],[0,-8],[-3,0],[0,-7],[-3,0],[-2,-8]],[[3012,7312],[0,0]],[[3012,7312],[-3,0],[0,-8],[0,-8],[-3,0],[0,-8],[-3,-7],[0,-8],[-3,-8],[0,-8],[-3,0],[0,-8],[0,-8],[0,-7],[0,-8],[-2,0],[2,-8],[-2,0],[0,-8],[0,-8],[-3,0],[0,-7],[3,0],[0,-8]],[[3046,7218],[-3,0],[0,8],[0,8],[-3,0],[-3,7],[0,8],[0,8],[0,8],[0,8],[0,8],[0,7],[0,8],[0,8],[0,8],[0,8],[0,7],[0,8],[0,8],[0,8],[-3,8],[0,7],[0,8],[0,8],[0,8]],[[2305,7515],[0,8],[0,7],[0,8],[0,8],[0,8],[-2,0],[0,8],[0,8],[0,7],[0,8],[-3,0],[0,8],[0,8],[-3,0],[0,8],[0,7],[0,8],[0,8],[0,8],[-3,0],[3,8],[0,7],[0,8],[-3,0],[0,8],[0,8]],[[2305,7515],[0,0]],[[2311,7437],[0,8],[0,7],[0,8],[0,8],[-3,8],[0,8],[0,7],[-3,0],[0,8],[0,8],[0,8]],[[2314,7249],[0,16],[0,16],[0,23],[0,16],[0,15],[0,16],[0,15],[0,24],[0,8],[-3,0],[-3,0],[0,8],[-3,0],[0,7],[-2,0],[2,0],[0,8],[3,0],[3,8],[0,8]],[[2461,7249],[-8,0],[-9,0],[-8,0],[-11,0],[-9,0],[-6,0],[-2,0],[-9,0],[-11,0],[-9,0],[-8,0],[-9,0],[-11,0],[-9,0],[-8,0],[-9,0],[-11,0]],[[2646,7109],[3,0],[2,0],[3,0],[3,0],[3,0],[3,0],[3,0],[2,0],[3,0],[3,0],[3,0],[3,0],[5,0],[3,7],[6,8]],[[2498,7546],[3,0],[0,8],[3,8],[0,8],[3,0],[0,7],[3,8],[0,8],[3,8]],[[2461,7249],[3,0]],[[2464,7249],[0,-8],[3,-7],[0,-8],[-3,0],[0,-8],[0,-8],[3,0],[0,-8],[0,-7],[3,-8],[6,0],[2,0],[0,-8],[3,0],[0,-8]],[[2478,7546],[3,0],[3,0],[3,0],[3,0],[3,0],[2,0],[3,0]],[[2442,7499],[2,0],[0,8],[3,0],[3,0],[3,8],[3,0],[3,8],[2,0],[3,7],[3,0],[3,8],[3,0],[3,8],[2,0]],[[2439,7507],[3,-8]],[[2433,7499],[3,0],[3,0],[0,8]],[[2433,7499],[0,0]],[[2430,7445],[3,0],[0,7],[0,8],[0,8],[0,8],[0,8],[0,7],[0,8]],[[2430,7445],[0,0]],[[2419,7413],[-3,0],[0,8],[3,8],[3,8],[3,8],[2,0],[3,0]],[[2464,7249],[0,8],[-3,0],[3,0],[-3,8],[3,0],[0,8],[-3,0],[0,8],[-2,0],[0,7],[-3,0],[0,8],[-3,0],[-3,0],[-3,0],[0,8],[-3,8],[-2,0],[-3,8],[-3,7],[-3,0],[-3,8],[-5,0],[0,8],[-3,0],[-3,0],[0,8],[0,8],[0,7],[0,8],[3,0],[-3,0],[0,8],[0,8],[3,0],[0,8],[0,8],[-3,7]],[[2419,7413],[0,0]],[[2487,7156],[0,7],[-3,0],[-3,0],[0,8]],[[2481,7171],[-3,0],[3,0]],[[2459,7007],[0,8],[0,8],[2,0],[3,0],[0,8],[3,0],[0,7],[0,8],[3,0],[3,8],[-3,8],[0,8],[-3,0],[0,7],[0,8],[3,0],[8,8],[3,0],[3,0],[3,0],[0,8],[3,0],[0,8],[0,7],[3,0],[0,8],[2,8],[-2,8],[0,8],[-3,0],[-3,0],[0,8]],[[2487,7156],[0,0]],[[2555,6804],[-3,0]],[[2552,6804],[0,-8],[-3,0],[0,-8],[3,0],[0,-7],[-5,-8],[-3,0]],[[2544,6773],[0,0]],[[2544,6773],[-3,0],[0,-8],[0,-8],[3,0],[0,-8],[-3,0]],[[2541,6749],[-3,0],[-8,8],[-3,0]],[[2527,6757],[-3,0],[0,-8],[-3,0]],[[2578,7116],[0,8],[3,16],[0,8],[0,8],[2,7],[0,8]],[[2578,7116],[0,0]],[[2481,7171],[3,0],[6,0],[5,0],[6,0],[3,0],[6,0],[5,0],[6,0],[6,0],[3,0],[5,0],[6,0],[6,0],[2,0],[6,0],[6,0]],[[2481,7171],[0,0]],[[2561,7171],[5,0],[6,0],[6,0],[3,0],[2,0]],[[2646,6906],[0,7],[0,8],[0,8],[0,8],[0,8],[0,7],[0,8],[0,8],[0,8],[0,8],[0,7],[0,8],[0,8],[0,8],[0,8],[0,8],[0,7],[0,8],[0,8],[0,8],[0,8],[0,7],[0,8],[0,8],[0,8],[0,8]],[[2646,6882],[0,8],[-3,0],[3,8],[-3,0],[0,8],[3,0]],[[2643,6882],[3,0]],[[2634,6874],[3,0],[3,8],[3,0]],[[2632,6874],[2,0]],[[2617,6843],[3,0],[3,0],[0,8],[0,8],[3,0],[3,0],[0,8],[0,7],[-3,0],[3,0],[3,0]],[[2617,6843],[0,0]],[[2609,6820],[3,0],[3,0],[0,7],[0,8],[2,8]],[[2600,6835],[3,0],[0,-8]],[[2603,6827],[3,-7],[3,0]],[[2600,6827],[3,0]],[[2598,6827],[2,0]],[[2595,6812],[3,0],[0,8],[0,7]],[[2589,6820],[0,-8],[3,0]],[[2581,6804],[2,8],[3,0],[0,8],[3,0]],[[2566,6820],[0,-8]],[[2566,6812],[3,0]],[[2564,6804],[2,0],[0,8]],[[2572,6812],[3,0],[3,0],[0,-8],[3,0]],[[2569,6812],[3,0]],[[2558,6812],[3,0]],[[2555,6804],[3,0],[0,8]],[[2564,6812],[0,-8]],[[2561,6812],[3,0]],[[2592,6812],[3,0]],[[2592,6812],[0,0]],[[2555,6804],[0,0]],[[2581,7116],[2,0],[3,0],[3,0],[3,0],[3,0],[3,0]],[[2578,7116],[3,0]],[[2600,7116],[3,0]],[[2598,7116],[2,0]],[[2606,7116],[3,0],[3,0],[3,0],[2,0],[3,0],[3,0]],[[2603,7116],[3,0]],[[2626,7116],[3,0],[3,0]],[[2623,7116],[3,0]],[[2632,7116],[2,0],[3,0],[3,0],[3,0],[3,0],[0,-7]],[[2632,7116],[0,0]],[[2575,7116],[3,0]],[[2566,6874],[3,0],[0,8],[-3,8],[3,0],[0,8],[-3,0],[0,8],[-2,0],[0,7],[2,0],[0,8],[3,8],[0,8],[0,15],[0,8],[0,16],[0,8],[0,15],[0,8],[0,16],[0,8],[0,7],[0,16],[0,8],[0,15],[0,8],[0,16],[0,8],[0,7],[3,0],[3,0]],[[2566,6874],[0,0]],[[2566,6867],[0,7]],[[2564,6859],[2,0],[-2,0]],[[2564,6859],[0,8],[2,0]],[[2566,6867],[0,0]],[[2564,6859],[0,0]],[[2558,6843],[3,0],[0,8],[3,0],[-3,8],[3,0]],[[2558,6843],[0,0]],[[2555,6827],[3,0],[0,8],[-3,0],[0,8],[3,0]],[[2552,6812],[3,0],[0,8],[0,7]],[[2555,6827],[0,0]],[[2552,6812],[0,0]],[[2555,6804],[-3,8]],[[2552,6804],[0,0]],[[2643,4703],[0,7],[-3,0],[-6,8],[-2,0],[5,39]],[[5555,7343],[0,8],[-3,0],[0,8],[3,0],[0,7],[-3,0],[0,8],[3,0]],[[5558,7343],[-3,0]],[[5592,7335],[3,0],[0,-8]],[[5589,7335],[3,0]],[[5572,7257],[3,0],[3,0]],[[5572,7257],[0,0]],[[5595,7281],[0,7]],[[5595,7273],[0,8]],[[5592,7273],[3,0]],[[5587,7265],[2,8],[3,0]],[[5581,7296],[3,0],[3,0],[2,-8],[3,0],[3,0]],[[5595,7281],[0,0]],[[5572,7241],[-3,-7],[3,0]],[[5572,7234],[3,0]],[[5572,7234],[0,0]],[[5575,7234],[3,0],[0,-8],[3,0]],[[5575,7234],[0,0]],[[5048,7874],[0,0]],[[5612,8554],[0,0]],[[5612,8554],[0,-8],[-3,0]],[[5615,8562],[0,7]],[[5615,8562],[3,0]],[[5618,8554],[3,8],[2,0]],[[5615,8546],[3,0]],[[5615,8546],[0,0]],[[5612,8554],[3,0]],[[5839,8054],[0,8],[0,8]],[[5839,8070],[-3,0]],[[5836,8070],[-3,0],[-3,0]],[[5830,8070],[-2,0],[0,-8],[0,-8],[2,0],[3,0]],[[5836,8054],[3,0]],[[5833,8054],[3,0]],[[5921,7812],[3,0],[0,-8],[0,-8],[0,-8],[0,-8]],[[5918,7804],[3,0],[0,8]],[[5910,7812],[3,0],[0,-8],[2,0]],[[5915,7804],[0,-8]],[[5910,7804],[0,8]],[[5910,7804],[0,0]],[[5907,7788],[0,8],[0,8],[3,0]],[[5910,7804],[-3,0],[3,0]],[[5918,7804],[0,0]],[[5915,7804],[3,0]],[[5910,7788],[-3,0]],[[5907,7788],[0,0]],[[5913,7780],[-3,8]],[[5910,7788],[0,0]],[[5924,7780],[-3,0]],[[5921,7780],[0,0]],[[5918,7780],[0,0]],[[5918,7780],[0,-7],[3,0],[-3,-8]],[[5918,7765],[3,0],[-3,-8]],[[5921,7780],[-3,0]],[[5915,7773],[-2,7]],[[5913,7780],[0,0]],[[5918,7757],[0,8]],[[5918,7765],[-3,0],[0,8]],[[5915,7773],[0,0]],[[7013,7070],[3,0],[0,7],[3,0],[-3,0],[3,8],[-3,0]],[[7016,7085],[-3,0],[0,-8]],[[7013,7077],[-3,0]],[[7013,7077],[0,-7]],[[7234,7226],[0,8],[0,7]],[[7234,7241],[-3,0],[0,-7],[-3,0],[0,-8]],[[7231,7226],[3,0]],[[7228,7226],[3,0]],[[7078,7835],[3,0],[0,8],[0,8],[-3,0],[0,8],[-3,0]],[[7075,7859],[-3,0],[0,-8],[-2,0],[2,0],[0,-8],[3,-8],[3,0]],[[8068,4656],[0,0]],[[8068,4656],[-3,0]],[[8059,4656],[-3,0]],[[8056,4656],[0,0]],[[8065,4656],[-3,0]],[[8062,4656],[-3,0]],[[8108,4843],[2,0],[0,-8],[0,-7],[3,0],[0,-8]],[[8099,4843],[6,0],[3,0]],[[8113,4820],[0,0]],[[8113,4820],[-3,0],[3,-8],[3,0],[0,-8]],[[7954,5617],[3,0]],[[7952,5617],[2,0]],[[7957,5617],[0,-8],[3,0],[0,-8],[3,0],[3,0],[0,-8],[0,-8],[3,0]],[[7957,5617],[0,0]],[[7969,5585],[0,-7],[2,0]],[[7969,5585],[0,0]],[[7983,5585],[0,-7],[3,-8],[0,-8],[2,0]],[[7980,5570],[0,8],[0,7],[3,0]],[[7971,5578],[3,0]],[[7971,5578],[0,0]],[[7977,5578],[3,-8]],[[7974,5578],[3,0]],[[6627,5687],[3,8],[3,0],[3,8],[0,7],[0,8],[3,0],[0,8],[5,0],[3,0],[0,8]],[[6622,5695],[5,-8]],[[3417,1883],[0,-8],[3,0],[0,-8],[-3,0]],[[6378,6960],[0,8]],[[6378,6968],[-3,-8],[3,0]],[[6256,7023],[5,0],[3,0],[0,8],[0,7],[0,8],[3,0],[6,8],[5,0],[3,8]],[[6278,6976],[3,0],[0,8],[3,0],[6,0]],[[6080,6796],[-3,0]],[[6077,6796],[-3,0],[0,-8],[-3,-7],[-2,-8],[0,-8],[2,-8]],[[6071,6757],[3,0],[0,-8],[0,-7]],[[6071,6757],[0,0]],[[6097,6742],[3,0],[0,-8],[3,0],[2,-8]],[[6091,6726],[0,8],[3,0],[3,0],[0,8]],[[6108,6726],[3,-8],[3,0]],[[6105,6726],[3,0]],[[6080,6476],[3,-8],[-3,0]],[[6077,6468],[3,8]],[[6077,6468],[0,0]],[[6080,6468],[-3,0]],[[5791,7335],[0,-8],[3,0],[0,-7]],[[5791,7312],[0,8]],[[5791,7320],[-3,0],[0,7],[0,8],[3,0]],[[5794,7320],[-3,0]],[[5791,7320],[3,-8],[-3,0]],[[5635,7077],[0,-7],[-3,0]],[[5632,7077],[3,0]],[[5677,7156],[3,0],[0,-8],[0,-8]],[[5847,7351],[3,0],[0,-8],[3,0]],[[5847,7351],[0,0]],[[5856,7351],[3,-8]],[[5853,7343],[0,8],[3,0]],[[5864,7343],[3,0]],[[5859,7343],[3,0],[2,0]],[[5825,2250],[0,-8],[-3,-8],[0,-8],[0,-7],[3,-8],[0,-8],[0,-8],[3,-8],[0,-8],[2,-7],[3,0]],[[5833,2172],[3,0]],[[5833,2172],[0,0]],[[5842,2172],[3,-8]],[[5836,2172],[3,0],[3,0]],[[5884,3593],[0,-7],[0,-8],[-3,-8]],[[5879,3586],[2,0],[0,7],[3,0]],[[5881,3570],[-2,0]],[[5484,3586],[0,-8]],[[5484,3578],[3,0],[3,0],[0,-8],[3,0]],[[5479,3500],[-3,0],[0,7],[0,8],[0,8],[3,0],[0,8],[0,8],[0,8],[0,7],[3,0],[0,8],[0,8],[0,8],[2,0]],[[5496,3578],[3,0],[0,-8],[2,0],[0,-8],[0,-8],[3,0]],[[5493,3570],[0,8],[3,0]],[[5578,4195],[0,0]],[[5575,4187],[0,8],[3,0]],[[5479,4804],[0,-8],[-3,0]],[[5476,4796],[0,8],[3,0]],[[5467,4625],[0,-8],[0,-8],[3,0]],[[5473,4609],[3,0],[0,-8],[3,-8],[0,-8],[3,-7],[2,-8],[3,0]],[[5470,4609],[3,0]],[[5110,4914],[0,0]],[[5110,4898],[-3,0],[0,8],[0,8],[3,0]],[[5113,4914],[0,0]],[[5110,4914],[3,0]],[[5116,4914],[0,-8],[0,-8],[-3,0]],[[5113,4914],[3,0]],[[5113,4898],[0,0]],[[5113,4898],[-3,0]],[[4824,4843],[3,0],[0,-8],[-3,-7]],[[4824,4828],[0,7],[-3,0],[0,8],[3,0]],[[7994,3953],[0,0]],[[7994,3961],[0,-8]],[[7997,3961],[0,0]],[[7994,3961],[3,0]],[[7997,3961],[3,0]],[[7997,3961],[0,-8]],[[5402,7288],[0,0]],[[5405,7288],[0,0]],[[5405,7288],[-3,0]],[[5402,7288],[0,-7]],[[5402,7281],[3,0]],[[5405,7281],[0,0]],[[5402,7281],[0,0]],[[5320,7530],[0,0]],[[5320,7530],[3,0]],[[5323,7530],[0,0]],[[5323,7530],[0,8]],[[5320,7538],[0,-8]],[[5323,7538],[-3,0]],[[5320,7538],[0,0]],[[5320,7546],[0,-8]],[[5524,7570],[0,7]],[[5521,7570],[3,0]],[[5521,7570],[0,0]],[[5552,7577],[0,0]],[[5547,7570],[3,7],[2,0]],[[5555,7577],[0,-7],[-3,0],[-2,0]],[[5552,7577],[3,0]],[[5550,7570],[0,0]],[[5550,7570],[-3,0]],[[5521,7546],[3,0]],[[5521,7546],[0,0]],[[5524,7546],[0,-8]],[[5524,7546],[0,0]],[[5521,7530],[0,8]],[[5521,7538],[-3,0],[0,8],[3,0]],[[5524,7538],[-3,0]],[[5527,7515],[3,0],[0,-8],[-3,0]],[[5527,7507],[0,8]],[[5533,7491],[0,-7],[2,-8]],[[5533,7476],[-3,0],[0,8],[3,7]],[[5535,7476],[-2,0]],[[5558,7538],[3,0],[0,-8]],[[5558,7523],[0,7],[-3,0],[0,8],[3,0]],[[5561,7530],[0,0]],[[5561,7530],[-3,-7]],[[5552,7484],[3,-8]],[[5552,7460],[0,8],[0,8],[0,8]],[[5555,7476],[3,0],[0,-8],[-3,0]],[[5555,7476],[0,0]],[[5555,7468],[0,0]],[[5555,7468],[-3,-8]],[[5569,7460],[3,-8]],[[5569,7460],[0,0]],[[5567,7460],[2,0]],[[5567,7445],[-3,0],[0,7],[3,0],[0,8]],[[5572,7452],[-3,0]],[[5569,7452],[0,-7],[-2,0]],[[5581,7476],[3,0]],[[5581,7476],[0,0]],[[5578,7468],[0,8],[3,0]],[[5584,7476],[3,0],[0,-8]],[[5584,7468],[0,8]],[[5584,7476],[0,0]],[[5587,7468],[0,0]],[[5587,7468],[-3,0]],[[5584,7468],[-3,0]],[[5581,7468],[0,0]],[[5581,7468],[-3,0]],[[5589,7523],[-2,0]],[[5587,7523],[-3,0],[0,-8],[3,-8]],[[5575,7546],[0,0]],[[5572,7530],[0,8],[-3,0],[3,0],[0,8],[3,0]],[[5575,7546],[3,0],[0,-8],[0,-8],[-3,0]],[[5575,7530],[0,0]],[[5575,7530],[-3,0]],[[5575,7562],[-3,0],[0,8]],[[5572,7570],[3,0]],[[5572,7570],[0,0]],[[5589,7554],[-2,0]],[[5587,7554],[0,8]],[[5587,7562],[-3,0],[0,-8]],[[5584,7554],[3,0]],[[5587,7546],[0,8]],[[5606,7523],[0,0]],[[5606,7523],[0,-8],[3,-8]],[[5609,7507],[0,8],[3,0]],[[5621,7476],[2,-8]],[[5621,7468],[0,8]],[[5621,7468],[0,0]],[[5621,7452],[0,8]],[[5621,7460],[0,8]],[[5621,7468],[-3,0],[3,0]],[[5623,7468],[0,0]],[[5626,7468],[0,-8],[-3,0]],[[5623,7460],[0,0]],[[5623,7460],[-2,0]],[[5621,7460],[0,0]],[[5623,7468],[3,0]],[[5635,7476],[-3,-8],[0,-8]],[[5632,7460],[-3,0],[0,8]],[[5629,7468],[-3,0]],[[5632,7484],[3,0],[0,-8]],[[5629,7484],[3,0]],[[5626,7484],[3,0]],[[5623,7476],[3,0],[0,8]],[[5623,7484],[0,-8]],[[5623,7468],[0,8]],[[5652,7499],[0,8],[-3,8]],[[5649,7515],[-3,-8],[0,-8]],[[5649,7499],[3,0]],[[5646,7499],[3,0]],[[5621,7546],[2,0],[3,0],[0,-8],[-3,0],[3,0],[0,-8],[-3,0]],[[5618,7538],[3,8]],[[5623,7530],[-2,0],[0,8]],[[5660,7577],[0,0]],[[5660,7577],[-3,-7],[0,-8]],[[5666,7570],[-3,7]],[[5663,7577],[-3,0]],[[5669,7554],[0,8],[3,0],[0,8],[-3,0]],[[5669,7570],[-3,0]],[[5660,7562],[0,-8],[3,0]],[[5657,7562],[3,0]],[[5666,7554],[3,0]],[[5663,7554],[3,0]],[[5626,7585],[0,8],[0,8]],[[5629,7593],[0,-8],[-3,0]],[[5626,7601],[3,0]],[[5626,7601],[0,0]],[[5612,7601],[-3,8],[3,7]],[[5615,7609],[-3,0],[0,-8]],[[5638,7616],[2,0]],[[5632,7609],[3,0]],[[5635,7609],[0,7],[3,0]],[[5640,7616],[3,0],[0,-7],[0,-8],[-3,0]],[[5640,7616],[0,0]],[[5640,7601],[-2,0],[0,8],[-3,0]],[[5669,7601],[3,0]],[[5666,7601],[3,0]],[[5666,7601],[0,0]],[[5669,7585],[-3,0],[0,8],[-3,0],[0,8],[3,0]],[[5672,7601],[0,-8],[-3,-8]],[[5672,7601],[0,0]],[[6483,5898],[2,0]],[[6483,5890],[0,-8]],[[6483,5882],[0,0]],[[6483,5898],[0,-8]],[[6483,5890],[2,0]],[[6485,5890],[0,0]],[[9783,3812],[0,0]],[[9783,3812],[0,-8]],[[9783,3812],[3,0]],[[156,2789],[0,0]],[[153,2789],[3,0]],[[153,2789],[0,0]],[[156,2789],[0,-8]],[[156,2789],[0,8]],[[164,2789],[0,-16]],[[164,2773],[3,0]],[[162,2789],[2,0]],[[162,2789],[0,0]],[[164,2789],[0,0]],[[156,2789],[6,0]],[[162,2789],[0,-16]],[[162,2789],[0,8]],[[164,2789],[3,0]],[[181,2765],[0,-7]],[[184,2765],[0,-7]],[[187,2758],[0,0]],[[184,2758],[3,0]],[[184,2765],[0,0]],[[176,2773],[0,-8]],[[176,2765],[3,0]],[[179,2765],[-3,-7]],[[176,2765],[0,-7]],[[179,2773],[0,-8]],[[173,2773],[0,-8]],[[173,2765],[-3,0]],[[0,2734],[0,0]],[[210,2734],[0,0]],[[2822,5921],[0,0]],[[2822,5921],[-3,0],[3,0]],[[2824,5937],[3,0],[0,-8]],[[2856,5937],[2,0]],[[2861,5906],[6,7]],[[2844,5773],[3,0]],[[2836,5765],[0,8],[3,0],[2,0],[3,0]],[[2847,5726],[-3,0]],[[2887,5828],[0,0]],[[2890,5804],[0,0]],[[4336,5187],[0,0]],[[4336,5187],[3,0]],[[4339,5187],[3,0]],[[4359,5023],[0,-8]],[[4359,5015],[2,8]],[[4378,5039],[0,0]],[[4378,5039],[-2,0]],[[4378,5039],[0,-8],[3,0]],[[4381,5031],[0,0]],[[4381,5031],[0,8]],[[4381,5031],[0,-8]],[[4381,5023],[-3,0]],[[4381,5023],[0,0]],[[4384,5023],[0,8]],[[4381,5023],[3,8]],[[4384,5023],[0,0]],[[4381,5023],[3,0]],[[4384,5031],[0,0]],[[4381,5031],[3,0]],[[4359,5156],[0,-8],[2,0],[0,-8]],[[4359,5015],[0,0]],[[4359,5015],[2,0]],[[4381,5023],[0,-8],[3,0]],[[3315,4882],[0,0]],[[3315,4898],[0,-8]],[[3315,4890],[0,0]],[[3315,4882],[3,0]],[[3315,4890],[0,-8]],[[3312,4890],[3,0]],[[3315,4882],[-3,0]],[[3301,4796],[0,0]],[[3301,4804],[0,-8]],[[3301,4804],[0,0]],[[3301,4796],[0,-7]],[[3301,4796],[3,0]],[[3304,4804],[0,0]],[[3301,4804],[3,0]],[[3301,4796],[-3,0]],[[3321,4929],[-3,0]],[[3324,4945],[0,0]],[[3324,4953],[0,-8]],[[3324,4945],[-3,-8]],[[3321,4929],[0,0]],[[3321,4937],[0,0]],[[3321,4937],[0,-8]],[[3321,4945],[3,0]],[[3321,4945],[0,-8]],[[3321,4937],[-3,0]],[[3318,4937],[0,0]],[[3324,4937],[0,0]],[[3321,4937],[3,0]],[[3321,4929],[3,0]],[[3324,4929],[0,0]],[[3321,4929],[0,-8]],[[3287,5164],[0,-8]],[[3287,5156],[0,0]],[[3329,4734],[3,0],[-3,0]],[[3329,4734],[0,-8],[3,0]],[[3298,5195],[0,-8]],[[3298,5187],[0,0]],[[3298,5179],[0,0]],[[3298,5187],[0,-8]],[[3298,5187],[3,0]],[[3301,5187],[0,0]],[[3301,5179],[0,8]],[[3295,5187],[3,0]],[[3295,5187],[0,0]],[[3270,5203],[0,0]],[[3270,5203],[3,0]],[[3273,5203],[0,0]],[[3270,5210],[0,-7]],[[3270,5210],[0,0]],[[3267,5210],[3,0]],[[3273,5203],[0,7]],[[3275,5187],[0,0]],[[3275,5195],[0,-8]],[[3275,5195],[3,-8]],[[3261,5273],[0,0]],[[3264,5281],[0,-8]],[[3264,5273],[0,0]],[[3264,5281],[0,0]],[[3261,5273],[3,0]],[[6108,8226],[-3,8]],[[6105,8234],[0,-8],[3,0]],[[6100,8202],[3,0]],[[6103,8202],[2,0],[-2,0]],[[8661,6702],[2,0]],[[8658,6702],[3,0]],[[9588,3109],[0,8]],[[9585,3117],[3,-8]],[[9588,3109],[0,0]],[[4424,8851],[3,0]],[[4427,8851],[3,0]],[[4432,8851],[3,0]],[[4430,8851],[2,0]],[[4435,8874],[3,0],[0,-8],[-3,-8],[-3,-7]],[[4430,8874],[5,0]],[[6389,7023],[0,0]],[[6389,7023],[-3,0],[3,0]],[[3210,6374],[0,0]],[[3213,6374],[0,0]],[[3216,6374],[0,0]],[[3216,6382],[0,0]],[[8292,5609],[0,0]],[[8289,5609],[0,0]],[[8289,5609],[3,0]],[[8286,5609],[3,0]],[[8286,5609],[0,-8]],[[8286,5601],[-3,0]],[[8283,5601],[-2,0]],[[8283,5601],[0,0]],[[8289,5601],[-3,0]],[[8286,5601],[0,0]],[[8289,5593],[-3,0]],[[8289,5593],[0,0]],[[8289,5601],[0,-8]],[[8295,5601],[0,0]],[[8292,5601],[3,0]],[[8292,5601],[0,0]],[[8286,5593],[0,0]],[[8283,5593],[0,0]],[[6684,2273],[3,8]],[[6684,2289],[0,-8],[0,-8]],[[6690,2265],[0,0]],[[6687,2265],[3,0]],[[6684,2273],[3,0],[-3,-8]],[[6684,2265],[3,0]],[[6684,2273],[0,0]],[[6684,2265],[0,0]],[[6684,2265],[-3,-7]],[[6684,2258],[0,-8]],[[6681,2258],[3,0]],[[6681,2258],[0,0]],[[6681,2258],[-3,0],[0,-8]],[[6681,2265],[0,8]],[[6681,2273],[0,0]],[[6681,2258],[-3,7],[3,0]],[[6681,2265],[0,0]],[[6681,2273],[3,0]],[[6684,2273],[-3,8]],[[6681,2281],[0,0]],[[6681,2265],[3,0]],[[6681,2273],[0,8]],[[6630,3515],[3,-8]],[[6622,3492],[0,0]],[[6624,3492],[0,0]],[[6622,3492],[2,0]],[[6622,3492],[0,-8]],[[6622,3484],[2,0]],[[6624,3484],[0,8]],[[6624,3484],[0,0]],[[6624,3484],[0,-8]],[[6624,3476],[0,0]],[[8868,4453],[2,0]],[[8868,4445],[0,0]],[[8868,4445],[2,0]],[[8868,4445],[-3,0]],[[8868,4437],[0,0]],[[8868,4445],[0,-8]],[[8868,4437],[-3,0]],[[8865,4437],[0,0]],[[8868,4429],[0,0]],[[8868,4437],[0,-8]],[[8868,4429],[-3,0]],[[8865,4429],[0,8]],[[8865,4429],[0,0]],[[5399,7273],[0,0]],[[5402,7281],[-3,0],[0,-8]],[[5397,7359],[-3,0],[0,7],[-3,0]],[[5391,7366],[-3,0]],[[5388,7366],[0,0]],[[5388,7366],[-3,0],[-3,0],[0,-7],[-3,0]],[[5374,7359],[0,0]],[[5379,7359],[-2,0]],[[5377,7359],[-3,0]],[[5397,7359],[0,0]],[[5402,7351],[-3,0],[0,8]],[[5399,7359],[-2,0]],[[5414,7429],[0,8]],[[5414,7429],[-3,0]],[[5416,7429],[0,0]],[[5416,7429],[-2,0]],[[5419,7429],[-3,0]],[[5411,7429],[0,0]],[[5377,7445],[2,0]],[[5374,7437],[0,8],[3,0]],[[5379,7445],[3,0]],[[5371,7437],[3,0]],[[5365,7421],[3,8],[3,8]],[[5365,7366],[0,-7],[3,0]],[[5360,7359],[2,0],[0,7],[3,0]],[[5368,7359],[3,0]],[[5360,7359],[0,0]],[[5354,7398],[0,0]],[[5354,7398],[0,-8]],[[5354,7390],[3,0]],[[5354,7390],[0,0]],[[5357,7390],[3,-8],[2,0]],[[5357,7390],[0,0]],[[5362,7382],[3,-8]],[[5365,7374],[-3,0],[3,0]],[[5362,7382],[0,0]],[[5368,7374],[0,0]],[[5365,7374],[3,0]],[[5348,7468],[3,0],[0,-8],[0,-8],[-3,0],[0,-7],[0,-8],[0,-8],[3,0]],[[5354,7429],[3,0]],[[5354,7429],[0,0]],[[5357,7429],[0,0]],[[5351,7429],[3,0]],[[5351,7429],[0,0]],[[5462,7116],[3,0],[0,8],[2,8],[3,8]],[[5408,7273],[3,0],[0,8],[0,7],[3,0]],[[5405,7281],[3,0]],[[5408,7281],[0,-8]],[[5408,7281],[0,0]],[[5416,7226],[-2,0],[0,-8],[2,0],[0,-8],[0,-8],[3,0]],[[5419,7202],[3,0],[0,-7],[3,0]],[[5419,7202],[0,0]],[[5425,7195],[0,0]],[[5439,7202],[3,0],[3,0]],[[5439,7202],[0,0]],[[5436,7195],[3,0],[0,7]],[[5433,7195],[3,0]],[[5428,7187],[3,0]],[[5431,7187],[2,0],[0,8]],[[5436,7195],[0,0]],[[5311,7343],[0,-8]],[[5297,7366],[-3,0],[0,8],[0,8]],[[5309,7351],[-3,0],[0,8],[3,0],[-3,0],[0,7],[-3,0],[0,8]],[[5303,7374],[-3,0],[0,-8],[-3,0]],[[5297,7366],[0,0]],[[5311,7343],[0,8],[-2,0]],[[5309,7351],[0,0]],[[5252,7406],[0,0]],[[5269,7413],[3,0],[3,0]],[[5263,7413],[3,0],[3,0]],[[5263,7413],[0,0]],[[5255,7406],[5,0],[0,7],[3,0]],[[5252,7406],[3,0]],[[5516,6984],[0,-8],[0,-8]],[[5516,6968],[-3,0]],[[5501,6976],[0,0]],[[5501,6976],[-2,0],[0,-8],[-3,0]],[[5504,6976],[-3,0]],[[5507,6968],[-3,0],[0,8]],[[5504,6976],[0,0]],[[5513,6968],[-3,0],[-3,0]],[[5476,7101],[3,0],[0,8],[3,0],[-3,0],[0,7],[0,8]],[[5476,7101],[0,0]],[[5476,7093],[-3,0]],[[5473,7093],[0,8],[3,0]],[[5510,7038],[3,0],[3,-7]],[[5521,7038],[3,-7]],[[5521,7031],[0,7]],[[5518,7038],[0,-7]],[[5516,7031],[2,0]],[[5518,7038],[3,0]],[[5462,7085],[-3,0]],[[5453,7093],[-3,0]],[[5450,7093],[0,-8]],[[5459,7085],[-3,8],[-3,0]],[[5453,7093],[0,0]],[[5450,7085],[-2,0],[0,8]],[[5473,7093],[0,-8],[-3,0]],[[5470,7085],[0,0]],[[5470,7085],[-3,0],[-2,0]],[[5465,7085],[0,0]],[[5465,7085],[-3,0]],[[5462,7085],[0,0]],[[5484,7038],[3,0]],[[5487,7038],[0,-7],[3,0],[0,-8],[-3,0],[3,0],[0,-8],[3,0],[0,-8]],[[5493,7007],[3,0],[0,-8],[3,0],[0,-8],[-3,0],[0,-7],[-3,0],[3,0],[-3,-8]],[[5493,7007],[0,0]],[[5487,7062],[-3,0],[-2,0],[0,8],[2,0],[-2,0],[2,0],[0,7],[-2,0]],[[5482,7077],[-3,0]],[[5493,7062],[-3,0],[-3,0]],[[5487,7062],[0,0]],[[5323,7320],[0,0]],[[5323,7320],[-3,0]],[[5320,7320],[0,0]],[[5326,7320],[-3,0]],[[5309,7335],[-3,0],[0,8],[-3,0]],[[5303,7343],[0,-8]],[[5311,7335],[-2,0]],[[5300,7327],[-3,8],[-3,0]],[[5294,7335],[0,-8]],[[5303,7335],[-3,0]],[[5300,7335],[0,-8]],[[5382,7281],[3,-8],[3,0],[3,0],[3,0]],[[5394,7273],[0,0]],[[5397,7257],[0,-8],[-3,0],[0,-8]],[[5394,7241],[-3,0]],[[5394,7241],[0,-7]],[[5394,7234],[3,0]],[[5397,7234],[0,0]],[[5394,7234],[0,0]],[[5394,7234],[0,-8]],[[5394,7226],[-3,8]],[[5391,7234],[0,-8]],[[5399,7273],[-2,0]],[[5397,7273],[0,0]],[[5397,7273],[0,-8]],[[5397,7273],[-3,0]],[[5399,7265],[3,0],[-3,8]],[[5399,7265],[0,0]],[[5397,7257],[0,8]],[[5397,7265],[2,0]],[[5326,7320],[0,-8],[2,0],[3,0],[0,-8]],[[5331,7304],[0,0]],[[5331,7304],[3,0],[0,-8]],[[5334,7296],[3,0],[-3,0]],[[5334,7296],[0,-8]],[[5334,7296],[0,0]],[[5448,7093],[0,8],[0,8]],[[5448,7109],[-3,0]],[[5391,7179],[0,8],[-3,0],[3,0],[0,8],[-3,0],[0,7]],[[5397,7187],[0,0]],[[5397,7187],[-3,0]],[[5394,7187],[0,0]],[[5394,7187],[-3,-8]],[[5399,7179],[-2,0],[0,8]],[[5399,7171],[0,8]],[[5399,7179],[0,0]],[[5402,7163],[0,8],[-3,0]],[[5399,7171],[0,0]],[[5402,7163],[3,0]],[[5402,7163],[0,0]],[[5405,7163],[0,0]],[[5431,7179],[0,0]],[[5431,7179],[-3,0]],[[5428,7179],[-3,0]],[[5425,7179],[0,-8],[-3,0],[3,0],[-3,0],[0,-8],[3,0],[0,-7],[3,0],[0,-8],[3,0],[-3,0],[0,-8]],[[5428,7179],[0,0]],[[5425,7140],[0,8],[-3,0]],[[5422,7148],[0,-8],[-3,0]],[[5428,7140],[0,0]],[[5428,7140],[-3,0]],[[5428,7187],[0,0]],[[5428,7187],[-3,0]],[[5448,7093],[-3,0],[0,-8],[0,-8]],[[5382,7195],[3,0]],[[5385,7195],[0,-8],[0,-8],[-3,0],[-3,0]],[[5379,7179],[0,0]],[[5379,7179],[0,-8],[0,-8],[-2,0]],[[5059,7710],[0,-8],[3,0],[-3,0],[0,-7],[3,0],[0,-8]],[[5062,7687],[0,0]],[[5062,7687],[0,-8],[0,-8]],[[5099,7734],[0,7]],[[5099,7741],[3,0]],[[5099,7718],[0,8],[0,8]],[[5099,7734],[0,0]],[[5099,7710],[0,8]],[[5099,7718],[3,0]],[[5011,7640],[-3,0],[0,8],[-3,0]],[[5019,7640],[-2,0]],[[5017,7640],[-3,0],[-3,0]],[[5096,7788],[0,-8],[3,0]],[[5102,7788],[0,-8],[2,0]],[[5099,7780],[0,8],[3,0]],[[5104,7780],[3,0],[-3,0]],[[5104,7780],[3,0],[3,-7]],[[5104,7780],[0,0]],[[5116,7773],[3,0]],[[5113,7773],[3,0]],[[5119,7773],[2,0],[-2,0]],[[5119,7773],[0,-8]],[[5119,7773],[0,0]],[[5113,7773],[0,0]],[[5110,7773],[3,0]],[[5124,7765],[3,0]],[[5121,7765],[3,0]],[[5127,7765],[3,0]],[[5127,7765],[0,-8],[3,0]],[[5127,7765],[0,0]],[[5121,7765],[0,0]],[[5119,7765],[2,0]],[[5136,7765],[2,0]],[[5133,7757],[3,0],[0,8]],[[5130,7765],[3,0],[0,-8]],[[5133,7757],[-3,0]],[[5130,7757],[0,8]],[[5136,7507],[2,0],[0,-8]],[[5153,7499],[0,0]],[[5150,7491],[0,8]],[[5150,7499],[3,0]],[[5138,7499],[3,0]],[[5138,7499],[0,0]],[[5147,7499],[3,0]],[[5147,7499],[0,0]],[[5144,7499],[3,0]],[[5141,7499],[3,0]],[[5153,7499],[2,0],[0,-8],[0,-7],[3,0]],[[5158,7484],[3,0],[3,0],[0,-8],[0,-8],[-3,0]],[[5158,7484],[0,0]],[[5048,7632],[0,8],[-3,0]],[[5045,7640],[0,8]],[[5045,7640],[-3,0]],[[5042,7640],[0,0]],[[5042,7640],[-3,0]],[[5039,7640],[-3,0]],[[5036,7640],[-2,0]],[[5028,7640],[-3,0]],[[5034,7640],[-3,0]],[[5031,7640],[0,-8],[-3,0]],[[5028,7632],[0,8]],[[5028,7640],[0,0]],[[5014,7585],[-3,0]],[[5011,7585],[-3,0],[-3,0],[0,-8],[-3,0],[-3,0]],[[4999,7577],[-2,0]],[[4997,7577],[-3,0]],[[4994,7577],[0,0]],[[4994,7577],[-3,-7]],[[5164,7710],[3,0]],[[5161,7710],[3,0]],[[5155,7687],[0,8]],[[5155,7695],[0,7],[3,0],[3,0],[0,8]],[[5164,7710],[0,0]],[[5153,7679],[0,8],[0,8],[2,0]],[[5150,7671],[3,0],[0,8]],[[5153,7679],[2,0],[-2,0]],[[5153,7679],[0,0]],[[5147,7632],[0,0]],[[5147,7632],[3,0],[0,-8],[3,0],[0,-8],[2,-7]],[[5155,7616],[0,-7]],[[5155,7609],[3,0],[3,-8]],[[5161,7601],[-3,0],[3,0]],[[5161,7601],[0,-8],[3,0]],[[5161,7601],[0,0]],[[5170,7601],[0,-8]],[[5170,7593],[2,0]],[[5167,7593],[3,8]],[[5167,7593],[0,0]],[[5164,7593],[3,0]],[[5164,7593],[0,0]],[[5172,7593],[0,0]],[[5204,7624],[0,8],[3,0]],[[5209,7624],[-2,0]],[[5207,7624],[0,8]],[[5207,7624],[-3,0]],[[5215,7601],[-3,0],[0,8],[0,7],[0,8],[-3,0]],[[5209,7624],[0,0]],[[5218,7593],[-3,8]],[[5215,7601],[0,0]],[[5147,7366],[0,-7],[3,-8]],[[5147,7366],[0,0]],[[5153,7359],[2,0],[0,-8],[3,0],[3,0]],[[5150,7351],[3,0],[0,8]],[[5201,7484],[3,0],[0,7],[0,8],[0,8],[-3,0],[3,0],[3,0],[0,8],[-3,0],[-3,0],[0,8]],[[5209,7577],[3,0],[0,8],[3,8],[3,0]],[[5207,7577],[2,0]],[[5204,7570],[0,7],[3,0]],[[5229,7593],[-3,0],[0,8],[-2,0]],[[5224,7601],[-3,0]],[[5221,7601],[0,-8]],[[5221,7601],[-3,0],[0,-8]],[[5235,7593],[-3,0],[0,8]],[[5232,7601],[-3,0],[0,-8]],[[5243,7585],[0,8],[-2,0],[-3,0]],[[5238,7593],[-3,0]],[[5246,7585],[-3,0]],[[5252,7687],[0,-8]],[[5252,7679],[3,0],[3,0],[0,-8]],[[5252,7663],[0,8],[-3,0],[0,8],[3,0]],[[5266,7671],[0,8]],[[5263,7679],[0,-8],[3,0]],[[5258,7671],[2,0],[3,8]],[[5252,7640],[3,0],[0,8],[3,0],[0,7],[0,8],[-3,0]],[[5255,7663],[0,8]],[[5255,7663],[-3,0]],[[5246,7585],[3,-8],[3,0],[-3,-7]],[[5252,7570],[0,-8]],[[5252,7562],[3,0],[-3,0]],[[5249,7570],[3,0]],[[5178,7382],[-3,0],[0,-8]],[[5175,7374],[0,0]],[[5175,7374],[-3,0],[3,0]],[[5175,7374],[0,-8],[-3,0]],[[5172,7366],[-2,0]],[[5170,7366],[0,-7],[-3,0]],[[5167,7359],[-3,0]],[[5164,7359],[0,-8],[-3,0]],[[5161,7468],[0,-8],[3,0]],[[5172,7460],[3,0]],[[5167,7460],[0,0]],[[5164,7460],[3,0]],[[5170,7460],[2,0]],[[5167,7460],[3,0]],[[5164,7327],[0,-7],[3,0],[-3,0],[0,-8],[3,0]],[[5175,7312],[0,0]],[[5172,7312],[3,0]],[[5178,7312],[3,0],[3,0]],[[5175,7312],[3,0]],[[5167,7312],[3,0],[2,0]],[[5167,7312],[0,0]],[[5224,7476],[0,0]],[[5207,7468],[-3,0],[0,8],[-3,0],[0,8]],[[5224,7476],[-3,0],[0,-8],[-3,0],[-3,0]],[[5215,7468],[-3,0],[-3,0]],[[5209,7468],[-2,0]],[[5093,7671],[0,8],[-3,0],[3,0],[3,8]],[[5099,7695],[3,0]],[[5102,7695],[2,0]],[[5110,7695],[0,0]],[[5104,7695],[3,0],[3,0]],[[5110,7695],[3,0],[3,0]],[[5116,7695],[5,-8]],[[5116,7695],[0,0]],[[5121,7687],[3,0]],[[5121,7687],[0,0]],[[5144,7632],[3,0]],[[5144,7632],[0,0]],[[5141,7632],[3,0]],[[5138,7632],[3,0]],[[5138,7632],[0,0]],[[5136,7632],[2,0]],[[5133,7616],[3,0]],[[5136,7616],[0,8],[0,8]],[[5150,7663],[0,8]],[[5147,7663],[3,0]],[[5147,7655],[0,8]],[[5150,7648],[0,7],[-3,0]],[[5150,7648],[0,0]],[[5025,7523],[0,-8],[3,0],[3,-8],[0,-8],[0,-8],[3,0],[0,-7],[0,-8]],[[5034,7476],[0,0]],[[5034,7476],[0,-8],[-3,0]],[[5031,7468],[0,0]],[[5031,7468],[-3,0]],[[5093,7671],[-3,0],[3,0]],[[5093,7671],[-3,0],[0,-8],[-3,0],[-2,-8]],[[5085,7663],[-3,0]],[[5082,7663],[0,0]],[[5085,7655],[0,8]],[[5085,7663],[0,0]],[[5082,7663],[-3,-8]],[[5079,7655],[0,0]],[[5079,7655],[-3,0],[-3,0]],[[5073,7616],[0,8],[3,8],[3,0],[0,8],[-3,0],[3,0],[-3,0],[0,8],[-3,0],[0,7]],[[5136,7507],[0,0]],[[5136,7507],[-3,0],[0,-8],[-3,0]],[[5130,7499],[-3,0]],[[5127,7499],[-3,0]],[[5130,7499],[0,0]],[[5124,7499],[0,0]],[[5124,7499],[0,-8],[0,-7],[-3,0],[-2,0]],[[5119,7484],[0,0]],[[5119,7484],[-3,0],[0,-8]],[[5136,7507],[2,8],[0,8],[0,7],[-2,0],[0,8],[0,8],[-3,0],[0,8],[0,8]],[[5056,7570],[0,-8],[0,-8],[-3,-8],[0,-8]],[[5104,7632],[-2,8],[0,8],[-3,0],[-3,0],[0,7],[0,8],[0,8],[-3,0]],[[5104,7632],[0,0]],[[5053,7538],[0,-8]],[[5053,7530],[0,0]],[[5056,7530],[0,0]],[[5053,7530],[3,0]],[[5056,7530],[3,0],[0,-7],[0,-8]],[[5068,7523],[2,0],[0,-8],[3,-8],[3,0]],[[5062,7515],[3,0],[0,8],[3,0]],[[5062,7515],[0,0]],[[5059,7515],[3,0]],[[5130,7359],[-3,0]],[[5127,7359],[-3,-8],[-3,0],[0,-8],[-2,0]],[[5136,7335],[-3,8],[0,8],[-3,0],[0,8]],[[5130,7359],[0,0]],[[5116,7343],[0,0]],[[5116,7343],[-3,0]],[[5113,7343],[0,-8]],[[5119,7343],[0,0]],[[5119,7343],[-3,0]],[[5099,7234],[0,-8],[3,0],[0,-8],[2,0],[3,0],[-3,0],[0,-8],[3,0],[-3,-8],[3,0],[-3,-7]],[[5104,7195],[0,0]],[[5104,7195],[0,-8],[3,0]],[[5110,7187],[3,0]],[[5107,7187],[3,0]],[[5068,7421],[0,-8],[-3,0]],[[5065,7413],[0,0]],[[5065,7413],[0,-7],[-3,0]],[[5062,7406],[0,0]],[[5062,7406],[-3,-8],[0,-8],[-3,0],[0,-8],[-3,0]],[[5053,7382],[0,0]],[[5053,7382],[-2,0]],[[5042,7195],[0,0]],[[5048,7257],[0,-8],[3,0]],[[5051,7249],[0,0]],[[5051,7249],[0,-8]],[[5051,7241],[-3,0],[3,0]],[[5051,7241],[0,-7],[0,-8],[-3,0]],[[5051,7241],[0,0]],[[5048,7226],[0,0]],[[5048,7226],[0,-8],[-3,0],[0,-8],[-3,0],[0,-8],[0,-7]],[[5121,7398],[0,8]],[[5119,7398],[2,0]],[[5110,7366],[0,8],[3,0],[0,8],[0,8],[3,0],[3,8]],[[5119,7398],[-3,0],[3,0]],[[5121,7406],[0,7],[0,8]],[[5119,7468],[-3,0],[0,8]],[[5124,7452],[0,8],[-3,0],[0,8],[-2,0]],[[5119,7468],[0,0]],[[5121,7437],[3,0],[0,8],[0,7]],[[5121,7437],[0,0]],[[5121,7421],[0,8],[-2,0],[0,8],[2,0]],[[5073,7452],[0,-7],[3,0]],[[5076,7445],[0,-8],[-3,0]],[[5076,7445],[0,0]],[[5073,7437],[0,0]],[[5073,7437],[0,-8]],[[5073,7429],[-3,0]],[[5070,7429],[-2,-8]],[[5113,7476],[3,0]],[[5110,7476],[3,0]],[[5102,7484],[0,-8]],[[5099,7476],[3,0]],[[5104,7476],[3,0]],[[5102,7476],[2,0]],[[5110,7476],[0,0]],[[5107,7476],[3,0]],[[5093,7476],[3,0]],[[5090,7476],[3,0]],[[5096,7476],[0,0]],[[5099,7476],[0,0]],[[5096,7476],[3,0]],[[5087,7476],[3,0]],[[5085,7476],[2,0]],[[5085,7476],[0,0]],[[5093,7366],[0,0]],[[5102,7359],[-3,0],[0,7],[-3,0]],[[5096,7366],[-3,0]],[[5110,7366],[-3,0],[-3,0]],[[5104,7366],[0,0]],[[5104,7366],[0,-7],[-2,0]],[[5070,7421],[-2,0]],[[5073,7413],[0,8],[-3,0]],[[5070,7421],[0,0]],[[5076,7413],[0,0]],[[5076,7413],[-3,0]],[[5079,7413],[-3,0]],[[5085,7406],[-3,0],[3,0]],[[5085,7406],[-3,0],[0,7],[-3,0]],[[5079,7413],[0,0]],[[5087,7398],[-2,8]],[[5085,7406],[0,0]],[[5187,7281],[-3,0],[-3,0],[0,-8],[0,-8]],[[5181,7265],[-3,0]],[[5178,7265],[-3,0],[0,-8]],[[5178,7257],[-3,0]],[[5175,7257],[-3,-8],[-2,0]],[[5187,7304],[0,8],[-3,0]],[[5184,7312],[0,0]],[[5198,7304],[0,8]],[[5198,7312],[-3,0]],[[5195,7312],[0,0]],[[5195,7312],[-3,0],[-3,0],[0,-8],[-2,0]],[[5204,7304],[-3,0]],[[5201,7304],[-3,0]],[[5207,7296],[-3,8]],[[5204,7304],[0,0]],[[5405,7499],[0,0]],[[5402,7491],[0,8],[3,0]],[[5394,7499],[0,-8]],[[5394,7491],[3,0]],[[5385,7484],[3,0]],[[5388,7484],[3,0],[0,7],[3,0]],[[5399,7491],[3,0]],[[5397,7491],[2,0]],[[5388,7468],[-3,0],[3,0]],[[5388,7468],[-3,0],[0,8],[3,0],[0,8]],[[5382,7445],[0,7],[3,0],[3,0],[0,8],[3,0],[-3,0],[0,8]],[[5388,7468],[0,0]],[[5229,7374],[0,0]],[[5238,7374],[-3,0]],[[5235,7374],[-3,0],[-3,0]],[[5235,7374],[0,0]],[[5238,7374],[0,0]],[[5229,7374],[-3,0],[0,-8],[3,0]],[[5229,7366],[0,-7]],[[5229,7359],[3,0],[-3,0]],[[5229,7366],[0,0]],[[5229,7359],[0,0]],[[5229,7359],[-3,0]],[[5226,7359],[-2,0]],[[5224,7359],[0,-8]],[[5226,7359],[0,0]],[[5224,7351],[-3,0]],[[5221,7351],[-3,0]],[[5218,7351],[0,0]],[[5218,7351],[-3,-8]],[[5212,7304],[0,0]],[[5215,7343],[-3,-8]],[[5212,7335],[0,0]],[[5212,7335],[-3,0],[0,-8]],[[5209,7327],[3,0],[-3,0]],[[5209,7327],[-2,0]],[[5207,7327],[0,-7]],[[5207,7320],[-3,0]],[[5207,7320],[0,-8],[2,0]],[[5209,7312],[3,0],[0,-8]],[[5209,7312],[0,0]],[[5212,7304],[0,-8]],[[5212,7296],[-3,8]],[[5209,7304],[-2,-8]],[[5065,7624],[-3,0],[0,8],[0,8],[-3,0]],[[5059,7640],[-3,0],[0,-8],[-3,0],[-2,0]],[[5051,7632],[0,0]],[[5051,7632],[-3,0]],[[5068,7616],[-3,8]],[[5065,7624],[0,0]],[[5073,7616],[-3,0],[0,8],[-2,0]],[[5068,7624],[0,-8]],[[5073,7616],[0,0]],[[5246,7585],[0,8],[3,8],[3,8],[0,7],[3,8]],[[5155,7765],[3,0],[3,-8]],[[5153,7757],[2,0],[0,8]],[[5153,7765],[0,-8]],[[5147,7757],[3,0],[3,0]],[[5164,7757],[3,0]],[[5161,7757],[3,0]],[[5147,7757],[0,0]],[[5144,7757],[3,0]],[[5141,7757],[3,0]],[[5141,7757],[0,0]],[[5167,7757],[0,0]],[[5138,7765],[0,-8],[3,0]],[[5107,7187],[0,-8],[-3,0]],[[5113,7187],[0,0]],[[5104,7179],[0,0]],[[5104,7179],[-2,0]],[[5374,5898],[0,-8],[-3,-16],[0,-15],[0,-8],[3,0]],[[6505,6663],[3,0],[0,8]],[[6502,6663],[3,0]],[[6491,6632],[0,8],[3,0],[3,8],[3,0],[0,8],[0,7],[2,0]],[[7574,5828],[3,0]],[[7580,5828],[3,-8]],[[7577,5828],[3,0]],[[7586,5820],[3,0]],[[7583,5820],[3,0]],[[7591,5820],[3,0]],[[7589,5820],[2,0]],[[3392,1156],[0,-8],[-3,-7],[3,0],[2,-8]],[[3394,1133],[0,8],[3,0]],[[5788,1929],[0,-7],[-3,0]],[[5785,1922],[-3,0],[0,7]],[[5830,2195],[3,0],[-3,0]],[[5830,2195],[0,8]],[[5830,2203],[3,0],[-3,0]],[[5830,2195],[-2,0],[2,0]],[[5830,2195],[0,0]],[[5779,1883],[0,0]],[[5839,2133],[3,0],[0,7]],[[5842,2140],[-3,0],[0,-7]],[[5839,2133],[0,0]],[[5748,1937],[0,-15]],[[5748,1922],[6,0],[0,15]],[[5794,2242],[-3,8]],[[5791,2250],[0,-8],[3,0]],[[5794,2242],[2,0]],[[5794,2242],[0,0]],[[5969,2898],[3,0],[0,8],[3,0],[3,0],[8,8],[3,0],[0,8],[3,15],[3,0],[0,8]],[[5967,2898],[2,0]],[[5964,3140],[3,-15],[0,-8],[0,-8]],[[5967,3109],[-3,0],[-3,8],[-3,0]],[[5958,3117],[-3,0],[-3,-8],[-3,0]],[[5949,3109],[-2,0]],[[5947,3109],[0,-8]],[[5941,3109],[0,0]],[[5941,3109],[-3,0],[0,-8],[-3,0],[0,-8],[-3,-7],[3,0],[3,-16],[0,-8],[0,-8],[3,0],[3,-7],[3,-24],[-3,0]],[[5947,3101],[-3,8]],[[5944,3109],[-3,0]],[[5944,3023],[0,0]],[[5944,3023],[-3,0],[-3,0],[0,-8]],[[5938,3015],[-3,0]],[[5935,3015],[-3,-7]],[[5932,3008],[3,0]],[[5935,3008],[0,0]],[[5932,3008],[3,-8],[-3,0]],[[5932,3000],[0,-8]],[[5932,3000],[-2,0]],[[5930,3000],[0,0]],[[5930,3000],[0,-8],[-3,0]],[[5927,2992],[0,-8]],[[5927,2992],[-3,-8],[-3,-8],[0,-8]],[[5921,2968],[-3,0]],[[5918,2968],[0,-7],[-3,0],[0,-8]],[[5955,2843],[0,0]],[[5955,2836],[0,7]],[[5955,2836],[0,0]],[[5952,2828],[3,0],[0,8]],[[5952,2828],[0,0]],[[5944,2804],[3,0],[0,8],[2,0],[0,8],[0,8],[3,0]],[[5944,2804],[0,0]],[[5941,2804],[3,0]],[[5955,2843],[3,0],[0,8],[3,0],[0,8],[0,8],[0,8],[0,8],[3,0],[0,7],[3,0],[0,8]],[[5587,5570],[-6,-16],[0,-15],[3,-16],[-3,-24],[-6,0],[-8,-15],[-6,-8],[-6,-8],[-3,0],[-8,0],[0,-23],[-17,-71],[-14,-78],[-23,-109]],[[5643,5492],[-25,-133],[5,-47],[6,-55],[0,-31],[0,-31],[-3,-31],[6,-55],[3,-24],[-3,-7]],[[5487,4929],[6,-39]],[[5493,4929],[0,24],[6,0],[5,31],[3,8],[0,15],[6,39],[5,55],[6,23]],[[5473,4804],[0,0]],[[5527,4765],[0,16],[-3,0],[0,8],[0,7],[-3,8],[-3,8],[-11,16]],[[5507,4828],[-3,-8],[-3,-8]],[[5501,4812],[-5,8]],[[5496,4820],[-6,-8]],[[5490,4812],[-3,0],[-3,0]],[[5484,4812],[-2,0],[-3,0],[-3,0],[-3,-8]],[[5541,4750],[-6,7],[-2,8],[-3,0]],[[5530,4765],[-3,0]],[[5626,4875],[3,-8]],[[5638,4867],[0,-8],[2,0],[0,-8],[0,-8],[6,0]],[[5629,4867],[3,0],[6,0]],[[5663,4859],[3,-8],[3,0]],[[5652,4843],[3,0],[2,8],[3,8],[3,0]],[[5649,4843],[3,0]],[[5646,4843],[3,0]],[[5487,4929],[-5,0],[-9,-8]],[[5473,4921],[0,0]],[[5473,4921],[-3,0]],[[5547,4601],[3,0]],[[5550,4601],[0,-8]],[[5552,4593],[0,-8],[3,0],[0,-7],[3,0],[0,-8],[3,0],[3,0],[3,0],[0,-8],[-3,0],[0,-8],[-3,0]],[[5550,4593],[2,0]],[[5561,4554],[0,0]],[[5561,4554],[0,-8],[-3,0],[0,-7],[3,0],[0,-8],[0,-8],[3,0],[0,-8],[0,-8],[0,-7],[0,-8],[3,-8],[0,-8]],[[5541,4617],[3,0],[3,-8],[3,0],[0,-8]],[[5547,4601],[-3,0]],[[5544,4601],[0,0]],[[5544,4601],[-3,0]],[[5541,4601],[0,0]],[[5541,4601],[-3,0],[0,-8],[0,-8],[-3,-7],[0,-8],[3,0],[0,-8],[-3,0]],[[5521,4656],[0,-8],[0,-8],[3,0],[0,-8],[3,0]],[[5516,4648],[2,0],[3,8]],[[5510,4648],[6,0]],[[5527,4632],[3,0],[0,-7]],[[5527,4632],[0,0]],[[5533,4625],[2,0]],[[5530,4625],[3,0]],[[5535,4625],[3,0],[0,-8]],[[5535,4625],[0,0]],[[5541,4617],[0,0]],[[5538,4617],[3,0]],[[4909,6874],[-3,0],[-3,0],[-3,-7]],[[4900,6867],[0,0]],[[4900,6867],[-3,0],[0,-8],[-2,0],[0,-8],[-3,0],[0,-8],[3,0],[0,-8],[-3,-8]],[[4861,6827],[-3,0],[0,8],[-3,0]],[[4866,6820],[-3,0],[0,7],[-2,0]],[[4861,6827],[0,0]],[[4875,6812],[0,8],[-3,0],[-3,0],[0,7]],[[4869,6827],[-3,-7]],[[4855,6835],[-3,0]],[[4889,6827],[0,8]],[[4889,6835],[-3,0],[-3,0],[0,-8],[0,-7],[-3,0],[-2,0],[-3,-8]],[[4892,6827],[0,0]],[[4892,6827],[-3,0]],[[4912,6929],[2,0]],[[4912,6929],[0,0]],[[4917,6929],[0,-8],[-3,0],[3,0],[0,-8]],[[4914,6913],[0,0]],[[4914,6913],[-2,0],[0,-7]],[[4912,6906],[2,0],[0,-8],[-2,0]],[[4917,6913],[0,0]],[[4917,6913],[-3,0]],[[4912,6898],[0,8]],[[4912,6906],[-3,-8],[3,0]],[[4912,6898],[0,-8]],[[4912,6890],[2,0],[-2,0]],[[4912,6890],[0,0]],[[4912,6890],[0,-8],[-3,0],[0,-8]],[[4914,6929],[3,0]],[[4909,6874],[0,0]],[[4883,6999],[-3,0],[-2,0],[0,8],[-3,8]],[[4875,7015],[-3,0],[0,-8],[-3,0],[-3,0],[0,-8],[-3,0],[-2,0]],[[4861,6999],[0,-8]],[[4886,6999],[0,0]],[[4886,6999],[-3,0]],[[4889,6999],[-3,0]],[[4858,6991],[0,8],[-3,0]],[[4861,6999],[-3,-8]],[[4858,6991],[0,0]],[[4895,6991],[-3,0],[-3,8]],[[4900,6984],[-3,7]],[[4897,6991],[3,8],[-3,0]],[[4897,6999],[0,-8]],[[4897,6991],[-2,0]],[[4963,6991],[0,0]],[[4960,6984],[3,0],[0,7]],[[4926,6999],[3,0]],[[4929,6999],[0,-8]],[[4923,6991],[3,0],[0,8]],[[4931,6999],[3,0]],[[4934,6999],[0,-8]],[[4929,6999],[2,0]],[[4934,6999],[3,0],[0,-8],[3,0],[3,0]],[[4920,6991],[3,0]],[[4943,6991],[0,-7],[3,0]],[[4943,6991],[0,0]],[[4946,6984],[2,0],[0,-8]],[[4948,6976],[-2,0]],[[4946,6976],[-3,0],[-3,-8],[3,0]],[[4946,6984],[0,0]],[[4960,6984],[0,0]],[[4957,6976],[0,8],[3,0]],[[4954,6984],[0,-8]],[[4954,6976],[3,0]],[[4951,6976],[3,0]],[[4943,6968],[3,0],[0,8]],[[4948,6976],[3,0]],[[4954,7031],[-3,0],[3,0]],[[4954,7031],[0,7],[-3,0],[0,8],[3,0],[-3,0],[3,0],[0,8],[0,8],[-3,0],[0,8]],[[4957,7023],[-3,0],[0,8]],[[4954,7031],[0,0]],[[4957,7015],[0,8]],[[4957,7023],[0,0]],[[4960,6991],[0,8]],[[4960,6999],[3,8],[-3,0],[0,8],[-3,0]],[[4957,7015],[0,0]],[[4963,6991],[0,8]],[[4963,6999],[-3,0]],[[4937,7038],[0,8],[3,0],[-3,0],[3,0],[0,8],[3,0],[3,8],[2,0],[0,8],[3,0]],[[4934,7038],[3,0]],[[4931,7031],[3,0],[0,7]],[[4931,7023],[0,8]],[[4929,7023],[2,0]],[[4926,7007],[3,0],[0,8],[0,8]],[[4926,7007],[0,0]],[[4923,6999],[3,8]],[[4923,6999],[0,0]],[[4920,6991],[3,8]],[[4858,7202],[-3,0],[0,-7],[0,-8]],[[4855,7187],[-3,0]],[[4852,7187],[0,-8],[-3,-8]],[[4855,7171],[3,0],[0,-8],[3,0],[0,-7],[-3,0]],[[4852,7171],[3,0]],[[4849,7171],[3,0]],[[4858,7156],[0,-8]],[[4858,7148],[0,0]],[[4858,7148],[-3,0],[-3,-8]],[[4852,7140],[0,-8]],[[4852,7140],[0,0]],[[4931,7195],[0,7]],[[4931,7202],[0,8],[-2,0],[-3,0],[0,8],[-3,0]],[[4923,7218],[0,-8],[-3,0]],[[4920,7210],[0,0]],[[4920,7210],[-3,0]],[[4917,7210],[0,0]],[[4934,7195],[-3,0]],[[4934,7195],[0,7],[-3,0]],[[4917,7210],[-3,8],[0,8]],[[4951,7218],[0,8],[-3,0]],[[4948,7226],[-2,0],[0,-8],[-3,0]],[[4951,7218],[0,0]],[[4954,7218],[-3,0]],[[4943,7218],[0,0]],[[4943,7218],[-3,-8],[-3,0],[0,-8],[3,0]],[[4940,7202],[3,0]],[[4940,7202],[0,0]],[[4943,7202],[0,-7],[-3,0],[-3,0]],[[4937,7195],[0,0]],[[4937,7195],[-3,0]],[[4963,7210],[-3,0],[3,8],[-3,0],[0,8]],[[4960,7226],[3,0]],[[4960,7226],[-3,0]],[[4957,7226],[-3,0]],[[4965,7210],[0,0]],[[4965,7210],[-2,0]],[[4963,7202],[2,0],[0,8]],[[4960,7202],[3,0]],[[4960,7195],[-3,7],[3,0]],[[4963,7195],[-3,0]],[[4963,7195],[0,7]],[[4960,7202],[0,0]],[[4960,7202],[0,-7]],[[4971,7179],[0,8]],[[4968,7187],[-3,0],[0,8],[-2,0]],[[4963,7195],[0,0]],[[4985,7202],[3,0]],[[4997,7226],[2,0],[0,8],[3,0]],[[4997,7226],[0,0]],[[4991,7202],[0,8],[3,0],[0,8],[3,0],[0,8]],[[4988,7210],[0,-8]],[[4988,7202],[3,0]],[[4988,7202],[0,0]],[[4982,7179],[3,0],[0,8],[0,8],[3,0],[0,7]],[[4982,7187],[0,-8]],[[4980,7179],[2,0]],[[4982,7171],[0,8]],[[4912,6874],[-3,0]],[[4920,6859],[-3,0],[0,8],[-3,0],[-2,0],[0,7]],[[4912,6874],[0,0]],[[4929,6843],[0,8]],[[4929,6851],[-3,0],[-3,0],[0,8],[-3,0]],[[4974,6859],[-3,0]],[[4980,6827],[2,8],[0,8],[-2,0],[0,8],[-3,0],[0,8]],[[4977,6859],[-3,0]],[[4971,6859],[-3,0]],[[4965,6851],[0,8]],[[4965,6859],[-2,0]],[[4963,6859],[0,0]],[[4963,6859],[-3,0],[-3,0]],[[4957,6859],[-3,0],[0,-8],[-3,0]],[[4968,6859],[0,0]],[[4968,6859],[-3,0]],[[4951,6851],[-3,8]],[[4948,6859],[0,-8]],[[4946,6851],[-3,0]],[[4943,6851],[-3,0]],[[4948,6851],[-2,0]],[[4946,6851],[0,0]],[[4940,6851],[-9,0]],[[4931,6851],[-2,0]],[[4920,6859],[0,0]],[[4982,6820],[-2,0],[0,7]],[[4985,6820],[-3,0]],[[4985,6820],[3,-8]],[[4988,6812],[0,0]],[[4991,6812],[3,0],[0,-8],[0,-8],[0,-8],[5,-7]],[[4999,6781],[0,-8]],[[4988,6812],[3,0]],[[4999,6781],[3,-8],[3,0]],[[5017,6976],[0,-8],[0,-8],[-3,-8]],[[5014,6952],[-3,0]],[[5011,6952],[0,-7],[-3,0],[0,-8],[0,-8]],[[5008,6929],[3,0]],[[5011,6929],[3,-8]],[[5011,6929],[0,0]],[[5014,6921],[3,0],[0,-8],[0,-7],[-3,0],[0,-8],[3,0],[0,-8],[2,0]],[[5014,6921],[0,0]],[[5022,6898],[0,-8]],[[5022,6890],[3,0],[0,-8]],[[5019,6890],[3,0]],[[5019,6890],[0,0]],[[5008,6929],[0,0]],[[5025,6882],[-3,0],[3,-8],[-3,0]],[[5022,6874],[0,0]],[[4968,7077],[3,0]],[[4963,7077],[2,0],[3,0]],[[4960,7077],[3,0]],[[4974,7077],[0,-7],[3,0]],[[4971,7077],[3,0]],[[4977,7070],[0,-8]],[[4977,7070],[0,0]],[[4980,7070],[0,-8],[2,0]],[[4977,7070],[3,0]],[[4991,7062],[0,8]],[[4991,7062],[0,0]],[[4988,7062],[3,0]],[[4988,7062],[0,0]],[[4985,7062],[3,0]],[[4982,7062],[3,0]],[[4982,7062],[0,0]],[[4957,7077],[3,0]],[[4954,7077],[3,0]],[[4951,7070],[3,0],[0,7]],[[4951,7070],[0,0]],[[4999,7007],[0,0]],[[5005,7023],[3,0],[0,8],[-3,0],[0,7],[3,0],[-3,0],[0,8]],[[5002,7023],[3,0]],[[4999,7007],[0,8],[3,0],[0,8]],[[5005,7046],[-3,8],[-3,0],[0,8],[-2,0],[0,8],[-3,0]],[[4994,7070],[-3,0]],[[5002,6999],[-3,8]],[[5008,6991],[-3,0],[-3,8]],[[5002,6999],[0,0]],[[5008,6991],[0,0]],[[5011,6984],[0,7]],[[5011,6991],[-3,0]],[[5045,7038],[3,0],[0,-7],[3,0]],[[5042,7031],[3,0],[0,7]],[[5051,7031],[2,0],[3,0]],[[5051,7031],[0,0]],[[5042,7031],[0,0]],[[5042,7023],[-3,0],[0,8],[3,0]],[[5036,6991],[3,0],[0,8],[3,0],[0,8],[0,8],[0,8]],[[5042,7023],[0,0]],[[5036,6991],[0,0]],[[5031,6976],[3,8],[0,7],[2,0]],[[5031,6976],[0,0]],[[5028,6968],[0,8],[3,0]],[[5022,6976],[3,0],[0,-8]],[[5022,6976],[0,0]],[[5019,6976],[3,0]],[[5019,6976],[0,0]],[[5025,6968],[3,0]],[[5062,7101],[-3,0],[0,8],[3,0],[0,7],[3,0],[3,0],[0,8],[0,8],[2,0],[0,8],[0,8],[0,8],[3,0],[-3,7],[0,8],[3,8],[-3,0],[0,8]],[[5059,7085],[0,8],[3,0],[0,8]],[[5062,7101],[0,0]],[[5056,7031],[0,7],[3,0],[0,8],[-3,0],[3,0],[0,8],[-3,0],[0,8]],[[5062,7070],[0,7],[0,8],[-3,0]],[[5056,7062],[3,0],[0,8],[3,0]],[[5025,7640],[0,0]],[[5025,7640],[-3,0]],[[5022,7640],[-3,0]],[[5019,7640],[0,-8],[0,-8],[0,-8],[0,-7],[3,0],[0,-8],[-3,0],[-2,0],[0,-8],[0,-8]],[[5017,7585],[-3,0]],[[4991,7570],[0,-8],[-3,0]],[[4988,7562],[0,0]],[[4988,7562],[-3,0]],[[4985,7562],[0,0]],[[4985,7562],[-3,0]],[[4982,7562],[0,0]],[[4982,7562],[-2,0]],[[5073,7616],[3,0],[0,-7]],[[5076,7609],[-3,0]],[[5068,7577],[0,0]],[[5073,7609],[0,-8],[0,-8],[0,-8],[-3,0],[0,-8],[-2,0]],[[5068,7577],[-3,-7],[-3,0]],[[5062,7570],[0,0]],[[5062,7570],[-3,0],[-3,0]],[[5053,7538],[-2,0]],[[5051,7538],[0,-8],[-3,0]],[[5048,7530],[-3,0]],[[5045,7530],[0,0]],[[5045,7530],[-3,0]],[[5042,7530],[-3,0],[-3,0]],[[5036,7530],[0,0]],[[5036,7530],[-2,0],[0,-7],[2,0],[-2,0],[-3,0]],[[5048,7530],[0,0]],[[5025,7523],[0,0]],[[5031,7523],[-3,0]],[[5028,7523],[-3,0]],[[5022,7468],[0,8]],[[5022,7476],[-3,-8]],[[5028,7468],[-3,0]],[[5025,7468],[-3,0]],[[5076,7507],[0,-8],[0,-8],[3,0],[0,-7],[3,0],[3,0],[0,-8]],[[5085,7476],[-3,0]],[[5082,7476],[0,0]],[[5082,7476],[-3,0],[0,-8]],[[5079,7468],[-3,0]],[[5076,7468],[-3,-8],[0,-8]],[[5073,7452],[0,0]],[[5036,7390],[-2,0]],[[5034,7390],[0,0]],[[5034,7390],[-3,0]],[[5039,7382],[0,8],[-3,0]],[[5036,7390],[0,0]],[[5045,7374],[-3,0],[0,8],[-3,0]],[[5039,7382],[0,0]],[[5051,7374],[-3,0]],[[5048,7374],[0,0]],[[5048,7374],[-3,0]],[[5051,7382],[0,-8]],[[5087,7398],[0,0]],[[5087,7382],[-2,0],[2,0]],[[5087,7382],[0,8],[-2,0],[2,0],[0,8]],[[5087,7374],[0,8]],[[5087,7382],[0,0]],[[5093,7366],[-3,0]],[[5090,7366],[0,8]],[[5090,7374],[-3,0]],[[5090,7366],[0,-7],[0,-8]],[[5090,7351],[-3,0]],[[5087,7351],[0,-8],[-2,0],[-3,-8]],[[5082,7335],[-3,-8],[0,-7]],[[5079,7320],[3,0]],[[5082,7320],[0,0]],[[5079,7320],[-3,0]],[[5076,7320],[0,-8],[0,-8],[0,-8]],[[5076,7296],[-3,0]],[[5073,7296],[-3,0]],[[5070,7288],[-2,8]],[[5068,7296],[-3,0]],[[5070,7296],[0,-8]],[[5065,7296],[0,0]],[[5065,7296],[-3,-8],[-3,0]],[[5059,7288],[-3,0]],[[5056,7288],[-3,0]],[[5053,7288],[0,0]],[[5053,7281],[-2,0],[0,7]],[[5051,7288],[-3,0],[0,-7]],[[5053,7288],[0,-7]],[[5048,7281],[-3,0]],[[5045,7281],[0,-8],[0,-8],[-3,0],[3,0],[-3,-8],[3,0]],[[5045,7257],[3,0]],[[5045,7257],[0,0]],[[5113,7343],[-3,0],[3,8],[-3,0],[0,8],[0,7]],[[5147,7304],[0,0]],[[5136,7335],[2,0],[0,-8],[0,-7],[0,-8],[3,-8]],[[5144,7304],[3,0]],[[5141,7304],[3,0]],[[5147,7304],[-3,-8]],[[5144,7296],[3,0]],[[5144,7296],[0,0]],[[5147,7296],[0,-8],[0,-7],[-3,0]],[[5147,7296],[0,0]],[[5144,7281],[-3,0],[0,-8]],[[5138,7273],[0,0]],[[5138,7273],[-2,0],[2,0]],[[5138,7273],[0,-8],[-2,0]],[[5141,7273],[0,0]],[[5141,7273],[-3,0]],[[5136,7265],[0,0]],[[5136,7265],[-3,0]],[[5133,7265],[-3,-8]],[[5130,7257],[-3,0]],[[5127,7257],[-3,0],[0,-8],[3,0],[-3,-8]],[[5119,7241],[-3,0]],[[5116,7241],[-3,0]],[[5124,7241],[-3,0]],[[5121,7241],[-2,0]],[[5110,7241],[-3,0]],[[5113,7241],[0,0]],[[5113,7241],[-3,0]],[[5104,7241],[-2,0]],[[5102,7241],[0,-7],[-3,0]],[[5107,7241],[-3,0]],[[5144,7359],[0,7],[3,0]],[[5144,7359],[0,0]],[[5141,7359],[3,0]],[[5138,7359],[3,0]],[[5136,7335],[0,8],[0,8],[2,0],[0,8]],[[5161,7351],[0,-8],[0,-8],[3,0],[0,-8]],[[5184,7312],[0,-8],[0,-8]],[[5184,7296],[3,0],[0,-8]],[[5184,7296],[0,0]],[[5187,7288],[0,0]],[[5187,7288],[0,-7]],[[5161,7468],[-3,0],[0,-8],[0,-8],[0,-7],[-3,0]],[[5155,7445],[0,-8],[0,-8],[0,-8],[3,0],[0,-8],[3,0],[3,-7],[-3,-8]],[[5172,7398],[3,-8],[-3,0],[3,0],[3,-8]],[[5172,7398],[0,0]],[[5170,7398],[2,0]],[[5164,7390],[3,8],[3,0]],[[5164,7398],[0,-8]],[[5161,7390],[0,8]],[[5161,7398],[3,0]],[[5198,7484],[3,0]],[[5192,7484],[3,0],[3,0]],[[5192,7484],[0,0]],[[5187,7460],[0,8],[2,0],[0,8],[0,8],[3,0]],[[5181,7468],[3,0],[0,-8],[3,0]],[[5181,7468],[0,0]],[[5175,7468],[3,0]],[[5175,7460],[0,8]],[[5178,7468],[3,0]],[[5178,7468],[0,0]],[[5207,7546],[0,8],[-3,0],[0,8],[3,0],[0,8]],[[5207,7570],[-3,0]],[[5204,7570],[0,0]],[[5201,7523],[0,7],[3,0],[3,8],[0,8]],[[5201,7523],[0,0]],[[5062,7671],[0,0]],[[5065,7671],[3,0]],[[5062,7671],[3,0]],[[5068,7671],[0,-8],[2,0],[3,0],[0,-8]],[[5073,7655],[-3,0],[3,0]],[[5068,7671],[0,0]],[[5136,7593],[2,0],[0,8],[0,8],[-2,0],[0,7]],[[5133,7616],[0,0]],[[5136,7593],[0,0]],[[5133,7585],[3,0],[0,8]],[[5133,7585],[0,0]],[[5136,7570],[-3,0]],[[5133,7570],[0,7],[-3,0],[0,8],[3,0]],[[5133,7562],[0,8]],[[5184,7601],[3,0],[2,-8]],[[5189,7593],[-2,0],[2,0]],[[5189,7593],[3,-8],[-3,0],[3,0],[0,-8]],[[5189,7593],[0,0]],[[5192,7577],[3,0]],[[5195,7577],[0,-7]],[[5192,7577],[0,0]],[[5198,7577],[0,-7],[3,0]],[[5195,7577],[3,0]],[[5201,7570],[3,0]],[[5201,7570],[0,0]],[[5181,7601],[3,0]],[[5181,7601],[0,0]],[[5172,7593],[6,8],[3,0]],[[5204,7726],[0,0]],[[5201,7718],[3,8]],[[5195,7726],[3,0]],[[5192,7695],[0,7],[3,0],[-3,0],[3,8],[0,8],[0,8]],[[5198,7726],[3,0],[0,-8]],[[5198,7726],[0,0]],[[5192,7655],[0,8],[-3,0],[0,8],[3,0],[0,8],[0,8],[0,8]],[[5201,7640],[-3,0],[-3,8],[-3,0],[0,7]],[[5207,7632],[-3,8],[-3,0]],[[5201,7640],[0,0]],[[5252,7624],[0,8],[0,8]],[[5255,7624],[0,0]],[[5255,7624],[-3,0]],[[5170,7757],[0,0]],[[5167,7726],[0,8],[3,0],[0,7],[0,8],[2,0],[-2,0],[0,8]],[[5167,7726],[0,0]],[[5167,7710],[0,8],[-3,0],[3,0],[0,8]],[[5167,7726],[-3,0],[3,0]],[[5147,7632],[0,8],[3,0],[0,8]],[[5099,7741],[0,8],[-6,8],[-3,8]],[[5102,7695],[0,7],[-3,0]],[[5099,7702],[0,8]],[[5099,7695],[0,7]],[[5096,7687],[3,8]],[[5138,7687],[3,0],[0,-8],[3,-8]],[[5147,7671],[0,-8]],[[5144,7671],[3,0]],[[5147,7663],[3,8]],[[5136,7687],[2,0]],[[5124,7687],[3,0]],[[5124,7687],[0,0]],[[5136,7687],[0,0]],[[5133,7687],[3,0]],[[5130,7687],[3,0]],[[5130,7687],[0,0]],[[5127,7687],[3,0]],[[5127,7687],[0,0]],[[5119,7624],[0,0]],[[5121,7616],[-2,0],[0,8]],[[5130,7609],[0,7]],[[5130,7616],[-3,0],[0,-7]],[[5121,7616],[0,0]],[[5121,7609],[-2,0],[2,0]],[[5121,7609],[0,7]],[[5133,7616],[-3,-7]],[[5127,7609],[-6,0]],[[5121,7609],[0,0]],[[5116,7624],[-3,0]],[[5113,7624],[-3,0],[-3,0]],[[5119,7624],[-3,0]],[[5116,7624],[0,0]],[[5107,7624],[0,8],[-3,0]],[[5275,7421],[0,8],[0,8]],[[5275,7437],[-3,0]],[[5275,7413],[0,8]],[[5297,7452],[0,0]],[[5294,7429],[0,8],[3,8],[0,7]],[[5300,7398],[0,8],[-3,0],[0,7]],[[5297,7421],[-3,0],[3,0]],[[5297,7421],[-3,0],[0,8]],[[5297,7413],[0,8]],[[5297,7421],[0,0]],[[5297,7413],[0,0]],[[5297,7390],[3,8]],[[5300,7398],[-3,0],[3,0]],[[5294,7398],[0,-8],[3,0]],[[5292,7390],[0,8],[2,0]],[[5294,7382],[-2,0],[0,8]],[[5292,7390],[0,0]],[[5269,7296],[0,0]],[[5283,7327],[0,-7],[-3,0],[0,-8],[0,-8],[-3,0]],[[5277,7304],[0,0]],[[5277,7304],[0,-8]],[[5277,7296],[-2,0],[-3,0]],[[5272,7296],[-3,0]],[[5277,7296],[0,0]],[[5286,7327],[0,0]],[[5286,7327],[-3,0]],[[5294,7327],[-2,0]],[[5292,7327],[-3,0]],[[5289,7327],[0,0]],[[5289,7327],[-3,0]],[[5320,7374],[0,0]],[[5314,7343],[0,8],[3,0],[0,8],[-3,0],[3,7],[0,8],[3,0]],[[5314,7343],[0,0]],[[5311,7343],[3,0]],[[5311,7343],[0,0]],[[5323,7374],[0,0]],[[5320,7374],[3,0]],[[5331,7374],[0,0]],[[5323,7374],[3,0]],[[5328,7374],[0,0]],[[5326,7374],[2,0]],[[5328,7374],[3,0]],[[5348,7359],[0,0]],[[5340,7366],[3,0],[2,0]],[[5337,7366],[3,0]],[[5337,7366],[0,0]],[[5345,7366],[0,-7],[3,0]],[[5345,7366],[0,0]],[[5334,7374],[3,-8]],[[5331,7374],[3,0]],[[5354,7366],[0,0]],[[5351,7359],[3,7]],[[5354,7366],[3,0],[0,-7],[3,0]],[[5348,7359],[3,0]],[[5371,7366],[3,0],[0,-7]],[[5371,7359],[0,7]],[[5371,7359],[0,0]],[[5371,7374],[0,-8]],[[5368,7374],[3,0]],[[5357,7429],[0,-8],[-3,0],[-3,-8],[3,-7],[-3,0],[0,-8],[3,0]],[[5357,7429],[3,0],[0,-8]],[[5360,7421],[0,0]],[[5362,7421],[0,0]],[[5365,7421],[0,0]],[[5362,7421],[3,0]],[[5360,7421],[2,0]],[[5348,7484],[0,0]],[[5348,7484],[3,0]],[[5351,7484],[0,-8]],[[5351,7476],[0,0]],[[5351,7476],[-3,0],[0,-8]],[[5411,7491],[0,0]],[[5411,7484],[-3,0]],[[5411,7484],[3,0],[0,7],[-3,0]],[[5405,7476],[3,8]],[[5402,7445],[0,0]],[[5402,7445],[0,7],[3,0],[0,8],[-3,0],[-3,8],[3,0],[3,8]],[[5408,7429],[0,8],[-3,0],[0,8],[-3,0]],[[5411,7429],[-3,0]],[[5408,7429],[0,0]],[[5422,7421],[-3,0],[0,8]],[[5314,7335],[-3,0]],[[5311,7335],[0,0]],[[5317,7335],[-3,0]],[[5314,7335],[0,0]],[[5320,7335],[-3,0]],[[5317,7335],[0,0]],[[5320,7320],[-3,0],[3,7],[0,8]],[[5331,7327],[3,-7],[3,0],[0,-8]],[[5326,7320],[2,0],[0,7],[3,0]],[[5337,7312],[3,0]],[[5340,7312],[3,0]],[[5337,7312],[0,0]],[[5343,7312],[2,0],[0,-8],[3,0]],[[5343,7312],[0,0]],[[5348,7304],[3,-8]],[[5351,7296],[0,0]],[[5354,7304],[3,-8]],[[5351,7296],[0,8],[3,0]],[[5357,7296],[0,0]],[[5362,7296],[0,0]],[[5360,7296],[2,0]],[[5357,7296],[3,0]],[[5368,7296],[0,0]],[[5362,7296],[6,0]],[[5374,7304],[3,0]],[[5374,7304],[0,0]],[[5371,7304],[3,0]],[[5368,7296],[3,0],[-3,0]],[[5368,7296],[0,8],[3,0]],[[5377,7304],[0,0]],[[5379,7304],[0,-8]],[[5377,7304],[2,0]],[[5379,7296],[3,0]],[[5382,7296],[0,0]],[[5382,7296],[0,-8],[0,-7]],[[5402,7257],[-3,0]],[[5397,7257],[0,0]],[[5397,7257],[2,0]],[[5399,7257],[0,0]],[[5399,7257],[0,-8],[3,0]],[[5402,7249],[3,0],[3,-8]],[[5402,7249],[0,0]],[[5411,7241],[0,8],[3,0]],[[5408,7241],[3,0]],[[5408,7241],[0,0]],[[5414,7249],[0,-8],[-3,0]],[[5411,7241],[3,0],[0,-7],[2,-8]],[[5425,7195],[3,0],[-3,0]],[[5425,7195],[0,-8]],[[5391,7226],[-3,0],[0,-8]],[[5391,7218],[0,-8],[-3,0],[0,-8]],[[5388,7202],[3,0],[-3,0]],[[5388,7218],[3,0]],[[5388,7202],[0,0]],[[5388,7202],[-3,-7]],[[5385,7195],[0,0]],[[5425,7187],[0,-8]],[[5425,7179],[-3,0]],[[5422,7179],[0,0]],[[5422,7179],[-3,0]],[[5419,7179],[0,0]],[[5419,7179],[-3,0]],[[5416,7179],[-2,-8],[-3,0],[0,-8]],[[5411,7163],[-3,0]],[[5408,7163],[0,8]],[[5408,7163],[-3,0]],[[5431,7187],[0,-8]],[[5428,7124],[3,0],[0,-8]],[[5431,7116],[2,0]],[[5431,7116],[0,0]],[[5436,7116],[3,0],[3,-7]],[[5433,7116],[3,0]],[[5442,7116],[0,-7]],[[5442,7109],[3,0]],[[5445,7109],[0,0]],[[5419,7140],[0,-8],[3,0]],[[5422,7132],[6,-8]],[[5422,7132],[0,0]],[[5428,7124],[0,0]],[[5419,7140],[0,0]],[[5445,7077],[-3,0],[0,-7],[-3,0]],[[5453,7116],[0,8]],[[5453,7116],[0,0]],[[5450,7109],[3,7]],[[5453,7116],[-3,0],[3,0]],[[5450,7109],[0,0]],[[5448,7109],[2,0]],[[5448,7109],[0,0]],[[5453,7124],[0,0]],[[5456,7124],[3,0]],[[5453,7124],[3,0]],[[5459,7124],[0,-8],[3,0]],[[5462,7116],[-3,0],[3,0]],[[5459,7124],[0,0]],[[5462,7116],[0,0]],[[5479,7077],[0,8],[0,8],[-3,0]],[[5493,7062],[0,-8],[-3,-8],[-3,0],[0,-8]],[[5499,7062],[2,0]],[[5493,7062],[6,0]],[[5493,7062],[0,0]],[[5501,7062],[3,0],[0,-8]],[[5504,7054],[0,0]],[[5504,7054],[0,-8],[3,0]],[[5510,7046],[0,0]],[[5507,7046],[3,0]],[[5510,7046],[0,-8]],[[5524,7031],[0,-8],[0,-8]],[[5527,7015],[0,-8],[3,0]],[[5524,7015],[3,0]],[[5516,6984],[0,0]],[[5521,6984],[0,0]],[[5521,6984],[-3,0]],[[5518,6984],[0,0]],[[5518,6984],[-2,0]],[[5975,1828],[3,0]],[[5972,1828],[3,0]],[[5691,4796],[3,16],[-3,23],[9,24],[8,39],[3,0],[3,0],[3,16]],[[5782,4664],[0,7],[0,24],[-5,31],[-6,8],[-6,23],[0,55],[3,8],[0,23],[-3,32]],[[6329,2179],[0,8],[3,8],[6,8],[6,8],[3,8],[2,0]],[[6318,2187],[6,0],[5,-8]],[[6307,2140],[3,8],[2,0],[3,0],[3,16],[0,15],[0,8]],[[6284,2187],[3,0],[0,-8],[3,-7],[0,-8],[3,0],[0,-8],[0,-8],[2,0],[0,-8],[3,0]],[[6304,2148],[3,-8]],[[6298,2140],[3,0],[0,8],[3,0]],[[6307,2148],[0,-8]],[[6341,1984],[-6,0],[-3,-8],[0,-7],[0,-16],[-3,-8],[0,-16],[0,-7],[0,-16],[-2,-8],[-6,-8],[-3,-15]],[[6341,1984],[0,-8]],[[6344,1976],[5,0],[0,-7],[0,-16],[0,-8],[6,-8],[0,-8],[-3,-7],[0,-8],[0,-16],[6,-8],[3,-7]],[[6341,1976],[3,0]],[[6386,2047],[3,0],[0,7],[0,8],[0,8],[-3,16],[-3,15],[0,8]],[[6381,2054],[2,0],[3,-7]],[[6375,2000],[3,0],[0,8],[3,15],[-3,16],[0,8],[0,7],[3,0]],[[6369,2000],[6,0]],[[6341,2156],[6,-8],[2,0]],[[6352,2148],[3,0],[6,0],[5,-8],[0,-7],[3,-8],[0,-8],[3,0]],[[6349,2148],[3,0]],[[6381,2117],[2,-8]],[[6372,2117],[6,0],[3,0]],[[6383,2109],[3,8]],[[6386,2117],[0,-8],[6,0],[3,0]],[[6395,2109],[3,-8],[0,-7],[5,0]],[[6395,2109],[0,0]],[[6406,2094],[3,-8]],[[6403,2094],[3,0]],[[6398,2211],[0,15],[2,0],[0,8],[0,8],[3,8],[3,0]],[[6386,2117],[3,8],[3,8],[0,7],[3,16],[0,23],[0,8],[0,8],[3,16]],[[6381,2211],[-6,0],[-3,15],[0,8]],[[6372,2234],[-3,-8]],[[6369,2226],[-3,8]],[[6366,2234],[-2,-8],[-3,-7],[-6,-8],[-3,0],[-3,0]],[[6398,2211],[-6,0],[0,8],[-3,0]],[[6389,2219],[-3,0],[-3,-8],[-2,0]],[[6386,2390],[3,0],[0,-7],[3,0],[3,-16],[3,-16]],[[6398,2351],[-3,-7],[-3,0],[-3,0]],[[6389,2344],[-3,0],[-3,7],[-2,0]],[[6381,2351],[-3,-7],[-3,0],[-3,-8],[-3,0]],[[6369,2336],[-3,0]],[[6366,2336],[-5,0]],[[6378,2390],[3,0],[5,0]],[[6361,2336],[3,8],[2,15],[3,8],[3,16],[3,7],[3,0]],[[6355,2328],[6,8]],[[6349,2328],[6,0]],[[6409,2320],[-6,8],[-3,8],[0,8],[0,7]],[[6400,2351],[-2,0]],[[6386,2390],[-3,8],[0,8],[-2,8],[-3,8],[-3,15],[-3,16],[0,16]],[[6437,2461],[0,8],[-3,7],[-2,0],[2,8],[3,8],[-3,8],[3,8],[-3,15],[3,8],[0,8],[0,8]],[[6420,2304],[0,16],[3,0],[0,16],[6,8],[0,7],[3,0],[0,16],[-3,23],[-3,8],[0,16],[3,8],[3,7],[2,0],[0,8],[-2,8],[0,8],[2,0],[3,8]],[[6415,2312],[0,-8],[5,0]],[[6406,2304],[6,0],[3,8]],[[6437,2461],[3,8],[6,0],[3,0],[0,7],[0,8],[5,0]],[[6344,2492],[-3,8],[0,15],[0,8]],[[6355,2461],[-3,8],[-3,7],[3,8],[0,8],[-3,0]],[[6349,2492],[-2,0],[-3,0]],[[6341,2523],[-3,8],[-3,0],[0,8],[-3,8],[-3,7],[-2,8],[0,8],[-3,8],[0,8]],[[6392,2547],[3,7],[-3,8],[-3,0],[3,8],[0,8]],[[6383,2554],[3,0],[3,0],[3,-7]],[[6361,2508],[3,0],[0,7],[2,0],[3,8],[3,0],[3,16],[0,15],[3,0],[5,0]],[[6347,2531],[2,-8]],[[6341,2523],[6,8]],[[6355,2523],[0,-8],[3,-7],[3,0]],[[6349,2523],[6,0]],[[6392,2578],[3,0],[3,-8]],[[6400,2570],[3,0],[3,-8],[3,0]],[[6398,2570],[2,0]],[[6392,2578],[0,8],[0,7],[-3,8],[0,16],[-3,16],[0,15]],[[6443,2742],[3,8],[0,15],[3,0],[0,8],[2,0],[0,16],[0,15],[0,8],[0,16],[3,8],[-3,7],[3,0],[0,8],[3,8]],[[6338,2047],[0,-16],[-3,-16],[0,-7]],[[6341,2008],[0,-8],[0,-16]],[[6335,2008],[6,0]],[[6338,2047],[0,0]],[[6349,2219],[0,-8]],[[6349,2297],[0,-8],[0,-8],[0,-8],[0,-8],[0,-7],[0,-8],[0,-8],[0,-8],[0,-8],[0,-7]],[[6349,2211],[0,-8],[-2,0],[2,-8],[-2,0],[0,-8],[-3,0],[0,-8],[0,-7],[0,-8],[-3,0],[0,-8]],[[6341,2156],[-3,0],[0,-8],[0,-8],[-3,0],[-3,0],[3,-7],[0,-8],[0,-8],[0,-8],[0,-8],[-3,0],[0,-7],[-3,0],[0,-8],[-2,-8],[2,0],[-2,-8],[0,-8],[0,-8],[2,0],[0,-7]],[[6352,2078],[0,0]],[[6338,2047],[0,7],[0,8],[6,8],[5,8],[3,0]],[[6355,2078],[3,0]],[[6352,2078],[3,0]],[[6358,2078],[0,-8],[3,0],[3,-16],[0,-7],[2,0],[3,-8],[0,-8],[0,-8],[-3,0],[0,-8],[3,0],[0,-7],[0,-8]],[[6358,2078],[0,0]],[[6335,2047],[3,0]],[[6369,2000],[-3,0],[0,-8],[3,-8],[3,0],[3,-8],[0,-7],[3,0],[3,0],[0,-8],[0,-8]],[[6332,2054],[0,-7]],[[6332,2047],[3,0]],[[6329,2047],[3,7]],[[6335,2047],[0,0]],[[6386,1976],[3,0],[6,-7]],[[6386,1969],[0,7]],[[6383,1969],[3,0]],[[6381,1953],[2,0],[0,8],[0,8]],[[8292,5601],[-3,0]],[[8289,5601],[0,0]],[[8286,5609],[0,0]],[[8289,5593],[3,-8]],[[5504,2469],[0,0]],[[5513,2453],[-9,16]],[[7750,5960],[3,0],[0,8],[3,0],[0,8],[3,0],[0,8],[3,0],[0,-8],[5,8],[3,0],[3,0],[0,8],[0,7],[-3,-7],[0,7],[0,8],[-3,0],[0,8],[0,8],[3,8],[3,0],[0,7],[-9,0],[-2,-7],[-3,0],[-3,0],[-3,0],[-3,0],[-8,-8],[0,-8]],[[7742,6015],[-3,0],[-3,0],[-3,-8],[-3,0],[-2,0],[-3,0],[-3,0],[3,0],[0,-8],[-3,0],[-3,-7],[-3,0],[0,-8],[-5,-8],[0,-8],[-3,-8],[-3,0],[-3,0],[0,-7],[-3,7],[-11,0],[-3,0],[-3,8],[-3,0],[0,-8],[-3,0],[-2,0],[-3,-7],[-3,0],[-3,0],[-3,0]],[[7331,6624],[0,0]],[[7331,6624],[2,-7],[6,0],[0,-8],[3,0],[3,0],[3,0],[0,8],[2,0],[3,-8],[3,0],[3,0],[3,0],[3,-8],[2,0],[6,8],[3,0],[0,8],[3,0],[3,7],[2,0],[0,8],[0,8],[3,0],[3,0],[6,0],[3,0],[2,0],[3,0],[0,-8],[0,-8],[3,-7],[3,0],[3,0],[3,0],[2,0],[3,0],[9,0],[3,0],[2,0],[3,0],[12,15],[5,0],[3,8],[6,0],[3,8],[0,-8],[2,0],[3,8],[3,-8],[3,0],[3,8],[3,0],[2,0],[3,0],[3,8],[0,7],[3,0],[0,8],[3,0],[3,8],[3,0],[2,0],[3,0],[3,8],[6,0],[3,0],[2,0],[3,8],[3,0],[3,-8],[3,0],[5,8],[3,0],[3,0],[3,0],[6,0],[2,7],[3,-7],[6,0],[3,0],[3,0],[2,-8],[3,0],[3,0],[14,-16]],[[7291,6531],[0,7],[5,0],[3,0],[3,0],[0,8],[3,0],[3,0],[3,-8],[3,0],[2,8],[0,8],[0,8],[3,0],[0,8],[-3,0],[0,7],[0,8],[3,0],[0,8],[3,8],[3,0],[0,8],[0,8],[3,0],[0,7]],[[7288,6281],[3,0],[0,7],[-3,0],[0,8]],[[7254,6226],[0,8],[3,0],[0,8],[-3,0],[3,0],[0,7],[-3,0],[0,8],[0,8],[3,0],[0,8],[-3,0],[3,0],[0,8],[3,0],[0,7],[2,0],[3,0],[3,0],[0,8],[3,0],[3,0],[3,-8],[2,0],[3,0],[3,0],[0,-7],[3,0]],[[2983,1008],[0,-8],[3,0],[0,-8],[3,0],[0,-8],[3,0],[0,-8],[0,-7],[-3,0],[3,0],[3,0],[2,0],[3,-8],[3,0],[0,-8],[-3,0],[0,-8],[3,0],[3,0],[3,0],[3,0],[2,8],[3,0],[3,0],[3,0],[0,8],[3,0],[3,-8],[2,0],[3,0]],[[7245,5101],[3,-8],[3,0],[3,0],[3,0],[3,0],[2,0],[3,-8],[0,8],[3,0],[0,8],[3,0],[-3,0],[3,0],[0,8],[3,0],[3,0],[2,0],[3,0],[0,-8],[3,0],[0,8],[0,8],[3,0],[0,-8],[0,8],[3,0],[3,0],[2,0],[0,7],[0,8],[0,8],[0,8],[3,0],[3,0],[3,0],[3,0],[0,8],[3,0],[3,0],[2,0],[0,-8],[3,0],[0,8],[0,8],[3,0],[-3,0],[0,7],[3,8],[3,0],[3,0],[0,-8],[3,0],[0,-7],[2,0],[3,0],[0,7],[-3,8],[0,-8],[-2,8],[0,8],[0,-8],[2,0],[0,8],[3,0],[3,0],[3,-8],[3,8],[0,8],[3,0],[2,0],[3,8],[3,0],[3,7],[3,0],[0,8],[0,8],[3,8],[0,8]],[[7365,5242],[2,0],[3,0],[0,7]],[[7226,6445],[0,7],[-3,8],[-3,8],[-3,0],[-3,8],[-3,0],[0,8],[0,8],[0,7],[-2,0],[0,8],[-3,0],[-3,0],[-3,0],[-3,8],[0,8],[-3,0],[-2,8],[-3,7],[-3,8],[0,8]],[[7260,4945],[0,-8]],[[7260,4937],[0,-8]],[[7257,4937],[3,0]],[[7262,4937],[0,0]],[[7260,4937],[2,0]],[[7251,5281],[0,-8],[0,-8],[0,-8],[0,-8],[-3,0],[0,-7],[0,-8],[-3,0],[0,-8],[3,0],[3,0],[0,-8],[0,8],[3,0],[0,-8],[-3,0],[0,-8],[-3,0],[-3,-15],[0,-8],[3,-8],[-3,0],[0,-8],[0,-7],[0,-8],[0,-8],[0,8],[0,-8],[0,-8],[-2,0],[0,-8],[2,0],[3,0],[0,-8],[3,0],[-3,0],[0,-7],[0,-8],[0,-8],[-3,0]],[[7245,5101],[-2,0],[-3,0],[-3,0],[0,-8],[-3,0],[0,-8],[0,-7],[3,0],[-3,0],[0,-8],[0,-8],[0,-8],[0,-8],[3,0],[0,-7],[0,-8],[0,-8],[-3,0],[-3,0],[-3,8],[-2,0],[0,-8],[2,0],[0,-8],[0,-8],[0,-7],[-2,0],[0,-8],[2,0],[0,-8],[3,0],[0,-8],[0,-8],[3,-8],[3,0],[0,8],[3,0],[3,0],[2,-8],[0,8],[3,0],[0,-8],[-3,0],[-2,-7],[2,0],[-2,0],[0,-8],[2,0],[0,-8],[-2,0],[0,8],[-3,0],[-3,0],[-3,0],[0,8],[0,7],[-3,0],[0,-7],[0,-8],[3,0],[0,-8],[0,-8],[0,-8],[3,8],[0,8],[3,0],[3,0],[0,-8],[0,8],[0,-8],[2,0],[0,-8],[3,0],[3,0],[0,8],[3,0],[3,0],[0,8]],[[7262,4937],[3,0],[0,-8],[0,-8],[3,-7],[3,0],[3,0],[0,-8],[0,-8],[-3,0],[3,0],[0,-8],[3,0],[2,0],[0,-8],[-2,0],[0,-7],[0,-8],[-3,0],[0,-8],[3,0],[-3,0],[-3,0],[0,-8],[0,8],[-3,0],[0,-8]],[[7359,5242],[3,0],[3,0]],[[7365,5242],[2,7],[3,0]],[[7370,5249],[3,8],[3,0],[3,0],[3,0],[2,0],[0,8],[3,0],[0,8],[-3,0],[3,8],[0,8],[0,7],[3,0],[0,-7],[3,0],[0,-8],[0,-8],[3,0],[0,8],[3,0],[0,8],[2,0],[3,0],[0,7],[3,0],[-3,0],[0,8],[3,8],[0,8],[3,0],[0,-8],[3,8],[3,0],[0,8],[-3,0],[0,7],[3,0],[2,0],[-2,0],[2,0],[0,8],[0,-8],[0,8],[3,0],[3,-8],[0,-7],[3,0],[0,7],[-3,0],[3,0],[0,-7],[3,0],[0,-8],[3,0],[2,0],[3,0],[3,0],[3,0],[0,8],[3,0],[0,7],[3,8],[2,0],[0,8],[3,0],[0,-8]],[[7203,6390],[0,8],[0,8],[0,7],[-3,8],[3,0],[3,0],[3,8],[2,0],[0,8],[3,0],[3,8],[3,0],[3,0],[3,0]],[[7226,6445],[2,0],[0,-8],[3,0],[0,-8],[3,0],[3,0],[0,-8],[3,0],[3,0],[2,0],[3,0],[3,0],[0,8],[3,0],[3,0],[0,-8],[3,0],[0,-8],[0,-7],[2,0],[0,-8],[3,0],[0,8],[3,0],[3,0],[0,7],[3,0],[0,-7],[0,-8],[-3,0],[0,-8],[3,0]]],"bbox":[-178.1,-49.3,174.5,78.7],"transform":{"scale":[0.035263526352635265,0.012801280128012802],"translate":[-178.1,-49.3]}}